id,title,description,link,image_link,availability,price,condition,brand,google_product_category,product_type,material,color
pool-001,"Container-Spa-Pool 3.0 x 2.5 m mit Whirlpool - Komplettset","Hochwertiger Container-Spa-Pool mit integriertem Whirlpool. Perfekt fuer Garten und Terrasse. Inklusive Heizung, Filteranlage und Abdeckung. Einfache Installation, sofort einsatzbereit.",https://deutsche-boutique.de/produkt/pool-001,https://gshandels.com/wp-content/uploads/2026/02/container-spa-pool-3x2-5.jpg,in_stock,8999.00 EUR,new,GSHandels,594,"Container Pool","Stahl-Kunststoff","Anthrazit"
pool-002,"6.5 m x 2.5 m Polypropylen-Pool mit 4 m Panoramafenster","Grosser Polypropylen-Pool mit beeindruckendem 4-Meter-Panoramafenster. Langlebiges Material, einfache Wartung. Ideal fuer Schwimmer und Entspannung. Komplett mit Pumpe und Filter.",https://deutsche-boutique.de/produkt/pool-002,https://gshandels.com/wp-content/uploads/2026/02/polypropylen-pool-6-5x2-5.jpg,in_stock,12999.00 EUR,new,GSHandels,594,"Pool","Polypropylen","Blau"
pool-003,"Containerbecken 6.2 x 2.5 m mit Jet Swim Gegenstromanlage","Container-Schwimmbad mit leistungsstarker Jet Swim Gegenstromanlage. Perfekt fuer Fitness-Schwimmen auf kleinem Raum. Robuste Bauweise, wetterfest und langlebig.",https://deutsche-boutique.de/produkt/pool-003,https://gshandels.com/wp-content/uploads/2026/02/container-jet-swim.jpg,in_stock,11499.00 EUR,new,GSHandels,594,"Container Schwimmbad","Stahl-Fiberglas","Grau"
pool-004,"Containerpool 6.11 x 2.5 m mit Waermepumpe - Premium-Paket","Luxurioeser Containerpool mit effizienter Waermepumpe fuer ganzjaehrige Nutzung. Premium-Ausstattung mit LED-Beleuchtung, automatischer Chlorung und Abdeckrollo.",https://deutsche-boutique.de/produkt/pool-004,https://gshandels.com/wp-content/uploads/2026/02/containerpool-waermepumpe.jpg,in_stock,15999.00 EUR,new,GSHandels,594,"Containerpool","Stahl-Isolierung","Weiss"
pool-005,"Mobiler Mini-Schwimmbad-Container 5.25 x 2.55 x 1.26 m","Kompakter mobiler Pool fuer kleine Gaerten und Terrassen. Einfacher Aufbau, winterfest. Perfekt fuer Erholung und leichten Wassersport. Geringer Platzbedarf, maximale Flexibilitaet.",https://deutsche-boutique.de/produkt/pool-005,https://gshandels.com/wp-content/uploads/2026/02/mini-schwimmbad-container.jpg,in_stock,6999.00 EUR,new,GSHandels,594,"Mini Pool","Kunststoff-Aluminium","Blau"
van-001,"Ifor Williams HB 506 - 2-Pferd-Van Premium","Hochwertiger Ifor Williams HB 506 Van fuer 2 Pferde. Spitzenqualitaet aus Wales, extrem robust und langlebig. Ausgestattet mit Lueftungssystem, Trennwand und hochwertiger Bremse. Jahrgang 2020, sehr guter Zustand.",https://deutsche-boutique.de/produkt/van-001,https://vanducheval.com/wp-content/uploads/ifor-williams-hb506.jpg,in_stock,18500.00 EUR,used,Ifor Williams,936,"Pferdetransporter","Stahl-verzinkt","Silber"
van-002,"Boeckmann Duo 2.0 - 2-Pferde-Luxusvan mit Alu-Fussboden","Luxurioeser Boeckmann Duo 2.0 fuer 2 Pferde. Mit Aluminium-Fussboden, Premium-Sattelkammer und modernster Lueftung. Deutsche Markenqualitaet, absolut pferdefreundlich. Baujahr 2021.",https://deutsche-boutique.de/produkt/van-002,https://vanducheval.com/wp-content/uploads/bockmann-duo-2.jpg,in_stock,22900.00 EUR,used,Boeckmann,936,"Luxuspferdetransporter","Stahl-Aluminium","Weiss-Blau"
van-003,"Cheval Liberté Gold 3 - 3-Pferde-Van mit Wohnabteil","Cheval Liberté Gold 3 fuer 3 Pferde mit integriertem Wohnabteil. Franzoesische Premium-Marke bekannt fuer Komfort und Sicherheit. Komplett ausgestattet mit Kueche, Schlafplatz und moderner Technik.",https://deutsche-boutique.de/produkt/van-003,https://vanducheval.com/wp-content/uploads/cheval-liberte-gold-3.jpg,in_stock,28500.00 EUR,used,Cheval Liberté,936,"Wohnpferdetransporter","Stahl-Holz","Beige"
van-004,"Humbaur 2-Pferd-Van mit Schiebetuer - Kompakt und Praktisch","Kompakter Humbaur Van fuer 2 Pferde mit praktischer Schiebetuer. Ideal fuer enge Verhaeltnisse und haeufigen Gebrauch. Deutsche Qualitaet, sehr wendig und wirtschaftlich. Jahrgang 2019, gut gepflegt.",https://deutsche-boutique.de/produkt/van-004,https://vanducheval.com/wp-content/uploads/humbaur-2-pferde.jpg,in_stock,14900.00 EUR,used,Humbaur,936,"Kompakter Pferdetransporter","Stahl","Rot"
van-005,"Fautras Oblic 3 - 3-Pferde-Van mit seitlicher Beladung","Innovativer Fautras Oblic 3 fuer 3 Pferde mit seitlicher Belademoeglichkeit. Franzoesische Handwerkskunst, extrem pferdefreundlich durch seitliche Einstiegsmoeglichkeit. Reduziert Stress fuer Pferde.",https://deutsche-boutique.de/produkt/van-005,https://vanducheval.com/wp-content/uploads/fautras-oblic-3.jpg,in_stock,19900.00 EUR,used,Fautras,936,"Seitlicher Pferdetransporter","Stahl-verzinkt","Grau"