Handle,Title,Body (HTML),Vendor,Type,Tags,Published,Option1 Name,Option1 Value,Variant SKU,Variant Grams,Variant Inventory Tracker,Variant Inventory Qty,Variant Inventory Policy,Variant Fulfillment Service,Variant Price,Variant Compare At Price,Variant Requires Shipping,Variant Taxable,Variant Barcode,Image Src,Image Position,Image Alt Text,Gift Card,SEO Title,SEO Description,Google Product Category,Status
pool-001,"Container-Spa-Pool 3.0 x 2.5 m mit Whirlpool - Komplettset","<div class=""product-description"">
  <h1>Container-Spa-Pool 3.0 x 2.5 m mit Whirlpool - Komplettset</h1>
  
  <h2>Premium-Qualitaet fuer deutsche Gaerten</h2>
  <ul>
    <li>Wetterfest und winterfest</li>
    <li>Einfache Selbstmontage</li>
    <li>5 Jahre Herstellergarantie</li>
    <li>TUEV-gepruefte Sicherheit</li>
    <li>Kostenlose Lieferung nach DE/AT</li>
  </ul>
  
  <h2>Technische Daten:</h2>
  <table border=""0"" cellspacing=""0"" cellpadding=""5"">
    <tr><td><strong>Material:</strong></td><td>Stahl-Kunststoff</td></tr>
    <tr><td><strong>Farbe:</strong></td><td>Anthrazit</td></tr>
    <tr><td><strong>Garantie:</strong></td><td>5 Jahre</td></tr>
  </table>
  
  <p><strong>Hochwertiger Container-Spa-Pool mit integriertem Whirlpool. Perfekt fuer Garten und Terrasse. Inklusive Heizung, Filteranlage und Abdeckung. Einfache Installation, sofort einsatzbereit.</strong></p>
  
  <h2>Unser Service-Paket:</h2>
  <ul>
    <li>Kostenlose Lieferung und Aufbau</li>
    <li>5 Jahre Herstellergarantie</li>
    <li>TUEV-Zertifizierung</li>
    <li>Deutscher Kundenservice</li>
    <li>30 Tage Rueckgaberecht</li>
  </ul>
</div>",GSHandels,"Container Pool","Pool, Schwimmbad, Garten, Container, Wellness, Fitness, Erholung, Luxus, GSHandels, Stahl Kunststoff, Deutschland, Premium, Qualitaet",true,Title,Default,pool-001,,shopify,5,deny,manual,8999.00,,true,true,,https://gshandels.com/wp-content/uploads/2026/02/40ft-container-new.jpg,1,"Container-Spa-Pool 3.0 x 2.5 m mit Whirlpool - Komplettset",false,"Container-Spa-Pool 3.0 x 2.5 m mit Whirlpool - Komplettset | Deutsche Premium-Produkte","Hochwertiger Container-Spa-Pool mit integriertem Whirlpool. Perfekt fuer Garten und Terrasse. Inklusive Heizung, Filteranlage und Abdeckung. Einfache Installati...",594,active
pool-002,"6.5 m x 2.5 m Polypropylen-Pool mit 4 m Panoramafenster","<div class=""product-description"">
  <h1>6.5 m x 2.5 m Polypropylen-Pool mit 4 m Panoramafenster</h1>
  
  <h2>Premium-Qualitaet fuer deutsche Gaerten</h2>
  <ul>
    <li>Wetterfest und winterfest</li>
    <li>Einfache Selbstmontage</li>
    <li>5 Jahre Herstellergarantie</li>
    <li>TUEV-gepruefte Sicherheit</li>
    <li>Kostenlose Lieferung nach DE/AT</li>
  </ul>
  
  <h2>Technische Daten:</h2>
  <table border=""0"" cellspacing=""0"" cellpadding=""5"">
    <tr><td><strong>Material:</strong></td><td>Polypropylen</td></tr>
    <tr><td><strong>Farbe:</strong></td><td>Blau</td></tr>
    <tr><td><strong>Garantie:</strong></td><td>5 Jahre</td></tr>
  </table>
  
  <p><strong>Grosser Polypropylen-Pool mit beeindruckendem 4-Meter-Panoramafenster. Langlebiges Material, einfache Wartung. Ideal fuer Schwimmer und Entspannung. Komplett mit Pumpe und Filter.</strong></p>
  
  <h2>Unser Service-Paket:</h2>
  <ul>
    <li>Kostenlose Lieferung und Aufbau</li>
    <li>5 Jahre Herstellergarantie</li>
    <li>TUEV-Zertifizierung</li>
    <li>Deutscher Kundenservice</li>
    <li>30 Tage Rueckgaberecht</li>
  </ul>
</div>",GSHandels,"Pool","Pool, Schwimmbad, Garten, Container, Wellness, Fitness, Erholung, Luxus, GSHandels, Polypropylen, Deutschland, Premium, Qualitaet",true,Title,Default,pool-002,,shopify,5,deny,manual,12999.00,,true,true,,https://gshandels.com/wp-content/uploads/2026/02/40ft-container-used.jpg,1,"6.5 m x 2.5 m Polypropylen-Pool mit 4 m Panoramafenster",false,"6.5 m x 2.5 m Polypropylen-Pool mit 4 m Panoramafenster | Deutsche Premium-Produkte","Grosser Polypropylen-Pool mit beeindruckendem 4-Meter-Panoramafenster. Langlebiges Material, einfache Wartung. Ideal fuer Schwimmer und Entspannung. Komplett mi...",594,active
pool-003,"Containerbecken 6.2 x 2.5 m mit Jet Swim Gegenstromanlage","<div class=""product-description"">
  <h1>Containerbecken 6.2 x 2.5 m mit Jet Swim Gegenstromanlage</h1>
  
  <h2>Premium-Qualitaet fuer deutsche Gaerten</h2>
  <ul>
    <li>Wetterfest und winterfest</li>
    <li>Einfache Selbstmontage</li>
    <li>5 Jahre Herstellergarantie</li>
    <li>TUEV-gepruefte Sicherheit</li>
    <li>Kostenlose Lieferung nach DE/AT</li>
  </ul>
  
  <h2>Technische Daten:</h2>
  <table border=""0"" cellspacing=""0"" cellpadding=""5"">
    <tr><td><strong>Material:</strong></td><td>Stahl-Fiberglas</td></tr>
    <tr><td><strong>Farbe:</strong></td><td>Grau</td></tr>
    <tr><td><strong>Garantie:</strong></td><td>5 Jahre</td></tr>
  </table>
  
  <p><strong>Container-Schwimmbad mit leistungsstarker Jet Swim Gegenstromanlage. Perfekt fuer Fitness-Schwimmen auf kleinem Raum. Robuste Bauweise, wetterfest und langlebig.</strong></p>
  
  <h2>Unser Service-Paket:</h2>
  <ul>
    <li>Kostenlose Lieferung und Aufbau</li>
    <li>5 Jahre Herstellergarantie</li>
    <li>TUEV-Zertifizierung</li>
    <li>Deutscher Kundenservice</li>
    <li>30 Tage Rueckgaberecht</li>
  </ul>
</div>",GSHandels,"Container Schwimmbad","Pool, Schwimmbad, Garten, Container, Wellness, Fitness, Erholung, Luxus, GSHandels, Stahl Fiberglas, Deutschland, Premium, Qualitaet",true,Title,Default,pool-003,,shopify,5,deny,manual,11499.00,,true,true,,https://gshandels.com/wp-content/uploads/2026/02/20ft-container-new.jpg,1,"Containerbecken 6.2 x 2.5 m mit Jet Swim Gegenstromanlage",false,"Containerbecken 6.2 x 2.5 m mit Jet Swim Gegenstromanlage | Deutsche Premium-Produkte","Container-Schwimmbad mit leistungsstarker Jet Swim Gegenstromanlage. Perfekt fuer Fitness-Schwimmen auf kleinem Raum. Robuste Bauweise, wetterfest und langlebig...",594,active
pool-004,"Containerpool 6.11 x 2.5 m mit Waermepumpe - Premium-Paket","<div class=""product-description"">
  <h1>Containerpool 6.11 x 2.5 m mit Waermepumpe - Premium-Paket</h1>
  
  <h2>Premium-Qualitaet fuer deutsche Gaerten</h2>
  <ul>
    <li>Wetterfest und winterfest</li>
    <li>Einfache Selbstmontage</li>
    <li>5 Jahre Herstellergarantie</li>
    <li>TUEV-gepruefte Sicherheit</li>
    <li>Kostenlose Lieferung nach DE/AT</li>
  </ul>
  
  <h2>Technische Daten:</h2>
  <table border=""0"" cellspacing=""0"" cellpadding=""5"">
    <tr><td><strong>Material:</strong></td><td>Stahl-Isolierung</td></tr>
    <tr><td><strong>Farbe:</strong></td><td>Weiss</td></tr>
    <tr><td><strong>Garantie:</strong></td><td>5 Jahre</td></tr>
  </table>
  
  <p><strong>Luxurioeser Containerpool mit effizienter Waermepumpe fuer ganzjaehrige Nutzung. Premium-Ausstattung mit LED-Beleuchtung, automatischer Chlorung und Abdeckrollo.</strong></p>
  
  <h2>Unser Service-Paket:</h2>
  <ul>
    <li>Kostenlose Lieferung und Aufbau</li>
    <li>5 Jahre Herstellergarantie</li>
    <li>TUEV-Zertifizierung</li>
    <li>Deutscher Kundenservice</li>
    <li>30 Tage Rueckgaberecht</li>
  </ul>
</div>",GSHandels,"Containerpool","Pool, Schwimmbad, Garten, Container, Wellness, Fitness, Erholung, Luxus, GSHandels, Stahl Isolierung, Deutschland, Premium, Qualitaet",true,Title,Default,pool-004,,shopify,5,deny,manual,15999.00,,true,true,,https://gshandels.com/wp-content/uploads/2026/02/20ft-container-used.jpg,1,"Containerpool 6.11 x 2.5 m mit Waermepumpe - Premium-Paket",false,"Containerpool 6.11 x 2.5 m mit Waermepumpe - Premium-Paket | Deutsche Premium-Produkte","Luxurioeser Containerpool mit effizienter Waermepumpe fuer ganzjaehrige Nutzung. Premium-Ausstattung mit LED-Beleuchtung, automatischer Chlorung und Abdeckrollo...",594,active
pool-005,"Mobiler Mini-Schwimmbad-Container 5.25 x 2.55 x 1.26 m","<div class=""product-description"">
  <h1>Mobiler Mini-Schwimmbad-Container 5.25 x 2.55 x 1.26 m</h1>
  
  <h2>Premium-Qualitaet fuer deutsche Gaerten</h2>
  <ul>
    <li>Wetterfest und winterfest</li>
    <li>Einfache Selbstmontage</li>
    <li>5 Jahre Herstellergarantie</li>
    <li>TUEV-gepruefte Sicherheit</li>
    <li>Kostenlose Lieferung nach DE/AT</li>
  </ul>
  
  <h2>Technische Daten:</h2>
  <table border=""0"" cellspacing=""0"" cellpadding=""5"">
    <tr><td><strong>Material:</strong></td><td>Kunststoff-Aluminium</td></tr>
    <tr><td><strong>Farbe:</strong></td><td>Blau</td></tr>
    <tr><td><strong>Garantie:</strong></td><td>5 Jahre</td></tr>
  </table>
  
  <p><strong>Kompakter mobiler Pool fuer kleine Gaerten und Terrassen. Einfacher Aufbau, winterfest. Perfekt fuer Erholung und leichten Wassersport. Geringer Platzbedarf, maximale Flexibilitaet.</strong></p>
  
  <h2>Unser Service-Paket:</h2>
  <ul>
    <li>Kostenlose Lieferung und Aufbau</li>
    <li>5 Jahre Herstellergarantie</li>
    <li>TUEV-Zertifizierung</li>
    <li>Deutscher Kundenservice</li>
    <li>30 Tage Rueckgaberecht</li>
  </ul>
</div>",GSHandels,"Mini Pool","Pool, Schwimmbad, Garten, Container, Wellness, Fitness, Erholung, Luxus, GSHandels, Kunststoff Aluminium, Deutschland, Premium, Qualitaet",true,Title,Default,pool-005,,shopify,5,deny,manual,6999.00,,true,true,,https://gshandels.com/wp-content/uploads/2026/02/10ft-container.jpg,1,"Mobiler Mini-Schwimmbad-Container 5.25 x 2.55 x 1.26 m",false,"Mobiler Mini-Schwimmbad-Container 5.25 x 2.55 x 1.26 m | Deutsche Premium-Produkte","Kompakter mobiler Pool fuer kleine Gaerten und Terrassen. Einfacher Aufbau, winterfest. Perfekt fuer Erholung und leichten Wassersport. Geringer Platzbedarf, ma...",594,active
van-001,"Ifor Williams HB 506 - 2-Pferd-Van Premium","<div class=""product-description"">
  <h1>Ifor Williams HB 506 - 2-Pferd-Van Premium</h1>
  
  <h2>Premium-Pferdetransport fuer deutsche Pferdebesitzer</h2>
  <ul>
    <li>TUEV-gepruefte Sicherheit</li>
    <li>Pferdefreundliches Design</li>
    <li>Deutsche Markenqualitaet</li>
    <li>Voll ausgestattet</li>
    <li>Sofort einsatzbereit</li>
  </ul>
  
  <h2>Fahrzeugdaten:</h2>
  <table border=""0"" cellspacing=""0"" cellpadding=""5"">
    <tr><td><strong>Marke:</strong></td><td>Ifor Williams</td></tr>
    <tr><td><strong>Material:</strong></td><td>Stahl-verzinkt</td></tr>
    <tr><td><strong>Farbe:</strong></td><td>Silber</td></tr>
    <tr><td><strong>Zustand:</strong></td><td>Geprueft und bereit</td></tr>
  </table>
  
  <p><strong>Hochwertiger Ifor Williams HB 506 Van fuer 2 Pferde. Spitzenqualitaet aus Wales, extrem robust und langlebig. Ausgestattet mit Lueftungssystem, Trennwand und hochwertiger Bremse. Jahrgang 2020, sehr guter Zustand.</strong></p>
  
  <h2>Unser Kauf-Paket:</h2>
  <ul>
    <li>TUEV-Pruefung und Ueberfuehrung</li>
    <li>3 Monate Gewaehrleistung</li>
    <li>Finanzierung moeglich</li>
    <li>Lieferung ganz Deutschland</li>
    <li>24/7 Pannenhilfe</li>
  </ul>
</div>",Ifor Williams,"Pferdetransporter","Pferdetransporter, Pferde, Transport, Reitsport, Turnier, Luxus, Ifor Williams, Stahl verzinkt, Deutschland, Premium, Qualitaet",true,Title,Default,van-001,,shopify,5,deny,manual,18500.00,,true,true,,https://vanducheval.com/wp-content/uploads/2022/02/634596_1613663556_8386.jpg,1,"Ifor Williams HB 506 - 2-Pferd-Van Premium",false,"Ifor Williams HB 506 - 2-Pferd-Van Premium | Deutsche Premium-Produkte","Hochwertiger Ifor Williams HB 506 Van fuer 2 Pferde. Spitzenqualitaet aus Wales, extrem robust und langlebig. Ausgestattet mit Lueftungssystem, Trennwand und ho...",936,active
van-002,"Boeckmann Duo 2.0 - 2-Pferde-Luxusvan mit Alu-Fussboden","<div class=""product-description"">
  <h1>Boeckmann Duo 2.0 - 2-Pferde-Luxusvan mit Alu-Fussboden</h1>
  
  <h2>Premium-Pferdetransport fuer deutsche Pferdebesitzer</h2>
  <ul>
    <li>TUEV-gepruefte Sicherheit</li>
    <li>Pferdefreundliches Design</li>
    <li>Deutsche Markenqualitaet</li>
    <li>Voll ausgestattet</li>
    <li>Sofort einsatzbereit</li>
  </ul>
  
  <h2>Fahrzeugdaten:</h2>
  <table border=""0"" cellspacing=""0"" cellpadding=""5"">
    <tr><td><strong>Marke:</strong></td><td>Boeckmann</td></tr>
    <tr><td><strong>Material:</strong></td><td>Stahl-Aluminium</td></tr>
    <tr><td><strong>Farbe:</strong></td><td>Weiss-Blau</td></tr>
    <tr><td><strong>Zustand:</strong></td><td>Geprueft und bereit</td></tr>
  </table>
  
  <p><strong>Luxurioeser Boeckmann Duo 2.0 fuer 2 Pferde. Mit Aluminium-Fussboden, Premium-Sattelkammer und modernster Lueftung. Deutsche Markenqualitaet, absolut pferdefreundlich. Baujahr 2021.</strong></p>
  
  <h2>Unser Kauf-Paket:</h2>
  <ul>
    <li>TUEV-Pruefung und Ueberfuehrung</li>
    <li>3 Monate Gewaehrleistung</li>
    <li>Finanzierung moeglich</li>
    <li>Lieferung ganz Deutschland</li>
    <li>24/7 Pannenhilfe</li>
  </ul>
</div>",Boeckmann,"Luxuspferdetransporter","Pferdetransporter, Pferde, Transport, Reitsport, Turnier, Luxus, Boeckmann, Stahl Aluminium, Deutschland, Premium, Qualitaet",true,Title,Default,van-002,,shopify,5,deny,manual,22900.00,,true,true,,https://vanducheval.com/wp-content/uploads/2022/02/463256_1569337613.jpg,1,"Boeckmann Duo 2.0 - 2-Pferde-Luxusvan mit Alu-Fussboden",false,"Boeckmann Duo 2.0 - 2-Pferde-Luxusvan mit Alu-Fussboden | Deutsche Premium-Produkte","Luxurioeser Boeckmann Duo 2.0 fuer 2 Pferde. Mit Aluminium-Fussboden, Premium-Sattelkammer und modernster Lueftung. Deutsche Markenqualitaet, absolut pferdefreu...",936,active
van-003,"Cheval Liberté Gold 3 - 3-Pferde-Van mit Wohnabteil","<div class=""product-description"">
  <h1>Cheval Liberté Gold 3 - 3-Pferde-Van mit Wohnabteil</h1>
  
  <h2>Premium-Pferdetransport fuer deutsche Pferdebesitzer</h2>
  <ul>
    <li>TUEV-gepruefte Sicherheit</li>
    <li>Pferdefreundliches Design</li>
    <li>Deutsche Markenqualitaet</li>
    <li>Voll ausgestattet</li>
    <li>Sofort einsatzbereit</li>
  </ul>
  
  <h2>Fahrzeugdaten:</h2>
  <table border=""0"" cellspacing=""0"" cellpadding=""5"">
    <tr><td><strong>Marke:</strong></td><td>Cheval Liberté</td></tr>
    <tr><td><strong>Material:</strong></td><td>Stahl-Holz</td></tr>
    <tr><td><strong>Farbe:</strong></td><td>Beige</td></tr>
    <tr><td><strong>Zustand:</strong></td><td>Geprueft und bereit</td></tr>
  </table>
  
  <p><strong>Cheval Liberté Gold 3 fuer 3 Pferde mit integriertem Wohnabteil. Franzoesische Premium-Marke bekannt fuer Komfort und Sicherheit. Komplett ausgestattet mit Kueche, Schlafplatz und moderner Technik.</strong></p>
  
  <h2>Unser Kauf-Paket:</h2>
  <ul>
    <li>TUEV-Pruefung und Ueberfuehrung</li>
    <li>3 Monate Gewaehrleistung</li>
    <li>Finanzierung moeglich</li>
    <li>Lieferung ganz Deutschland</li>
    <li>24/7 Pannenhilfe</li>
  </ul>
</div>",Cheval Liberté,"Wohnpferdetransporter","Pferdetransporter, Pferde, Transport, Reitsport, Turnier, Luxus, Cheval Liberté, Stahl Holz, Deutschland, Premium, Qualitaet",true,Title,Default,van-003,,shopify,5,deny,manual,28500.00,,true,true,,https://vanducheval.com/wp-content/uploads/2022/02/665695_1627148962_8798.jpg,1,"Cheval Liberté Gold 3 - 3-Pferde-Van mit Wohnabteil",false,"Cheval Liberté Gold 3 - 3-Pferde-Van mit Wohnabteil | Deutsche Premium-Produkte","Cheval Liberté Gold 3 fuer 3 Pferde mit integriertem Wohnabteil. Franzoesische Premium-Marke bekannt fuer Komfort und Sicherheit. Komplett ausgestattet mit Kuec...",936,active
van-004,"Humbaur 2-Pferd-Van mit Schiebetuer - Kompakt und Praktisch","<div class=""product-description"">
  <h1>Humbaur 2-Pferd-Van mit Schiebetuer - Kompakt und Praktisch</h1>
  
  <h2>Premium-Pferdetransport fuer deutsche Pferdebesitzer</h2>
  <ul>
    <li>TUEV-gepruefte Sicherheit</li>
    <li>Pferdefreundliches Design</li>
    <li>Deutsche Markenqualitaet</li>
    <li>Voll ausgestattet</li>
    <li>Sofort einsatzbereit</li>
  </ul>
  
  <h2>Fahrzeugdaten:</h2>
  <table border=""0"" cellspacing=""0"" cellpadding=""5"">
    <tr><td><strong>Marke:</strong></td><td>Humbaur</td></tr>
    <tr><td><strong>Material:</strong></td><td>Stahl</td></tr>
    <tr><td><strong>Farbe:</strong></td><td>Rot</td></tr>
    <tr><td><strong>Zustand:</strong></td><td>Geprueft und bereit</td></tr>
  </table>
  
  <p><strong>Kompakter Humbaur Van fuer 2 Pferde mit praktischer Schiebetuer. Ideal fuer enge Verhaeltnisse und haeufigen Gebrauch. Deutsche Qualitaet, sehr wendig und wirtschaftlich. Jahrgang 2019, gut gepflegt.</strong></p>
  
  <h2>Unser Kauf-Paket:</h2>
  <ul>
    <li>TUEV-Pruefung und Ueberfuehrung</li>
    <li>3 Monate Gewaehrleistung</li>
    <li>Finanzierung moeglich</li>
    <li>Lieferung ganz Deutschland</li>
    <li>24/7 Pannenhilfe</li>
  </ul>
</div>",Humbaur,"Kompakter Pferdetransporter","Pferdetransporter, Pferde, Transport, Reitsport, Turnier, Luxus, Humbaur, Stahl, Deutschland, Premium, Qualitaet",true,Title,Default,van-004,,shopify,5,deny,manual,14900.00,,true,true,,https://vanducheval.com/wp-content/uploads/2022/02/665695_1627148970_1362.jpg,1,"Humbaur 2-Pferd-Van mit Schiebetuer - Kompakt und Praktisch",false,"Humbaur 2-Pferd-Van mit Schiebetuer - Kompakt und Praktisch | Deutsche Premium-Produkte","Kompakter Humbaur Van fuer 2 Pferde mit praktischer Schiebetuer. Ideal fuer enge Verhaeltnisse und haeufigen Gebrauch. Deutsche Qualitaet, sehr wendig und wirts...",936,active
van-005,"Fautras Oblic 3 - 3-Pferde-Van mit seitlicher Beladung","<div class=""product-description"">
  <h1>Fautras Oblic 3 - 3-Pferde-Van mit seitlicher Beladung</h1>
  
  <h2>Premium-Pferdetransport fuer deutsche Pferdebesitzer</h2>
  <ul>
    <li>TUEV-gepruefte Sicherheit</li>
    <li>Pferdefreundliches Design</li>
    <li>Deutsche Markenqualitaet</li>
    <li>Voll ausgestattet</li>
    <li>Sofort einsatzbereit</li>
  </ul>
  
  <h2>Fahrzeugdaten:</h2>
  <table border=""0"" cellspacing=""0"" cellpadding=""5"">
    <tr><td><strong>Marke:</strong></td><td>Fautras</td></tr>
    <tr><td><strong>Material:</strong></td><td>Stahl-verzinkt</td></tr>
    <tr><td><strong>Farbe:</strong></td><td>Grau</td></tr>
    <tr><td><strong>Zustand:</strong></td><td>Geprueft und bereit</td></tr>
  </table>
  
  <p><strong>Innovativer Fautras Oblic 3 fuer 3 Pferde mit seitlicher Belademoeglichkeit. Franzoesische Handwerkskunst, extrem pferdefreundlich durch seitliche Einstiegsmoeglichkeit. Reduziert Stress fuer Pferde.</strong></p>
  
  <h2>Unser Kauf-Paket:</h2>
  <ul>
    <li>TUEV-Pruefung und Ueberfuehrung</li>
    <li>3 Monate Gewaehrleistung</li>
    <li>Finanzierung moeglich</li>
    <li>Lieferung ganz Deutschland</li>
    <li>24/7 Pannenhilfe</li>
  </ul>
</div>",Fautras,"Seitlicher Pferdetransporter","Pferdetransporter, Pferde, Transport, Reitsport, Turnier, Luxus, Fautras, Stahl verzinkt, Deutschland, Premium, Qualitaet",true,Title,Default,van-005,,shopify,5,deny,manual,19900.00,,true,true,,https://vanducheval.com/wp-content/uploads/2022/02/665695_1627148974_4514.jpg,1,"Fautras Oblic 3 - 3-Pferde-Van mit seitlicher Beladung",false,"Fautras Oblic 3 - 3-Pferde-Van mit seitlicher Beladung | Deutsche Premium-Produkte","Innovativer Fautras Oblic 3 fuer 3 Pferde mit seitlicher Belademoeglichkeit. Franzoesische Handwerkskunst, extrem pferdefreundlich durch seitliche Einstiegsmoeg...",936,active