id,item_group_id,title,description,link,image_link,additional_image_link,availability,price,sale_price,condition,brand,mpn,gtin,identifier_exists,google_product_category,product_type,color,size,material,shipping_weight,product_detail,product_highlight
valises-givi-rider-3r,,Valises Givi Rider Série 3R,"Description Paire de valises Givi, avec leurs supports, pour les scooters électriques trois roues Rider de la série 3R. Les valises sont équipées d’une serrure et présentent un volume utile de 22 litres chacune. Elles acceptent une charge maximale de 5 kilos pièce et mesurent 37 cm de haut, 47 cm de long et 22,5 cm de profondeur. Uniquement disponible à la commande d’un véhicule, ce kit doit être installé en usine. En effet, afin d’assurer une grande solidité, son armature est ajoutée au châssis de ces scooters électriques 3 roues. Cette modification rallongera le délai de votre commande.",https://www.go2roues.com/shop/valises-givi-rider-3r/,https://www.go2roues.com/wp-content/uploads/2020/11/valises-givi-rider-serie-3r.jpg,https://www.go2roues.com/wp-content/uploads/2020/11/valises-givi-rider-serie-3r-installee.jpg,preorder,319.00 EUR,,new,Givi,,,no,Vehicles & Parts > Vehicle Parts & Accessories,Accessoires > Top Case,,,,"5,8 kg","Specifications:Poids:5,8 kg, Specifications:Marque:Givi",
selle-monoplace-silence-s02-hs-et-ls,,Selle Monoplace Silence S02 HS et LS,"Description La selle Monoplace Silence S02 HS et LS est un accessoire officiel permettant l’installation d’une Top Box Silence de 200 ou de 350 litres. Sur les modèles Vert / Noir et Gris / Vert, la selle d’origine est une biplace. Elle est trop longue et n’autorise donc pas cette installation. La selle monoplace permet donc de les convertir en scooters électriques de livraison à très grande capacité.",https://www.go2roues.com/shop/selle-monoplace-silence-s02-hs-et-ls/,https://www.go2roues.com/wp-content/uploads/2021/05/selle-monoplace-silence-s02-ls-hs.jpg,,out_of_stock,59.00 EUR,,new,Silence,,,no,Vehicles & Parts > Vehicle Parts & Accessories,Accessoires > Selle,,,,"3,5 kg","Specifications:Poids:3,5 kg, Specifications:Marque:Silence",
selle-sur-ron,,Selle Sur-Ron,Cette selle est identique à la selle d'origine. Elle est compatible avec les Sur-Ron Light Bee Homologuée X et Off-Road.,https://www.go2roues.com/shop/selle-sur-ron/,https://www.go2roues.com/wp-content/uploads/2021/02/sur-ron-light-bee-selle.jpg,https://www.go2roues.com/wp-content/uploads/2021/02/sur-ron-light-bee-selle-origine.jpg,out_of_stock,49.00 EUR,,new,Sur-Ron,,,no,Vehicles & Parts > Vehicle Parts & Accessories,Accessoires > Selle,,,,"2,9 kg","Specifications:Poids:2,9 kg, Specifications:Marque:Sur-Ron",
potence-sur-ron,,Potence Sur-Ron,"Description Pièce d’origine et officielle, cette potence est compatible avec les Sur-Ron Light Bee Homologuée X et Light Bee Off-Road. Pose en supplément.",https://www.go2roues.com/shop/potence-sur-ron/,https://www.go2roues.com/wp-content/uploads/2021/02/sur-ron-potence-origine.jpg,,out_of_stock,92.00 EUR,,new,Sur-Ron,,,no,Vehicles & Parts > Vehicle Parts & Accessories,Pièces détachées,,,,,Specifications:Marque:Sur-Ron,
eccity-anti-tilting-option,,Option Stabilisateur,Description Option stabilisateur pour scooters Eccity Model 3 et Model 3 Cargo,https://www.go2roues.com/shop/eccity-anti-tilting-option/,https://www.go2roues.com/wp-content/uploads/woocommerce-placeholder-500x500.png,,out_of_stock,490.00 EUR,,new,eccity,,,no,Vehicles & Parts > Vehicle Parts & Accessories,Pièces détachées,,,,,Specifications:Marque:eccity,
kitautoecopinkme,,Kit Auto-Ecole Pink Me,"Description Spécialement développé par le constructeur Pink Mobility, ce kit Auto-Ecole offre plus de protection au scooter électrique Pink Me pour les leçons de conduite du permis AM. Il contient : – Une protection de carénage. Celle-ci évite les chocs latéraux et la détérioration du bas de caisse. – Une protection de guidon. Celle-ci amortir les chocs dus aux chutes sur les poignées de frein. – Une protection arrière. Grâce à un long tampon en caoutchouc à apposer sur le flanc gauche et droit de ce scooter électrique, la carrosserie sera protégée des rayures. Dans le cadre de l’achat de votre scooter électrique, ce kit peut être posé par notre atelier avant livraison.",https://www.go2roues.com/shop/kit-auto-ecole-pink-me/,https://www.go2roues.com/wp-content/uploads/2019/12/kit-auto-moto-ecole-pink-me.jpg,https://www.go2roues.com/wp-content/uploads/2019/12/kit-auto-ecole-pink-me.jpg,out_of_stock,299.00 EUR,,new,Pink Mobility,KITAUTOECOPINKME,,yes,Vehicles & Parts > Vehicle Parts & Accessories,Accessoires > Kit,,,,7 kg,"Specifications:Poids:7 kg, Specifications:Marque:Pink Mobility",
top-case-coocase-wizard-basic-v36,,Top Case Coocase Wizard Basic V36,"Description Le Top Case Coocase Wizard Basic V36 présente un volume intérieur de 36 litres. Ses dimensions sont de 450 mm de large, 412 mm de long et 310 mm de haut. Il est suffisamment grand pour recevoir un casque intégral ou son équivalent en terme de taille. Il ferme à clé.",https://www.go2roues.com/shop/top-case-coocase-wizard-basic-v36/,https://www.go2roues.com/wp-content/uploads/2022/05/coocase-wizard-basic-36l.jpg,,out_of_stock,79.00 EUR,,new,Coocase,,,no,Vehicles & Parts > Vehicle Parts & Accessories,Accessoires > Top Case,,,,3 kg,"Specifications:Poids:3 kg, Specifications:Dimensions:45 × 41 × 31 cm, Specifications:Marque:Coocase, Specifications:Couleur:Noir",
chaine-sur-ron-pour-couronne-58-dents,,Chaine Sur-Ron pour couronne 58 dents,Description Chaine Sur-Ron pour la couronne 58 dents.,https://www.go2roues.com/shop/chaine-sur-ron-pour-couronne-58-dents/,https://www.go2roues.com/wp-content/uploads/2022/03/chaine-sur-ron-58-dents.jpg,,out_of_stock,82.00 EUR,,new,Sur-Ron,,,no,Vehicles & Parts > Vehicle Parts & Accessories,Accessoires,,,,2 kg,"Specifications:Poids:2 kg, Specifications:Marque:Sur-Ron",
protection-moteur-sur-ron,,Protection moteur Sur-Ron,"Description Telle celle d’origine, cette protection moteur ou sabot pour Sur-Ron Light Bee Homologuée X et Off-Road protégera votre moteur électrique des chocs lors de vos sorties en tout-terrain. Fabriquée en aluminium pour plus de légèreté, elle présente une épaisseur de 2 mm et dispose d’aération pour participer au refroidissement en moteur. Pose en supplément.",https://www.go2roues.com/shop/protection-moteur-sur-ron/,https://www.go2roues.com/wp-content/uploads/2021/02/sur-ron-sabot-protection-moteur.jpg,,out_of_stock,86.00 EUR,,new,Sur-Ron,,,no,Vehicles & Parts > Vehicle Parts & Accessories,Pièces détachées,,,,,Specifications:Marque:Sur-Ron,
jante-sur-ron-avant,https-www-go2roues-com-shop-jante-sur-ron,Jante Sur-Ron - avant,"Description Pièce d’origine et officielle, la jante Sur-Ron pourra servir de pièce de remplacement. Compatible avec les motocross électriques Sur-Ron Light Bee Homologuée X et Light Bee Off-Road, cette jante est vendue complète. Avant ou arrière, elle comprend la jante, ses rayons, le moyeu, l’entretoise et les joints toriques ou spi. Pose en supplément.",https://www.go2roues.com/shop/jante-sur-ron/?attribute_pa_modele=avant,https://www.go2roues.com/wp-content/uploads/2021/02/sur-ron-light-bee-roue-jante-avant-arriere.jpg,,in_stock,526.00 EUR,,new,Sur-Ron,,,no,Vehicles & Parts > Vehicle Parts & Accessories,Pièces détachées,,,,,"Specifications:Marque:Sur-Ron, Specifications:Modèle:Arrière, Avant",
jante-sur-ron-arriere,https-www-go2roues-com-shop-jante-sur-ron,Jante Sur-Ron - arriere,"Description Pièce d’origine et officielle, la jante Sur-Ron pourra servir de pièce de remplacement. Compatible avec les motocross électriques Sur-Ron Light Bee Homologuée X et Light Bee Off-Road, cette jante est vendue complète. Avant ou arrière, elle comprend la jante, ses rayons, le moyeu, l’entretoise et les joints toriques ou spi. Pose en supplément.",https://www.go2roues.com/shop/jante-sur-ron/?attribute_pa_modele=arriere,https://www.go2roues.com/wp-content/uploads/2021/02/sur-ron-light-bee-roue-jante-avant-arriere.jpg,,in_stock,531.00 EUR,,new,Sur-Ron,,,no,Vehicles & Parts > Vehicle Parts & Accessories,Pièces détachées,,,,,"Specifications:Marque:Sur-Ron, Specifications:Modèle:Arrière, Avant",
compteur-off-road-sur-ron,,Compteur Off-Road pour Sur-Ron,"Description Pièce d’origine, ce compteur pour la Sur-Ron Light Bee Off-Road s’installe sur le commodo gauche de la motocross. Numérique, il affiche la vitesse instantanée et un totaliseur kilométrique. Il pourra venir en remplacement du compteur d’origine de la Off-Road mais n’est pas immédiatement compatible avec la Sur-Ron Light Bee Homologuée X. L’adapter demandera à remplacer le commodo gauche, le faisceau principal et le feu arrière. Il ne pourra être ajouté à la livraison de votre Sur-Ron Light Bee Homologuée X.",https://www.go2roues.com/shop/compteur-off-road-sur-ron/,https://www.go2roues.com/wp-content/uploads/2020/06/surron-ligh-bee-offroad-compteur.jpg,,out_of_stock,188.00 EUR,,new,Sur-Ron,,,no,Vehicles & Parts > Vehicle Parts & Accessories,Accessoires,,,,"0,6 kg","Specifications:Poids:0,6 kg, Specifications:Marque:Sur-Ron",
garde-boue-arriere-sur-ron-light-bee-et-lig-5teht8,,Garde boue arrière Sur-Ron Light Bee et Light Bee X,"Facile à monter, ce garde boue arrière officiel Sur-Ron limitera les projections d'eau, de terre et de boue sur votre véhicule.",https://www.go2roues.com/shop/garde-boue-arriere-sur-ron-light-bee-et-light-bee-x/,https://www.go2roues.com/wp-content/uploads/2020/10/garde-boue-arriere-sur-ron-2.jpg,https://www.go2roues.com/wp-content/uploads/2020/10/garde-boue-arriere-sur-ron-1.jpg,out_of_stock,59.00 EUR,,new,Sur-Ron,,,no,Vehicles & Parts > Vehicle Parts & Accessories,Pièces détachées > Garde-boue,,,,"0,2 kg","Specifications:Poids:0,2 kg, Specifications:Couleur:Noir, Specifications:Marque:Sur-Ron",
courroie-transmission-sur-ron,,Courroie de transmission Sur-Ron,"Description Mesurant 15 mm de large, cette courroie de transmission d’origine Sur-Ron est compatible avec la Sur-Ron Light Bee Homologuée X et la Light Bee Off-Road.",https://www.go2roues.com/shop/courroie-transmission-sur-ron/,https://www.go2roues.com/wp-content/uploads/2021/02/sur-ron-courroie-transmission-origine.jpg,,out_of_stock,95.00 EUR,,new,Sur-Ron,,,no,Vehicles & Parts > Vehicle Parts & Accessories,Accessoires,,,,"0,3 kg","Specifications:Poids:0,3 kg, Specifications:Marque:Sur-Ron",
pneu-cross-uride-p262-sur-ron,,Pneu Cross URIDE P262 pour Sur-Ron,"Description Pneu Cross URIDE P262 pour les motocross électriques Sur-Ron Light Bee Off Road et Sur-Ron Light Bee Homologuée X. Grâce à ses crampons plus longs que ceux présents sur les pneus d’origine, il offre une meilleure accroche sur les terrains difficiles. Dimensions : 70/100-19. La roue avant et la roue arrière des Sur-Ron étant de la même taille, ce pneu cross URIDE P262 peut s’installer à l’avant, comme à l’arrière, ou les deux. Vendu à l’unité, pose en supplément.",https://www.go2roues.com/shop/pneu-cross-uride-p262-sur-ron/,https://www.go2roues.com/wp-content/uploads/2020/12/sur-ron-pneu-uride-cross-light-bee-2.jpg,https://www.go2roues.com/wp-content/uploads/2020/12/sur-ron-pneu-uride-cross-light-bee-3.jpg,out_of_stock,46.00 EUR,,new,URIDE,,,no,Vehicles & Parts > Vehicle Parts & Accessories,Accessoires,,,,"2,3 kg","Specifications:Poids:2,3 kg, Specifications:Marque:URIDE, Specifications:Modèle:P262",
gants-ete-tucano-bob-skin-l,https-www-go2roues-com-shop-gants-ete-tucan-13a5yp,Gants Été Tucano Bob Skin - L,"Description Les gants été Tucano Bob Skin sont homologués CE. Compatibles touch screen, vous n’aurez pas besoin de les enlever pour manipuler votre smartphone. L’extérieur est composé de cuir de chèvre véritable. Le dos est perforé afin de permettre de faciliter l’aération. Composée à 100% de polyester, sa doublure est en jersey orange. Le maintien au poignet se fait à l’aide d’un velcro.",https://www.go2roues.com/shop/gants-ete-tucano-bob-skin/?attribute_taille=L,https://www.go2roues.com/wp-content/uploads/2021/12/gants-tucano-bob-skin.jpg,"https://www.go2roues.com/wp-content/uploads/2021/12/gants-tucano-bob-skin-gros-plan.jpg, https://www.go2roues.com/wp-content/uploads/2018/11/tailles-des-gants.jpg",in_stock,69.00 EUR,,new,Tucano,,,no,Vehicles & Parts > Vehicle Parts & Accessories,Équipements Pilote > Gant > Route Eté Sans Coques,,L,,"0,3 kg","Specifications:Poids:0,3 kg, Specifications:Taille:M, XL, L, S, Specifications:Marque:Tucano",
gants-ete-tucano-bob-skin-s,https-www-go2roues-com-shop-gants-ete-tucan-13a5yp,Gants Été Tucano Bob Skin - S,"Description Les gants été Tucano Bob Skin sont homologués CE. Compatibles touch screen, vous n’aurez pas besoin de les enlever pour manipuler votre smartphone. L’extérieur est composé de cuir de chèvre véritable. Le dos est perforé afin de permettre de faciliter l’aération. Composée à 100% de polyester, sa doublure est en jersey orange. Le maintien au poignet se fait à l’aide d’un velcro.",https://www.go2roues.com/shop/gants-ete-tucano-bob-skin/?attribute_taille=S,https://www.go2roues.com/wp-content/uploads/2021/12/gants-tucano-bob-skin.jpg,"https://www.go2roues.com/wp-content/uploads/2021/12/gants-tucano-bob-skin-gros-plan.jpg, https://www.go2roues.com/wp-content/uploads/2018/11/tailles-des-gants.jpg",in_stock,69.00 EUR,,new,Tucano,,,no,Vehicles & Parts > Vehicle Parts & Accessories,Équipements Pilote > Gant > Route Eté Sans Coques,,S,,"0,3 kg","Specifications:Poids:0,3 kg, Specifications:Taille:M, XL, L, S, Specifications:Marque:Tucano",
gants-ete-tucano-bob-skin-m,https-www-go2roues-com-shop-gants-ete-tucan-13a5yp,Gants Été Tucano Bob Skin - M,"Description Les gants été Tucano Bob Skin sont homologués CE. Compatibles touch screen, vous n’aurez pas besoin de les enlever pour manipuler votre smartphone. L’extérieur est composé de cuir de chèvre véritable. Le dos est perforé afin de permettre de faciliter l’aération. Composée à 100% de polyester, sa doublure est en jersey orange. Le maintien au poignet se fait à l’aide d’un velcro.",https://www.go2roues.com/shop/gants-ete-tucano-bob-skin/?attribute_taille=M,https://www.go2roues.com/wp-content/uploads/2021/12/gants-tucano-bob-skin.jpg,"https://www.go2roues.com/wp-content/uploads/2021/12/gants-tucano-bob-skin-gros-plan.jpg, https://www.go2roues.com/wp-content/uploads/2018/11/tailles-des-gants.jpg",in_stock,69.00 EUR,,new,Tucano,,,no,Vehicles & Parts > Vehicle Parts & Accessories,Équipements Pilote > Gant > Route Eté Sans Coques,,M,,"0,3 kg","Specifications:Poids:0,3 kg, Specifications:Taille:M, XL, L, S, Specifications:Marque:Tucano",
gants-ete-tucano-bob-skin-xl,https-www-go2roues-com-shop-gants-ete-tucan-13a5yp,Gants Été Tucano Bob Skin - XL,"Description Les gants été Tucano Bob Skin sont homologués CE. Compatibles touch screen, vous n’aurez pas besoin de les enlever pour manipuler votre smartphone. L’extérieur est composé de cuir de chèvre véritable. Le dos est perforé afin de permettre de faciliter l’aération. Composée à 100% de polyester, sa doublure est en jersey orange. Le maintien au poignet se fait à l’aide d’un velcro.",https://www.go2roues.com/shop/gants-ete-tucano-bob-skin/?attribute_taille=XL,https://www.go2roues.com/wp-content/uploads/2021/12/gants-tucano-bob-skin.jpg,"https://www.go2roues.com/wp-content/uploads/2021/12/gants-tucano-bob-skin-gros-plan.jpg, https://www.go2roues.com/wp-content/uploads/2018/11/tailles-des-gants.jpg",in_stock,69.00 EUR,,new,Tucano,,,no,Vehicles & Parts > Vehicle Parts & Accessories,Équipements Pilote > Gant > Route Eté Sans Coques,,XL,,"0,3 kg","Specifications:Poids:0,3 kg, Specifications:Taille:M, XL, L, S, Specifications:Marque:Tucano",
couronne-sur-ron-58-dents,https-www-go2roues-com-shop-couronne-sur-ron,Couronne Sur-Ron - 58-dents,"Description Chaque couronne pour Sur-Ron Light Bee est une pièce officielle. Comptant le même nombre de dents que celle présente de série sur ces motocross électriques, la couronne 48 dents est une pièce de rechange. Celle comptant 58 dents vous permettra d’obtenir simplement beaucoup plus de couple mais réduira la vitesse maximale. Présente également dans le kit supermotard, la 42 dents offrira une allonge supérieure, mais réduira le couple et l’accélération. Installer la couronne 48 dents ne demandera aucune modification au niveau de la chaîne de transmission. D’origine, celle-ci compte 106 maillons. La couronne 58 dents demandera de l’allonger à 112 maillons. La 42 dents, de la réduire à 104 maillons. Pose en supplément.",https://www.go2roues.com/shop/couronne-sur-ron/?attribute_pa_taille-casque=58-dents,https://www.go2roues.com/wp-content/uploads/2021/02/sur-ron-light-bee-couronne-58-dents.jpg,,in_stock,107.00 EUR,,new,Sur-Ron,,,no,Vehicles & Parts > Vehicle Parts & Accessories,Accessoires,,58 dents,,ND,"Specifications:Poids:ND, Specifications:Marque:Sur-Ron, Specifications:Taille:42 dents, 48 dents, 58 dents",
couronne-sur-ron-42-dents,https-www-go2roues-com-shop-couronne-sur-ron,Couronne Sur-Ron - 42-dents,"Description Chaque couronne pour Sur-Ron Light Bee est une pièce officielle. Comptant le même nombre de dents que celle présente de série sur ces motocross électriques, la couronne 48 dents est une pièce de rechange. Celle comptant 58 dents vous permettra d’obtenir simplement beaucoup plus de couple mais réduira la vitesse maximale. Présente également dans le kit supermotard, la 42 dents offrira une allonge supérieure, mais réduira le couple et l’accélération. Installer la couronne 48 dents ne demandera aucune modification au niveau de la chaîne de transmission. D’origine, celle-ci compte 106 maillons. La couronne 58 dents demandera de l’allonger à 112 maillons. La 42 dents, de la réduire à 104 maillons. Pose en supplément.",https://www.go2roues.com/shop/couronne-sur-ron/?attribute_pa_taille-casque=42-dents,https://www.go2roues.com/wp-content/uploads/2021/02/sur-ron-light-bee-couronne-42-dents-supermotard.jpg,https://www.go2roues.com/wp-content/uploads/2021/02/sur-ron-light-bee-couronne-58-dents.jpg,in_stock,151.00 EUR,,new,Sur-Ron,,,no,Vehicles & Parts > Vehicle Parts & Accessories,Accessoires,,42 dents,,ND,"Specifications:Poids:ND, Specifications:Marque:Sur-Ron, Specifications:Taille:42 dents, 48 dents, 58 dents",
couronne-sur-ron-48-dents,https-www-go2roues-com-shop-couronne-sur-ron,Couronne Sur-Ron - 48-dents,"Description Chaque couronne pour Sur-Ron Light Bee est une pièce officielle. Comptant le même nombre de dents que celle présente de série sur ces motocross électriques, la couronne 48 dents est une pièce de rechange. Celle comptant 58 dents vous permettra d’obtenir simplement beaucoup plus de couple mais réduira la vitesse maximale. Présente également dans le kit supermotard, la 42 dents offrira une allonge supérieure, mais réduira le couple et l’accélération. Installer la couronne 48 dents ne demandera aucune modification au niveau de la chaîne de transmission. D’origine, celle-ci compte 106 maillons. La couronne 58 dents demandera de l’allonger à 112 maillons. La 42 dents, de la réduire à 104 maillons. Pose en supplément.",https://www.go2roues.com/shop/couronne-sur-ron/?attribute_pa_taille-casque=48-dents,https://www.go2roues.com/wp-content/uploads/2021/02/sur-ron-light-bee-couronne-48-dents-origine.jpg,https://www.go2roues.com/wp-content/uploads/2021/02/sur-ron-light-bee-couronne-58-dents.jpg,in_stock,106.00 EUR,,new,Sur-Ron,,,no,Vehicles & Parts > Vehicle Parts & Accessories,Accessoires,,48 dents,,ND,"Specifications:Poids:ND, Specifications:Marque:Sur-Ron, Specifications:Taille:42 dents, 48 dents, 58 dents",
disque-de-frein-sur-ron-avant,https-www-go2roues-com-shop-disque-de-frein-c5ai1t,Disque de frein Sur-Ron - avant,"Description Totalement identiques et conformes à ceux présents d’origine, ces disques de frein avant et arrière sont compatibles avec les Sur-Ron Light Bee Homologuée X ou Off-Road. Pose en supplément.",https://www.go2roues.com/shop/disque-de-frein-sur-ron/?attribute_pa_modele=avant,https://www.go2roues.com/wp-content/uploads/2021/02/sur-ron-light-bee-disque-frein-avant.jpg,,in_stock,51.00 EUR,,new,Sur-Ron,,,no,Vehicles & Parts > Vehicle Parts & Accessories,Accessoires,,,,,"Specifications:Marque:Sur-Ron, Specifications:Modèle:Arrière, Avant",
disque-de-frein-sur-ron-arriere,https-www-go2roues-com-shop-disque-de-frein-c5ai1t,Disque de frein Sur-Ron - arriere,"Description Totalement identiques et conformes à ceux présents d’origine, ces disques de frein avant et arrière sont compatibles avec les Sur-Ron Light Bee Homologuée X ou Off-Road. Pose en supplément.",https://www.go2roues.com/shop/disque-de-frein-sur-ron/?attribute_pa_modele=arriere,https://www.go2roues.com/wp-content/uploads/2021/02/sur-ron-light-bee-disque-frein-arriere.jpg,https://www.go2roues.com/wp-content/uploads/2021/02/sur-ron-light-bee-disque-frein-avant.jpg,in_stock,39.00 EUR,,new,Sur-Ron,,,no,Vehicles & Parts > Vehicle Parts & Accessories,Accessoires,,,,,"Specifications:Marque:Sur-Ron, Specifications:Modèle:Arrière, Avant",
plaquettes-de-frein-sur-ron-sur-ron,https-www-go2roues-com-shop-plaquettes-de-f-9vxnii,Plaquettes de frein Sur-Ron - sur-ron,"Description Jeu de plaquettes de frein pour les motocross électriques Sur-Ron Light Bee Off Road et Sur-Ron Light Bee Homologuée X. Disponibles en pièces de rechange officielles Sur-Ron, telles les plaquettes d’origine. Vendu par jeu de deux plaquettes. Pose en supplément.",https://www.go2roues.com/shop/plaquettes-de-frein-sur-ron/?attribute_pa_marque=sur-ron,https://www.go2roues.com/wp-content/uploads/2020/12/sur-ron-plaquettes-silencieuses.jpg,,in_stock,42.00 EUR,,new,Sur-Ron,,,no,Vehicles & Parts > Vehicle Parts & Accessories,Accessoires,,,,ND,"Specifications:Poids:ND, Specifications:Marque:Sur-Ron, URIDE",
retroviseurs-sur-ron-gauche,https-www-go2roues-com-shop-retroviseurs-sur-ron,Rétroviseurs Sur-Ron - gauche,Description Ces rétroviseurs sont compatibles avec la Sur-Ron Light Bee Homologuée X et sont identiques à ceux présents d’origine. Pose en supplément.,https://www.go2roues.com/shop/retroviseurs-sur-ron/?attribute_pa_modele=gauche,https://www.go2roues.com/wp-content/uploads/2021/02/sur-ron-retroviseurs-origine.jpg,,in_stock,29.00 EUR,,new,Sur-Ron,,,no,Vehicles & Parts > Vehicle Parts & Accessories,Pièces détachées > Retroviseurs,,,,"0,6 kg","Specifications:Poids:0,6 kg, Specifications:Marque:Sur-Ron, Specifications:Modèle:Droite, Gauche",
retroviseurs-sur-ron-droite,https-www-go2roues-com-shop-retroviseurs-sur-ron,Rétroviseurs Sur-Ron - droite,Description Ces rétroviseurs sont compatibles avec la Sur-Ron Light Bee Homologuée X et sont identiques à ceux présents d’origine. Pose en supplément.,https://www.go2roues.com/shop/retroviseurs-sur-ron/?attribute_pa_modele=droite,https://www.go2roues.com/wp-content/uploads/2021/02/sur-ron-retroviseurs-origine.jpg,,in_stock,29.00 EUR,,new,Sur-Ron,,,no,Vehicles & Parts > Vehicle Parts & Accessories,Pièces détachées > Retroviseurs,,,,"0,6 kg","Specifications:Poids:0,6 kg, Specifications:Marque:Sur-Ron, Specifications:Modèle:Droite, Gauche",
chargeur-sur-ron,,Chargeur Sur-Ron,"Chargeur d'origine pour les motocross électriques Sur-Ron Light Bee, 10 A, charge la batterie d'origine en 2 h 30 environ.",https://www.go2roues.com/shop/chargeur-sur-ron/,https://www.go2roues.com/wp-content/uploads/2021/02/sur-ron-light-bee-chargeur-1.jpg,,out_of_stock,369.00 EUR,,new,Sur-Ron,,,no,Vehicles & Parts > Vehicle Parts & Accessories,Accessoires > Batterie > Chargeur,,,,"3,5 kg","Specifications:Poids:3,5 kg, Specifications:Marque:Sur-Ron",
cenac01,,Vis Visière S789 (vendu par paire),"Description Vis Visière S789 (vendu par paire), remplace celles présentes d’origine sur votre casque.",https://www.go2roues.com/shop/vis-visiere-s789/,https://www.go2roues.com/wp-content/uploads/2022/01/CENAC01-1.jpg,,out_of_stock,5.00 EUR,,new,,CENAC01,3662775312640,yes,Vehicles & Parts > Vehicle Parts & Accessories,Équipements Pilote > Casque > Accessoire Casque,,,,"0,1230 kg","Specifications:Poids:0,1230 kg, Specifications:Marque:S-Line, Specifications:Modèle:S789 CRUX, Specifications:Couleur:Alu, Specifications:Taille:Unique, Specifications:Démontable:Oui",
ddeac01,,Vis Visière S706 (vendu par paire),"Description Vis Visière S706, en remplacement de celle présente d’origine.",https://www.go2roues.com/shop/vis-visiere-s706/,https://www.go2roues.com/wp-content/uploads/2022/01/Vis-Visière-S706-paire.jpg,,out_of_stock,3.00 EUR,,new,,DDEAC01,3662775242770,yes,Vehicles & Parts > Vehicle Parts & Accessories,Équipements Pilote > Casque > Accessoire Casque,,,,"0,0300 kg","Specifications:Poids:0,0300 kg, Specifications:Marque:S-Line, Specifications:Modèle:S706, Specifications:Couleur:Noir",
gan095nbl-noir-et-blanc-l,https-www-go2roues-com-shop-gants-mx-cross--utfzy0,Gants MX CROSS US Tactile - NOIR ET BLANC / L,Description Les gants MX US Tactile sont homologués CE. DESSUS: -nylon ( fourway) pour une grande souplesse et une aération optimale -inserts de protection en tpr sur les phalanges. PAUME: -incurvée pour un meilleur confort -renforcée en cuir AMARA -impression silicone pour un meilleur feeling des commandes au niveau des doigts POIGNET: -manchette courte néoprene -serrage réglable par velcro,https://www.go2roues.com/shop/gants-mx-cross-us-tactile/?attribute_couleur=NOIR+ET+BLANC&attribute_taille=L,https://www.go2roues.com/wp-content/uploads/2022/01/GAN095NBL.jpg,https://www.go2roues.com/wp-content/uploads/2018/11/tailles-des-gants.jpg,in_stock,27.00 EUR,,new,,GAN095NBL,,yes,Vehicles & Parts > Vehicle Parts & Accessories,Équipements Pilote > Gant > Cross,NOIR ET BLANC,L,,ND,"Specifications:Poids:ND, Specifications:COULEUR:NOIR ET BLANC, ORANGE ET JAUNE FLUO, NOIR ET JAUNE FLUO, BLEU ET ORANGE, Specifications:TAILLE:L, M, S, XL, XS, XXL, XXXL",
gan095nbm-noir-et-blanc-m,https-www-go2roues-com-shop-gants-mx-cross--utfzy0,Gants MX CROSS US Tactile - NOIR ET BLANC / M,Description Les gants MX US Tactile sont homologués CE. DESSUS: -nylon ( fourway) pour une grande souplesse et une aération optimale -inserts de protection en tpr sur les phalanges. PAUME: -incurvée pour un meilleur confort -renforcée en cuir AMARA -impression silicone pour un meilleur feeling des commandes au niveau des doigts POIGNET: -manchette courte néoprene -serrage réglable par velcro,https://www.go2roues.com/shop/gants-mx-cross-us-tactile/?attribute_couleur=NOIR+ET+BLANC&attribute_taille=M,https://www.go2roues.com/wp-content/uploads/2022/01/GAN095NBM.jpg,"https://www.go2roues.com/wp-content/uploads/2022/01/GAN095NBL.jpg, https://www.go2roues.com/wp-content/uploads/2018/11/tailles-des-gants.jpg",in_stock,27.00 EUR,,new,,GAN095NBM,,yes,Vehicles & Parts > Vehicle Parts & Accessories,Équipements Pilote > Gant > Cross,NOIR ET BLANC,M,,ND,"Specifications:Poids:ND, Specifications:COULEUR:NOIR ET BLANC, ORANGE ET JAUNE FLUO, NOIR ET JAUNE FLUO, BLEU ET ORANGE, Specifications:TAILLE:L, M, S, XL, XS, XXL, XXXL",
gan095nbs-noir-et-blanc-s,https-www-go2roues-com-shop-gants-mx-cross--utfzy0,Gants MX CROSS US Tactile - NOIR ET BLANC / S,Description Les gants MX US Tactile sont homologués CE. DESSUS: -nylon ( fourway) pour une grande souplesse et une aération optimale -inserts de protection en tpr sur les phalanges. PAUME: -incurvée pour un meilleur confort -renforcée en cuir AMARA -impression silicone pour un meilleur feeling des commandes au niveau des doigts POIGNET: -manchette courte néoprene -serrage réglable par velcro,https://www.go2roues.com/shop/gants-mx-cross-us-tactile/?attribute_couleur=NOIR+ET+BLANC&attribute_taille=S,https://www.go2roues.com/wp-content/uploads/2022/01/GAN095NBS.jpg,"https://www.go2roues.com/wp-content/uploads/2022/01/GAN095NBL.jpg, https://www.go2roues.com/wp-content/uploads/2018/11/tailles-des-gants.jpg",in_stock,27.00 EUR,,new,,GAN095NBS,,yes,Vehicles & Parts > Vehicle Parts & Accessories,Équipements Pilote > Gant > Cross,NOIR ET BLANC,S,,ND,"Specifications:Poids:ND, Specifications:COULEUR:NOIR ET BLANC, ORANGE ET JAUNE FLUO, NOIR ET JAUNE FLUO, BLEU ET ORANGE, Specifications:TAILLE:L, M, S, XL, XS, XXL, XXXL",
gan095nbxl-noir-et-blanc-xl,https-www-go2roues-com-shop-gants-mx-cross--utfzy0,Gants MX CROSS US Tactile - NOIR ET BLANC / XL,Description Les gants MX US Tactile sont homologués CE. DESSUS: -nylon ( fourway) pour une grande souplesse et une aération optimale -inserts de protection en tpr sur les phalanges. PAUME: -incurvée pour un meilleur confort -renforcée en cuir AMARA -impression silicone pour un meilleur feeling des commandes au niveau des doigts POIGNET: -manchette courte néoprene -serrage réglable par velcro,https://www.go2roues.com/shop/gants-mx-cross-us-tactile/?attribute_couleur=NOIR+ET+BLANC&attribute_taille=XL,https://www.go2roues.com/wp-content/uploads/2022/01/GAN095NBXL.jpg,"https://www.go2roues.com/wp-content/uploads/2022/01/GAN095NBL.jpg, https://www.go2roues.com/wp-content/uploads/2018/11/tailles-des-gants.jpg",in_stock,27.00 EUR,,new,,GAN095NBXL,,yes,Vehicles & Parts > Vehicle Parts & Accessories,Équipements Pilote > Gant > Cross,NOIR ET BLANC,XL,,ND,"Specifications:Poids:ND, Specifications:COULEUR:NOIR ET BLANC, ORANGE ET JAUNE FLUO, NOIR ET JAUNE FLUO, BLEU ET ORANGE, Specifications:TAILLE:L, M, S, XL, XS, XXL, XXXL",
gan095nbxs-noir-et-blanc-xs,https-www-go2roues-com-shop-gants-mx-cross--utfzy0,Gants MX CROSS US Tactile - NOIR ET BLANC / XS,Description Les gants MX US Tactile sont homologués CE. DESSUS: -nylon ( fourway) pour une grande souplesse et une aération optimale -inserts de protection en tpr sur les phalanges. PAUME: -incurvée pour un meilleur confort -renforcée en cuir AMARA -impression silicone pour un meilleur feeling des commandes au niveau des doigts POIGNET: -manchette courte néoprene -serrage réglable par velcro,https://www.go2roues.com/shop/gants-mx-cross-us-tactile/?attribute_couleur=NOIR+ET+BLANC&attribute_taille=XS,https://www.go2roues.com/wp-content/uploads/2022/01/GAN095NBXS.jpg,"https://www.go2roues.com/wp-content/uploads/2022/01/GAN095NBL.jpg, https://www.go2roues.com/wp-content/uploads/2018/11/tailles-des-gants.jpg",in_stock,27.00 EUR,,new,,GAN095NBXS,,yes,Vehicles & Parts > Vehicle Parts & Accessories,Équipements Pilote > Gant > Cross,NOIR ET BLANC,XS,,ND,"Specifications:Poids:ND, Specifications:COULEUR:NOIR ET BLANC, ORANGE ET JAUNE FLUO, NOIR ET JAUNE FLUO, BLEU ET ORANGE, Specifications:TAILLE:L, M, S, XL, XS, XXL, XXXL",
gan095nbxxl-noir-et-blanc-xxl,https-www-go2roues-com-shop-gants-mx-cross--utfzy0,Gants MX CROSS US Tactile - NOIR ET BLANC / XXL,Description Les gants MX US Tactile sont homologués CE. DESSUS: -nylon ( fourway) pour une grande souplesse et une aération optimale -inserts de protection en tpr sur les phalanges. PAUME: -incurvée pour un meilleur confort -renforcée en cuir AMARA -impression silicone pour un meilleur feeling des commandes au niveau des doigts POIGNET: -manchette courte néoprene -serrage réglable par velcro,https://www.go2roues.com/shop/gants-mx-cross-us-tactile/?attribute_couleur=NOIR+ET+BLANC&attribute_taille=XXL,https://www.go2roues.com/wp-content/uploads/2022/01/GAN095NBXXL.jpg,"https://www.go2roues.com/wp-content/uploads/2022/01/GAN095NBL.jpg, https://www.go2roues.com/wp-content/uploads/2018/11/tailles-des-gants.jpg",in_stock,27.00 EUR,,new,,GAN095NBXXL,,yes,Vehicles & Parts > Vehicle Parts & Accessories,Équipements Pilote > Gant > Cross,NOIR ET BLANC,XXL,,ND,"Specifications:Poids:ND, Specifications:COULEUR:NOIR ET BLANC, ORANGE ET JAUNE FLUO, NOIR ET JAUNE FLUO, BLEU ET ORANGE, Specifications:TAILLE:L, M, S, XL, XS, XXL, XXXL",
gan095nbxxxl-noir-et-blanc-xxxl,https-www-go2roues-com-shop-gants-mx-cross--utfzy0,Gants MX CROSS US Tactile - NOIR ET BLANC / XXXL,Description Les gants MX US Tactile sont homologués CE. DESSUS: -nylon ( fourway) pour une grande souplesse et une aération optimale -inserts de protection en tpr sur les phalanges. PAUME: -incurvée pour un meilleur confort -renforcée en cuir AMARA -impression silicone pour un meilleur feeling des commandes au niveau des doigts POIGNET: -manchette courte néoprene -serrage réglable par velcro,https://www.go2roues.com/shop/gants-mx-cross-us-tactile/?attribute_couleur=NOIR+ET+BLANC&attribute_taille=XXXL,https://www.go2roues.com/wp-content/uploads/2022/01/GAN095NBXXXL.jpg,"https://www.go2roues.com/wp-content/uploads/2022/01/GAN095NBL.jpg, https://www.go2roues.com/wp-content/uploads/2018/11/tailles-des-gants.jpg",in_stock,27.00 EUR,,new,,GAN095NBXXXL,,yes,Vehicles & Parts > Vehicle Parts & Accessories,Équipements Pilote > Gant > Cross,NOIR ET BLANC,XXXL,,ND,"Specifications:Poids:ND, Specifications:COULEUR:NOIR ET BLANC, ORANGE ET JAUNE FLUO, NOIR ET JAUNE FLUO, BLEU ET ORANGE, Specifications:TAILLE:L, M, S, XL, XS, XXL, XXXL",
gan095ojl-orange-et-jaune-fluo-l,https-www-go2roues-com-shop-gants-mx-cross--utfzy0,Gants MX CROSS US Tactile - ORANGE ET JAUNE FLUO / L,Description Les gants MX US Tactile sont homologués CE. DESSUS: -nylon ( fourway) pour une grande souplesse et une aération optimale -inserts de protection en tpr sur les phalanges. PAUME: -incurvée pour un meilleur confort -renforcée en cuir AMARA -impression silicone pour un meilleur feeling des commandes au niveau des doigts POIGNET: -manchette courte néoprene -serrage réglable par velcro,https://www.go2roues.com/shop/gants-mx-cross-us-tactile/?attribute_couleur=ORANGE+ET+JAUNE+FLUO&attribute_taille=L,https://www.go2roues.com/wp-content/uploads/2022/01/GAN095OJL.jpg,"https://www.go2roues.com/wp-content/uploads/2022/01/GAN095NBL.jpg, https://www.go2roues.com/wp-content/uploads/2018/11/tailles-des-gants.jpg",in_stock,27.00 EUR,,new,,GAN095OJL,,yes,Vehicles & Parts > Vehicle Parts & Accessories,Équipements Pilote > Gant > Cross,ORANGE ET JAUNE FLUO,L,,ND,"Specifications:Poids:ND, Specifications:COULEUR:NOIR ET BLANC, ORANGE ET JAUNE FLUO, NOIR ET JAUNE FLUO, BLEU ET ORANGE, Specifications:TAILLE:L, M, S, XL, XS, XXL, XXXL",
gan095ojm-orange-et-jaune-fluo-m,https-www-go2roues-com-shop-gants-mx-cross--utfzy0,Gants MX CROSS US Tactile - ORANGE ET JAUNE FLUO / M,Description Les gants MX US Tactile sont homologués CE. DESSUS: -nylon ( fourway) pour une grande souplesse et une aération optimale -inserts de protection en tpr sur les phalanges. PAUME: -incurvée pour un meilleur confort -renforcée en cuir AMARA -impression silicone pour un meilleur feeling des commandes au niveau des doigts POIGNET: -manchette courte néoprene -serrage réglable par velcro,https://www.go2roues.com/shop/gants-mx-cross-us-tactile/?attribute_couleur=ORANGE+ET+JAUNE+FLUO&attribute_taille=M,https://www.go2roues.com/wp-content/uploads/2022/01/GAN095OJM.jpg,"https://www.go2roues.com/wp-content/uploads/2022/01/GAN095NBL.jpg, https://www.go2roues.com/wp-content/uploads/2018/11/tailles-des-gants.jpg",in_stock,27.00 EUR,,new,,GAN095OJM,,yes,Vehicles & Parts > Vehicle Parts & Accessories,Équipements Pilote > Gant > Cross,ORANGE ET JAUNE FLUO,M,,ND,"Specifications:Poids:ND, Specifications:COULEUR:NOIR ET BLANC, ORANGE ET JAUNE FLUO, NOIR ET JAUNE FLUO, BLEU ET ORANGE, Specifications:TAILLE:L, M, S, XL, XS, XXL, XXXL",
gan095ojs-orange-et-jaune-fluo-s,https-www-go2roues-com-shop-gants-mx-cross--utfzy0,Gants MX CROSS US Tactile - ORANGE ET JAUNE FLUO / S,Description Les gants MX US Tactile sont homologués CE. DESSUS: -nylon ( fourway) pour une grande souplesse et une aération optimale -inserts de protection en tpr sur les phalanges. PAUME: -incurvée pour un meilleur confort -renforcée en cuir AMARA -impression silicone pour un meilleur feeling des commandes au niveau des doigts POIGNET: -manchette courte néoprene -serrage réglable par velcro,https://www.go2roues.com/shop/gants-mx-cross-us-tactile/?attribute_couleur=ORANGE+ET+JAUNE+FLUO&attribute_taille=S,https://www.go2roues.com/wp-content/uploads/2022/01/GAN095OJS.jpg,"https://www.go2roues.com/wp-content/uploads/2022/01/GAN095NBL.jpg, https://www.go2roues.com/wp-content/uploads/2018/11/tailles-des-gants.jpg",in_stock,27.00 EUR,,new,,GAN095OJS,,yes,Vehicles & Parts > Vehicle Parts & Accessories,Équipements Pilote > Gant > Cross,ORANGE ET JAUNE FLUO,S,,ND,"Specifications:Poids:ND, Specifications:COULEUR:NOIR ET BLANC, ORANGE ET JAUNE FLUO, NOIR ET JAUNE FLUO, BLEU ET ORANGE, Specifications:TAILLE:L, M, S, XL, XS, XXL, XXXL",
gan095ojxl-orange-et-jaune-fluo-xl,https-www-go2roues-com-shop-gants-mx-cross--utfzy0,Gants MX CROSS US Tactile - ORANGE ET JAUNE FLUO / XL,Description Les gants MX US Tactile sont homologués CE. DESSUS: -nylon ( fourway) pour une grande souplesse et une aération optimale -inserts de protection en tpr sur les phalanges. PAUME: -incurvée pour un meilleur confort -renforcée en cuir AMARA -impression silicone pour un meilleur feeling des commandes au niveau des doigts POIGNET: -manchette courte néoprene -serrage réglable par velcro,https://www.go2roues.com/shop/gants-mx-cross-us-tactile/?attribute_couleur=ORANGE+ET+JAUNE+FLUO&attribute_taille=XL,https://www.go2roues.com/wp-content/uploads/2022/01/GAN095OJXL.jpg,"https://www.go2roues.com/wp-content/uploads/2022/01/GAN095NBL.jpg, https://www.go2roues.com/wp-content/uploads/2018/11/tailles-des-gants.jpg",in_stock,27.00 EUR,,new,,GAN095OJXL,,yes,Vehicles & Parts > Vehicle Parts & Accessories,Équipements Pilote > Gant > Cross,ORANGE ET JAUNE FLUO,XL,,ND,"Specifications:Poids:ND, Specifications:COULEUR:NOIR ET BLANC, ORANGE ET JAUNE FLUO, NOIR ET JAUNE FLUO, BLEU ET ORANGE, Specifications:TAILLE:L, M, S, XL, XS, XXL, XXXL",
gan095ojxs-orange-et-jaune-fluo-xs,https-www-go2roues-com-shop-gants-mx-cross--utfzy0,Gants MX CROSS US Tactile - ORANGE ET JAUNE FLUO / XS,Description Les gants MX US Tactile sont homologués CE. DESSUS: -nylon ( fourway) pour une grande souplesse et une aération optimale -inserts de protection en tpr sur les phalanges. PAUME: -incurvée pour un meilleur confort -renforcée en cuir AMARA -impression silicone pour un meilleur feeling des commandes au niveau des doigts POIGNET: -manchette courte néoprene -serrage réglable par velcro,https://www.go2roues.com/shop/gants-mx-cross-us-tactile/?attribute_couleur=ORANGE+ET+JAUNE+FLUO&attribute_taille=XS,https://www.go2roues.com/wp-content/uploads/2022/01/GAN095OJXS.jpg,"https://www.go2roues.com/wp-content/uploads/2022/01/GAN095NBL.jpg, https://www.go2roues.com/wp-content/uploads/2018/11/tailles-des-gants.jpg",in_stock,27.00 EUR,,new,,GAN095OJXS,,yes,Vehicles & Parts > Vehicle Parts & Accessories,Équipements Pilote > Gant > Cross,ORANGE ET JAUNE FLUO,XS,,ND,"Specifications:Poids:ND, Specifications:COULEUR:NOIR ET BLANC, ORANGE ET JAUNE FLUO, NOIR ET JAUNE FLUO, BLEU ET ORANGE, Specifications:TAILLE:L, M, S, XL, XS, XXL, XXXL",
gan095ojxxl-orange-et-jaune-fluo-xxl,https-www-go2roues-com-shop-gants-mx-cross--utfzy0,Gants MX CROSS US Tactile - ORANGE ET JAUNE FLUO / XXL,Description Les gants MX US Tactile sont homologués CE. DESSUS: -nylon ( fourway) pour une grande souplesse et une aération optimale -inserts de protection en tpr sur les phalanges. PAUME: -incurvée pour un meilleur confort -renforcée en cuir AMARA -impression silicone pour un meilleur feeling des commandes au niveau des doigts POIGNET: -manchette courte néoprene -serrage réglable par velcro,https://www.go2roues.com/shop/gants-mx-cross-us-tactile/?attribute_couleur=ORANGE+ET+JAUNE+FLUO&attribute_taille=XXL,https://www.go2roues.com/wp-content/uploads/2022/01/GAN095OJXXL.jpg,"https://www.go2roues.com/wp-content/uploads/2022/01/GAN095NBL.jpg, https://www.go2roues.com/wp-content/uploads/2018/11/tailles-des-gants.jpg",in_stock,27.00 EUR,,new,,GAN095OJXXL,,yes,Vehicles & Parts > Vehicle Parts & Accessories,Équipements Pilote > Gant > Cross,ORANGE ET JAUNE FLUO,XXL,,ND,"Specifications:Poids:ND, Specifications:COULEUR:NOIR ET BLANC, ORANGE ET JAUNE FLUO, NOIR ET JAUNE FLUO, BLEU ET ORANGE, Specifications:TAILLE:L, M, S, XL, XS, XXL, XXXL",
gan095ojxxxl-orange-et-jaune-fluo-xxxl,https-www-go2roues-com-shop-gants-mx-cross--utfzy0,Gants MX CROSS US Tactile - ORANGE ET JAUNE FLUO / XXXL,Description Les gants MX US Tactile sont homologués CE. DESSUS: -nylon ( fourway) pour une grande souplesse et une aération optimale -inserts de protection en tpr sur les phalanges. PAUME: -incurvée pour un meilleur confort -renforcée en cuir AMARA -impression silicone pour un meilleur feeling des commandes au niveau des doigts POIGNET: -manchette courte néoprene -serrage réglable par velcro,https://www.go2roues.com/shop/gants-mx-cross-us-tactile/?attribute_couleur=ORANGE+ET+JAUNE+FLUO&attribute_taille=XXXL,https://www.go2roues.com/wp-content/uploads/2022/01/GAN095OJXXXL.jpg,"https://www.go2roues.com/wp-content/uploads/2022/01/GAN095NBL.jpg, https://www.go2roues.com/wp-content/uploads/2018/11/tailles-des-gants.jpg",in_stock,27.00 EUR,,new,,GAN095OJXXXL,,yes,Vehicles & Parts > Vehicle Parts & Accessories,Équipements Pilote > Gant > Cross,ORANGE ET JAUNE FLUO,XXXL,,ND,"Specifications:Poids:ND, Specifications:COULEUR:NOIR ET BLANC, ORANGE ET JAUNE FLUO, NOIR ET JAUNE FLUO, BLEU ET ORANGE, Specifications:TAILLE:L, M, S, XL, XS, XXL, XXXL",
gan095njl-noir-et-jaune-fluo-l,https-www-go2roues-com-shop-gants-mx-cross--utfzy0,Gants MX CROSS US Tactile - NOIR ET JAUNE FLUO / L,Description Les gants MX US Tactile sont homologués CE. DESSUS: -nylon ( fourway) pour une grande souplesse et une aération optimale -inserts de protection en tpr sur les phalanges. PAUME: -incurvée pour un meilleur confort -renforcée en cuir AMARA -impression silicone pour un meilleur feeling des commandes au niveau des doigts POIGNET: -manchette courte néoprene -serrage réglable par velcro,https://www.go2roues.com/shop/gants-mx-cross-us-tactile/?attribute_couleur=NOIR+ET+JAUNE+FLUO&attribute_taille=L,https://www.go2roues.com/wp-content/uploads/2022/01/GAN095NJL.jpg,"https://www.go2roues.com/wp-content/uploads/2022/01/GAN095NBL.jpg, https://www.go2roues.com/wp-content/uploads/2018/11/tailles-des-gants.jpg",in_stock,27.00 EUR,,new,,GAN095NJL,,yes,Vehicles & Parts > Vehicle Parts & Accessories,Équipements Pilote > Gant > Cross,NOIR ET JAUNE FLUO,L,,ND,"Specifications:Poids:ND, Specifications:COULEUR:NOIR ET BLANC, ORANGE ET JAUNE FLUO, NOIR ET JAUNE FLUO, BLEU ET ORANGE, Specifications:TAILLE:L, M, S, XL, XS, XXL, XXXL",
gan095njm-noir-et-jaune-fluo-m,https-www-go2roues-com-shop-gants-mx-cross--utfzy0,Gants MX CROSS US Tactile - NOIR ET JAUNE FLUO / M,Description Les gants MX US Tactile sont homologués CE. DESSUS: -nylon ( fourway) pour une grande souplesse et une aération optimale -inserts de protection en tpr sur les phalanges. PAUME: -incurvée pour un meilleur confort -renforcée en cuir AMARA -impression silicone pour un meilleur feeling des commandes au niveau des doigts POIGNET: -manchette courte néoprene -serrage réglable par velcro,https://www.go2roues.com/shop/gants-mx-cross-us-tactile/?attribute_couleur=NOIR+ET+JAUNE+FLUO&attribute_taille=M,https://www.go2roues.com/wp-content/uploads/2022/01/GAN095NJM.jpg,"https://www.go2roues.com/wp-content/uploads/2022/01/GAN095NBL.jpg, https://www.go2roues.com/wp-content/uploads/2018/11/tailles-des-gants.jpg",in_stock,27.00 EUR,,new,,GAN095NJM,,yes,Vehicles & Parts > Vehicle Parts & Accessories,Équipements Pilote > Gant > Cross,NOIR ET JAUNE FLUO,M,,ND,"Specifications:Poids:ND, Specifications:COULEUR:NOIR ET BLANC, ORANGE ET JAUNE FLUO, NOIR ET JAUNE FLUO, BLEU ET ORANGE, Specifications:TAILLE:L, M, S, XL, XS, XXL, XXXL",
gan095njs-noir-et-jaune-fluo-s,https-www-go2roues-com-shop-gants-mx-cross--utfzy0,Gants MX CROSS US Tactile - NOIR ET JAUNE FLUO / S,Description Les gants MX US Tactile sont homologués CE. DESSUS: -nylon ( fourway) pour une grande souplesse et une aération optimale -inserts de protection en tpr sur les phalanges. PAUME: -incurvée pour un meilleur confort -renforcée en cuir AMARA -impression silicone pour un meilleur feeling des commandes au niveau des doigts POIGNET: -manchette courte néoprene -serrage réglable par velcro,https://www.go2roues.com/shop/gants-mx-cross-us-tactile/?attribute_couleur=NOIR+ET+JAUNE+FLUO&attribute_taille=S,https://www.go2roues.com/wp-content/uploads/2022/01/GAN095NJS.jpg,"https://www.go2roues.com/wp-content/uploads/2022/01/GAN095NBL.jpg, https://www.go2roues.com/wp-content/uploads/2018/11/tailles-des-gants.jpg",in_stock,27.00 EUR,,new,,GAN095NJS,,yes,Vehicles & Parts > Vehicle Parts & Accessories,Équipements Pilote > Gant > Cross,NOIR ET JAUNE FLUO,S,,ND,"Specifications:Poids:ND, Specifications:COULEUR:NOIR ET BLANC, ORANGE ET JAUNE FLUO, NOIR ET JAUNE FLUO, BLEU ET ORANGE, Specifications:TAILLE:L, M, S, XL, XS, XXL, XXXL",
gan095njxl-noir-et-jaune-fluo-xl,https-www-go2roues-com-shop-gants-mx-cross--utfzy0,Gants MX CROSS US Tactile - NOIR ET JAUNE FLUO / XL,Description Les gants MX US Tactile sont homologués CE. DESSUS: -nylon ( fourway) pour une grande souplesse et une aération optimale -inserts de protection en tpr sur les phalanges. PAUME: -incurvée pour un meilleur confort -renforcée en cuir AMARA -impression silicone pour un meilleur feeling des commandes au niveau des doigts POIGNET: -manchette courte néoprene -serrage réglable par velcro,https://www.go2roues.com/shop/gants-mx-cross-us-tactile/?attribute_couleur=NOIR+ET+JAUNE+FLUO&attribute_taille=XL,https://www.go2roues.com/wp-content/uploads/2022/01/GAN095NJXL.jpg,"https://www.go2roues.com/wp-content/uploads/2022/01/GAN095NBL.jpg, https://www.go2roues.com/wp-content/uploads/2018/11/tailles-des-gants.jpg",in_stock,27.00 EUR,,new,,GAN095NJXL,,yes,Vehicles & Parts > Vehicle Parts & Accessories,Équipements Pilote > Gant > Cross,NOIR ET JAUNE FLUO,XL,,ND,"Specifications:Poids:ND, Specifications:COULEUR:NOIR ET BLANC, ORANGE ET JAUNE FLUO, NOIR ET JAUNE FLUO, BLEU ET ORANGE, Specifications:TAILLE:L, M, S, XL, XS, XXL, XXXL",
gan095njxs-noir-et-jaune-fluo-xs,https-www-go2roues-com-shop-gants-mx-cross--utfzy0,Gants MX CROSS US Tactile - NOIR ET JAUNE FLUO / XS,Description Les gants MX US Tactile sont homologués CE. DESSUS: -nylon ( fourway) pour une grande souplesse et une aération optimale -inserts de protection en tpr sur les phalanges. PAUME: -incurvée pour un meilleur confort -renforcée en cuir AMARA -impression silicone pour un meilleur feeling des commandes au niveau des doigts POIGNET: -manchette courte néoprene -serrage réglable par velcro,https://www.go2roues.com/shop/gants-mx-cross-us-tactile/?attribute_couleur=NOIR+ET+JAUNE+FLUO&attribute_taille=XS,https://www.go2roues.com/wp-content/uploads/2022/01/GAN095NJXS.jpg,"https://www.go2roues.com/wp-content/uploads/2022/01/GAN095NBL.jpg, https://www.go2roues.com/wp-content/uploads/2018/11/tailles-des-gants.jpg",in_stock,27.00 EUR,,new,,GAN095NJXS,,yes,Vehicles & Parts > Vehicle Parts & Accessories,Équipements Pilote > Gant > Cross,NOIR ET JAUNE FLUO,XS,,ND,"Specifications:Poids:ND, Specifications:COULEUR:NOIR ET BLANC, ORANGE ET JAUNE FLUO, NOIR ET JAUNE FLUO, BLEU ET ORANGE, Specifications:TAILLE:L, M, S, XL, XS, XXL, XXXL",
gan095njxxl-noir-et-jaune-fluo-xxl,https-www-go2roues-com-shop-gants-mx-cross--utfzy0,Gants MX CROSS US Tactile - NOIR ET JAUNE FLUO / XXL,Description Les gants MX US Tactile sont homologués CE. DESSUS: -nylon ( fourway) pour une grande souplesse et une aération optimale -inserts de protection en tpr sur les phalanges. PAUME: -incurvée pour un meilleur confort -renforcée en cuir AMARA -impression silicone pour un meilleur feeling des commandes au niveau des doigts POIGNET: -manchette courte néoprene -serrage réglable par velcro,https://www.go2roues.com/shop/gants-mx-cross-us-tactile/?attribute_couleur=NOIR+ET+JAUNE+FLUO&attribute_taille=XXL,https://www.go2roues.com/wp-content/uploads/2022/01/GAN095NJXXL.jpg,"https://www.go2roues.com/wp-content/uploads/2022/01/GAN095NBL.jpg, https://www.go2roues.com/wp-content/uploads/2018/11/tailles-des-gants.jpg",in_stock,27.00 EUR,,new,,GAN095NJXXL,,yes,Vehicles & Parts > Vehicle Parts & Accessories,Équipements Pilote > Gant > Cross,NOIR ET JAUNE FLUO,XXL,,ND,"Specifications:Poids:ND, Specifications:COULEUR:NOIR ET BLANC, ORANGE ET JAUNE FLUO, NOIR ET JAUNE FLUO, BLEU ET ORANGE, Specifications:TAILLE:L, M, S, XL, XS, XXL, XXXL",
gan095njxxxl-noir-et-jaune-fluo-xxxl,https-www-go2roues-com-shop-gants-mx-cross--utfzy0,Gants MX CROSS US Tactile - NOIR ET JAUNE FLUO / XXXL,Description Les gants MX US Tactile sont homologués CE. DESSUS: -nylon ( fourway) pour une grande souplesse et une aération optimale -inserts de protection en tpr sur les phalanges. PAUME: -incurvée pour un meilleur confort -renforcée en cuir AMARA -impression silicone pour un meilleur feeling des commandes au niveau des doigts POIGNET: -manchette courte néoprene -serrage réglable par velcro,https://www.go2roues.com/shop/gants-mx-cross-us-tactile/?attribute_couleur=NOIR+ET+JAUNE+FLUO&attribute_taille=XXXL,https://www.go2roues.com/wp-content/uploads/2022/01/GAN095NJXXXL.jpg,"https://www.go2roues.com/wp-content/uploads/2022/01/GAN095NBL.jpg, https://www.go2roues.com/wp-content/uploads/2018/11/tailles-des-gants.jpg",in_stock,27.00 EUR,,new,,GAN095NJXXXL,,yes,Vehicles & Parts > Vehicle Parts & Accessories,Équipements Pilote > Gant > Cross,NOIR ET JAUNE FLUO,XXXL,,ND,"Specifications:Poids:ND, Specifications:COULEUR:NOIR ET BLANC, ORANGE ET JAUNE FLUO, NOIR ET JAUNE FLUO, BLEU ET ORANGE, Specifications:TAILLE:L, M, S, XL, XS, XXL, XXXL",
gan095bol-bleu-et-orange-l,https-www-go2roues-com-shop-gants-mx-cross--utfzy0,Gants MX CROSS US Tactile - BLEU ET ORANGE / L,Description Les gants MX US Tactile sont homologués CE. DESSUS: -nylon ( fourway) pour une grande souplesse et une aération optimale -inserts de protection en tpr sur les phalanges. PAUME: -incurvée pour un meilleur confort -renforcée en cuir AMARA -impression silicone pour un meilleur feeling des commandes au niveau des doigts POIGNET: -manchette courte néoprene -serrage réglable par velcro,https://www.go2roues.com/shop/gants-mx-cross-us-tactile/?attribute_couleur=BLEU+ET+ORANGE&attribute_taille=L,https://www.go2roues.com/wp-content/uploads/2022/01/GAN095BOL.jpg,"https://www.go2roues.com/wp-content/uploads/2022/01/GAN095NBL.jpg, https://www.go2roues.com/wp-content/uploads/2018/11/tailles-des-gants.jpg",in_stock,27.00 EUR,,new,,GAN095BOL,,yes,Vehicles & Parts > Vehicle Parts & Accessories,Équipements Pilote > Gant > Cross,BLEU ET ORANGE,L,,ND,"Specifications:Poids:ND, Specifications:COULEUR:NOIR ET BLANC, ORANGE ET JAUNE FLUO, NOIR ET JAUNE FLUO, BLEU ET ORANGE, Specifications:TAILLE:L, M, S, XL, XS, XXL, XXXL",
gan095bom-bleu-et-orange-m,https-www-go2roues-com-shop-gants-mx-cross--utfzy0,Gants MX CROSS US Tactile - BLEU ET ORANGE / M,Description Les gants MX US Tactile sont homologués CE. DESSUS: -nylon ( fourway) pour une grande souplesse et une aération optimale -inserts de protection en tpr sur les phalanges. PAUME: -incurvée pour un meilleur confort -renforcée en cuir AMARA -impression silicone pour un meilleur feeling des commandes au niveau des doigts POIGNET: -manchette courte néoprene -serrage réglable par velcro,https://www.go2roues.com/shop/gants-mx-cross-us-tactile/?attribute_couleur=BLEU+ET+ORANGE&attribute_taille=M,https://www.go2roues.com/wp-content/uploads/2022/01/GAN095BOM.jpg,"https://www.go2roues.com/wp-content/uploads/2022/01/GAN095NBL.jpg, https://www.go2roues.com/wp-content/uploads/2018/11/tailles-des-gants.jpg",in_stock,27.00 EUR,,new,,GAN095BOM,,yes,Vehicles & Parts > Vehicle Parts & Accessories,Équipements Pilote > Gant > Cross,BLEU ET ORANGE,M,,ND,"Specifications:Poids:ND, Specifications:COULEUR:NOIR ET BLANC, ORANGE ET JAUNE FLUO, NOIR ET JAUNE FLUO, BLEU ET ORANGE, Specifications:TAILLE:L, M, S, XL, XS, XXL, XXXL",
gan095bos-bleu-et-orange-s,https-www-go2roues-com-shop-gants-mx-cross--utfzy0,Gants MX CROSS US Tactile - BLEU ET ORANGE / S,Description Les gants MX US Tactile sont homologués CE. DESSUS: -nylon ( fourway) pour une grande souplesse et une aération optimale -inserts de protection en tpr sur les phalanges. PAUME: -incurvée pour un meilleur confort -renforcée en cuir AMARA -impression silicone pour un meilleur feeling des commandes au niveau des doigts POIGNET: -manchette courte néoprene -serrage réglable par velcro,https://www.go2roues.com/shop/gants-mx-cross-us-tactile/?attribute_couleur=BLEU+ET+ORANGE&attribute_taille=S,https://www.go2roues.com/wp-content/uploads/2022/01/GAN095BOS.jpg,"https://www.go2roues.com/wp-content/uploads/2022/01/GAN095NBL.jpg, https://www.go2roues.com/wp-content/uploads/2018/11/tailles-des-gants.jpg",in_stock,27.00 EUR,,new,,GAN095BOS,,yes,Vehicles & Parts > Vehicle Parts & Accessories,Équipements Pilote > Gant > Cross,BLEU ET ORANGE,S,,ND,"Specifications:Poids:ND, Specifications:COULEUR:NOIR ET BLANC, ORANGE ET JAUNE FLUO, NOIR ET JAUNE FLUO, BLEU ET ORANGE, Specifications:TAILLE:L, M, S, XL, XS, XXL, XXXL",
gan095boxl-bleu-et-orange-xl,https-www-go2roues-com-shop-gants-mx-cross--utfzy0,Gants MX CROSS US Tactile - BLEU ET ORANGE / XL,Description Les gants MX US Tactile sont homologués CE. DESSUS: -nylon ( fourway) pour une grande souplesse et une aération optimale -inserts de protection en tpr sur les phalanges. PAUME: -incurvée pour un meilleur confort -renforcée en cuir AMARA -impression silicone pour un meilleur feeling des commandes au niveau des doigts POIGNET: -manchette courte néoprene -serrage réglable par velcro,https://www.go2roues.com/shop/gants-mx-cross-us-tactile/?attribute_couleur=BLEU+ET+ORANGE&attribute_taille=XL,https://www.go2roues.com/wp-content/uploads/2022/01/GAN095BOXL.jpg,"https://www.go2roues.com/wp-content/uploads/2022/01/GAN095NBL.jpg, https://www.go2roues.com/wp-content/uploads/2018/11/tailles-des-gants.jpg",in_stock,27.00 EUR,,new,,GAN095BOXL,,yes,Vehicles & Parts > Vehicle Parts & Accessories,Équipements Pilote > Gant > Cross,BLEU ET ORANGE,XL,,ND,"Specifications:Poids:ND, Specifications:COULEUR:NOIR ET BLANC, ORANGE ET JAUNE FLUO, NOIR ET JAUNE FLUO, BLEU ET ORANGE, Specifications:TAILLE:L, M, S, XL, XS, XXL, XXXL",
gan095boxs-bleu-et-orange-xs,https-www-go2roues-com-shop-gants-mx-cross--utfzy0,Gants MX CROSS US Tactile - BLEU ET ORANGE / XS,Description Les gants MX US Tactile sont homologués CE. DESSUS: -nylon ( fourway) pour une grande souplesse et une aération optimale -inserts de protection en tpr sur les phalanges. PAUME: -incurvée pour un meilleur confort -renforcée en cuir AMARA -impression silicone pour un meilleur feeling des commandes au niveau des doigts POIGNET: -manchette courte néoprene -serrage réglable par velcro,https://www.go2roues.com/shop/gants-mx-cross-us-tactile/?attribute_couleur=BLEU+ET+ORANGE&attribute_taille=XS,https://www.go2roues.com/wp-content/uploads/2022/01/GAN095BOXS.jpg,"https://www.go2roues.com/wp-content/uploads/2022/01/GAN095NBL.jpg, https://www.go2roues.com/wp-content/uploads/2018/11/tailles-des-gants.jpg",in_stock,27.00 EUR,,new,,GAN095BOXS,,yes,Vehicles & Parts > Vehicle Parts & Accessories,Équipements Pilote > Gant > Cross,BLEU ET ORANGE,XS,,ND,"Specifications:Poids:ND, Specifications:COULEUR:NOIR ET BLANC, ORANGE ET JAUNE FLUO, NOIR ET JAUNE FLUO, BLEU ET ORANGE, Specifications:TAILLE:L, M, S, XL, XS, XXL, XXXL",
gan095boxxl-bleu-et-orange-xxl,https-www-go2roues-com-shop-gants-mx-cross--utfzy0,Gants MX CROSS US Tactile - BLEU ET ORANGE / XXL,Description Les gants MX US Tactile sont homologués CE. DESSUS: -nylon ( fourway) pour une grande souplesse et une aération optimale -inserts de protection en tpr sur les phalanges. PAUME: -incurvée pour un meilleur confort -renforcée en cuir AMARA -impression silicone pour un meilleur feeling des commandes au niveau des doigts POIGNET: -manchette courte néoprene -serrage réglable par velcro,https://www.go2roues.com/shop/gants-mx-cross-us-tactile/?attribute_couleur=BLEU+ET+ORANGE&attribute_taille=XXL,https://www.go2roues.com/wp-content/uploads/2022/01/GAN095BOXXL.jpg,"https://www.go2roues.com/wp-content/uploads/2022/01/GAN095NBL.jpg, https://www.go2roues.com/wp-content/uploads/2018/11/tailles-des-gants.jpg",in_stock,27.00 EUR,,new,,GAN095BOXXL,,yes,Vehicles & Parts > Vehicle Parts & Accessories,Équipements Pilote > Gant > Cross,BLEU ET ORANGE,XXL,,ND,"Specifications:Poids:ND, Specifications:COULEUR:NOIR ET BLANC, ORANGE ET JAUNE FLUO, NOIR ET JAUNE FLUO, BLEU ET ORANGE, Specifications:TAILLE:L, M, S, XL, XS, XXL, XXXL",
gan095boxxxl-bleu-et-orange-xxxl,https-www-go2roues-com-shop-gants-mx-cross--utfzy0,Gants MX CROSS US Tactile - BLEU ET ORANGE / XXXL,Description Les gants MX US Tactile sont homologués CE. DESSUS: -nylon ( fourway) pour une grande souplesse et une aération optimale -inserts de protection en tpr sur les phalanges. PAUME: -incurvée pour un meilleur confort -renforcée en cuir AMARA -impression silicone pour un meilleur feeling des commandes au niveau des doigts POIGNET: -manchette courte néoprene -serrage réglable par velcro,https://www.go2roues.com/shop/gants-mx-cross-us-tactile/?attribute_couleur=BLEU+ET+ORANGE&attribute_taille=XXXL,https://www.go2roues.com/wp-content/uploads/2022/01/GAN095BOXXXL.jpg,"https://www.go2roues.com/wp-content/uploads/2022/01/GAN095NBL.jpg, https://www.go2roues.com/wp-content/uploads/2018/11/tailles-des-gants.jpg",in_stock,27.00 EUR,,new,,GAN095BOXXXL,,yes,Vehicles & Parts > Vehicle Parts & Accessories,Équipements Pilote > Gant > Cross,BLEU ET ORANGE,XXXL,,ND,"Specifications:Poids:ND, Specifications:COULEUR:NOIR ET BLANC, ORANGE ET JAUNE FLUO, NOIR ET JAUNE FLUO, BLEU ET ORANGE, Specifications:TAILLE:L, M, S, XL, XS, XXL, XXXL",
adaptateur-de-charge-y-super-soco,,"Adaptateur de charge Y pour Super Soco TC, TS","Description L’adaptateur de charge Y Super Soco permet de relier deux batteries (de même type) ensemble. Ainsi, on pourra recharger les batteries en même temps ou rouler avec les deux batteries qui se déchargeront alors de manière simultanée. Cet adaptateur est compatible avec la Super Soco TC, Super Soco TS à fiches plates.",https://www.go2roues.com/shop/adaptateur-de-charge-y-super-soco/,https://www.go2roues.com/wp-content/uploads/2020/10/cable-y-super-soco-adaptateur-deux-double-batterie-1.jpg,https://www.go2roues.com/wp-content/uploads/2020/10/cable-y-super-soco-adaptateur-deux-double-batterie-2.jpg,preorder,179.00 EUR,,new,Super SOCO,,,no,Vehicles & Parts > Vehicle Parts & Accessories,Accessoires > Batterie > Chargeur,,,,"1,15 kg","Specifications:Poids:1,15 kg, Specifications:Marque:Super SOCO",
top-case-peefy-28-litres,,Top Case Peefy 28 litres,"Description Ce Top Case Peefy dispose d’un volume intérieur de 28 litres. Ses dimensions sont de 39 cm de large, 39 cm de long et 29 cm de haut. Il peut recevoir un casque intégral ou son équivalent en terme de taille. Il est livré avec deux clefs, sa platine et dispose d’un dosseret passager intégré.",https://www.go2roues.com/shop/top-case-peefy-28-litres/,https://www.go2roues.com/wp-content/uploads/2022/09/top-case-peefy-28-litres-avant.jpg,https://www.go2roues.com/wp-content/uploads/2022/09/top-case-peefy-28-litres-arriere.jpg,out_of_stock,79.00 EUR,,new,Peefy,,,no,Vehicles & Parts > Vehicle Parts & Accessories,Accessoires > Top Case,,,,3 kg,"Specifications:Poids:3 kg, Specifications:Dimensions:39 × 39 × 29 cm, Specifications:Marque:Peefy, Specifications:Couleur:Noir, Specifications:Estimation de livraison de pré-commande:February 2023",
kit-deco-off-bee-sur-ron-rose,https-www-go2roues-com-shop-kit-deco-off-be-1prltn,Kit Deco OFF-BEE Sur-Ron - rose,"Description Accessoire officiel Sur Ron, ce kit déco Off-Bee pour motocross électrique Sur-Ron s’adaptera sur votre Sur-Ron Light Bee Off Road ou votre Sur-Ron Light Bee Homologuée X. Les autocollants présents dans ce kit sont un film PVC polymère d’une épaisseur de 420 microns. La colle est d’une haute adhérence avec un laminage protégeant votre personnalisation des ultraviolets. Il est compatible avec toutes les versions de Light Bee et est fourni avec une notice de pose. Disponible en rose, bleu et argent (silver).",https://www.go2roues.com/shop/kit-deco-off-bee-sur-ron/?attribute_pa_couleur=rose,https://www.go2roues.com/wp-content/uploads/2020/06/kit-carenage-rose-surron.jpg,https://www.go2roues.com/wp-content/uploads/2020/06/kit-carenage-silver-surron.jpg,in_stock,159.00 EUR,,new,Sur-Ron,,,no,Vehicles & Parts > Vehicle Parts & Accessories,Accessoires > Kit > Kit Décoration,rose,,,"0,3 kg","Specifications:Poids:0,3 kg, Specifications:Couleur:Bleu, Rose, Silver, Specifications:Marque:Sur-Ron",
kit-deco-off-bee-sur-ron-bleu,https-www-go2roues-com-shop-kit-deco-off-be-1prltn,Kit Deco OFF-BEE Sur-Ron - bleu,"Description Accessoire officiel Sur Ron, ce kit déco Off-Bee pour motocross électrique Sur-Ron s’adaptera sur votre Sur-Ron Light Bee Off Road ou votre Sur-Ron Light Bee Homologuée X. Les autocollants présents dans ce kit sont un film PVC polymère d’une épaisseur de 420 microns. La colle est d’une haute adhérence avec un laminage protégeant votre personnalisation des ultraviolets. Il est compatible avec toutes les versions de Light Bee et est fourni avec une notice de pose. Disponible en rose, bleu et argent (silver).",https://www.go2roues.com/shop/kit-deco-off-bee-sur-ron/?attribute_pa_couleur=bleu,https://www.go2roues.com/wp-content/uploads/2020/06/kit-carenage-bleu-off-surron.jpg,https://www.go2roues.com/wp-content/uploads/2020/06/kit-carenage-silver-surron.jpg,in_stock,159.00 EUR,,new,Sur-Ron,,,no,Vehicles & Parts > Vehicle Parts & Accessories,Accessoires > Kit > Kit Décoration,bleu,,,"0,3 kg","Specifications:Poids:0,3 kg, Specifications:Couleur:Bleu, Rose, Silver, Specifications:Marque:Sur-Ron",
kit-deco-off-bee-sur-ron-silver,https-www-go2roues-com-shop-kit-deco-off-be-1prltn,Kit Deco OFF-BEE Sur-Ron - silver,"Description Accessoire officiel Sur Ron, ce kit déco Off-Bee pour motocross électrique Sur-Ron s’adaptera sur votre Sur-Ron Light Bee Off Road ou votre Sur-Ron Light Bee Homologuée X. Les autocollants présents dans ce kit sont un film PVC polymère d’une épaisseur de 420 microns. La colle est d’une haute adhérence avec un laminage protégeant votre personnalisation des ultraviolets. Il est compatible avec toutes les versions de Light Bee et est fourni avec une notice de pose. Disponible en rose, bleu et argent (silver).",https://www.go2roues.com/shop/kit-deco-off-bee-sur-ron/?attribute_pa_couleur=silver,https://www.go2roues.com/wp-content/uploads/2020/06/kit-carenage-silver-surron.jpg,,in_stock,159.00 EUR,,new,Sur-Ron,,,no,Vehicles & Parts > Vehicle Parts & Accessories,Accessoires > Kit > Kit Décoration,silver,,,"0,3 kg","Specifications:Poids:0,3 kg, Specifications:Couleur:Bleu, Rose, Silver, Specifications:Marque:Sur-Ron",
kit-deco-super-star-sur-ron-bleu,https-www-go2roues-com-shop-kit-deco-super--4elin6,Kit Deco Super Star Sur-Ron - bleu,"Description Accessoire officiel Sur Ron, ce kit déco Super Star pour motocross électrique Sur-Ron s’adaptera sur votre Sur-Ron Light Bee Off Road ou votre Sur-Ron Light Bee Homologuée X. Les autocollants présents dans ce kit sont un film PVC polymère d’une épaisseur de 420 microns. La colle est d’une haute adhérence avec un laminage protégeant votre personnalisation des ultraviolets. Il est compatible avec toutes les versions de Light Bee et est fourni avec une notice de pose. Disponible en bleu, vert, noir et rouge.",https://www.go2roues.com/shop/kit-deco-super-star-sur-ron/?attribute_pa_couleur=bleu,https://www.go2roues.com/wp-content/uploads/2020/06/kit-carenage-bleu-surron.jpg,https://www.go2roues.com/wp-content/uploads/2020/06/kit-carenage-noir-surron.jpg,in_stock,159.00 EUR,,new,Sur-Ron,,,no,Vehicles & Parts > Vehicle Parts & Accessories,Accessoires > Kit > Kit Décoration,bleu,,,"0,3 kg","Specifications:Poids:0,3 kg, Specifications:Couleur:Bleu, Noir, Rouge, Vert, Specifications:Marque:Sur-Ron",
kit-deco-super-star-sur-ron-vert,https-www-go2roues-com-shop-kit-deco-super--4elin6,Kit Deco Super Star Sur-Ron - vert,"Description Accessoire officiel Sur Ron, ce kit déco Super Star pour motocross électrique Sur-Ron s’adaptera sur votre Sur-Ron Light Bee Off Road ou votre Sur-Ron Light Bee Homologuée X. Les autocollants présents dans ce kit sont un film PVC polymère d’une épaisseur de 420 microns. La colle est d’une haute adhérence avec un laminage protégeant votre personnalisation des ultraviolets. Il est compatible avec toutes les versions de Light Bee et est fourni avec une notice de pose. Disponible en bleu, vert, noir et rouge.",https://www.go2roues.com/shop/kit-deco-super-star-sur-ron/?attribute_pa_couleur=vert,https://www.go2roues.com/wp-content/uploads/2020/06/kit-carenage-vert-surron.jpg,https://www.go2roues.com/wp-content/uploads/2020/06/kit-carenage-noir-surron.jpg,in_stock,159.00 EUR,,new,Sur-Ron,,,no,Vehicles & Parts > Vehicle Parts & Accessories,Accessoires > Kit > Kit Décoration,vert,,,"0,3 kg","Specifications:Poids:0,3 kg, Specifications:Couleur:Bleu, Noir, Rouge, Vert, Specifications:Marque:Sur-Ron",
kit-deco-super-star-sur-ron-noir,https-www-go2roues-com-shop-kit-deco-super--4elin6,Kit Deco Super Star Sur-Ron - noir,"Description Accessoire officiel Sur Ron, ce kit déco Super Star pour motocross électrique Sur-Ron s’adaptera sur votre Sur-Ron Light Bee Off Road ou votre Sur-Ron Light Bee Homologuée X. Les autocollants présents dans ce kit sont un film PVC polymère d’une épaisseur de 420 microns. La colle est d’une haute adhérence avec un laminage protégeant votre personnalisation des ultraviolets. Il est compatible avec toutes les versions de Light Bee et est fourni avec une notice de pose. Disponible en bleu, vert, noir et rouge.",https://www.go2roues.com/shop/kit-deco-super-star-sur-ron/?attribute_pa_couleur=noir,https://www.go2roues.com/wp-content/uploads/2020/06/kit-carenage-noir-surron.jpg,,in_stock,159.00 EUR,,new,Sur-Ron,,,no,Vehicles & Parts > Vehicle Parts & Accessories,Accessoires > Kit > Kit Décoration,noir,,,"0,3 kg","Specifications:Poids:0,3 kg, Specifications:Couleur:Bleu, Noir, Rouge, Vert, Specifications:Marque:Sur-Ron",
kit-deco-super-star-sur-ron-rouge,https-www-go2roues-com-shop-kit-deco-super--4elin6,Kit Deco Super Star Sur-Ron - rouge,"Description Accessoire officiel Sur Ron, ce kit déco Super Star pour motocross électrique Sur-Ron s’adaptera sur votre Sur-Ron Light Bee Off Road ou votre Sur-Ron Light Bee Homologuée X. Les autocollants présents dans ce kit sont un film PVC polymère d’une épaisseur de 420 microns. La colle est d’une haute adhérence avec un laminage protégeant votre personnalisation des ultraviolets. Il est compatible avec toutes les versions de Light Bee et est fourni avec une notice de pose. Disponible en bleu, vert, noir et rouge.",https://www.go2roues.com/shop/kit-deco-super-star-sur-ron/?attribute_pa_couleur=rouge,https://www.go2roues.com/wp-content/uploads/2020/06/kit-carenage-rouge-surron.jpg,https://www.go2roues.com/wp-content/uploads/2020/06/kit-carenage-noir-surron.jpg,in_stock,159.00 EUR,,new,Sur-Ron,,,no,Vehicles & Parts > Vehicle Parts & Accessories,Accessoires > Kit > Kit Décoration,rouge,,,"0,3 kg","Specifications:Poids:0,3 kg, Specifications:Couleur:Bleu, Noir, Rouge, Vert, Specifications:Marque:Sur-Ron",
garde-boue-avant-sur-ron-light-bee-et-light-bee-x,,Garde boue avant Sur-Ron Light Bee et Light Bee X,"Facile à monter, ce garde boue avant officiel Sur-Ron limitera les projections d'eau, de terre et de boue sur votre véhicule.",https://www.go2roues.com/shop/garde-boue-avant-sur-ron-light-bee-et-light-bee-x/,https://www.go2roues.com/wp-content/uploads/2020/12/garde-boue-avant-sur-ron2.jpg,https://www.go2roues.com/wp-content/uploads/2020/12/garde-boue-avant-sur-ron.jpg,out_of_stock,67.00 EUR,,new,Sur-Ron,,,no,Vehicles & Parts > Vehicle Parts & Accessories,Pièces détachées > Garde-boue,,,,"0,4 kg","Specifications:Poids:0,4 kg, Specifications:Marque:Sur-Ron, Specifications:Couleur:Noir",
batterie-pink-mobility-pink-me,,Batterie Pink Mobility Pink Me,"Batterie Pink Me. Officielle et telle l'origine, elle permet de doubler l'autonomie de votre scooter électrique. Prochaine disponibilité : début mars 2022.",https://www.go2roues.com/shop/batterie-pink-mobility-pink-me/,https://www.go2roues.com/wp-content/uploads/2021/03/batterie-pink-me-2022.jpg,,out_of_stock,990.00 EUR,,new,Pink Mobility,,,no,Vehicles & Parts > Vehicle Parts & Accessories,Accessoires > Batterie,,,,"10,4 kg","Specifications:Poids:10,4 kg, Specifications:Marque:Pink Mobility",
transmission-primaire-chaine-sur-ron-non,https-www-go2roues-com-shop-transmission-pr-12kyyu,Transmission primaire chaine Sur-Ron - non,"Description Composé d’une couronne, chaîne et pignon, ce kit de transmission primaire par chaîne pour les motocross électrique Sur-Ron Light Bee renforcera largement votre transmission d’origine. Revers de la médaille, cette transmission est plus bruyante que celle d’origine par courroie. Pose en supplément.",https://www.go2roues.com/shop/transmission-primaire-chaine-sur-ron/?attribute_pa_pose-incluse=non,https://www.go2roues.com/wp-content/uploads/2021/02/sur-ron-transmission-primaire-chaine-renforcee.jpg,https://www.go2roues.com/wp-content/uploads/2021/02/sur-ron-transmission-primaire-chaine.jpg,in_stock,130.00 EUR,,new,Sur-Ron,,,no,Vehicles & Parts > Vehicle Parts & Accessories,Pièces détachées,,,,,Specifications:Marque:Sur-Ron,
transmission-primaire-chaine-sur-ron-oui,https-www-go2roues-com-shop-transmission-pr-12kyyu,Transmission primaire chaine Sur-Ron - oui,"Description Composé d’une couronne, chaîne et pignon, ce kit de transmission primaire par chaîne pour les motocross électrique Sur-Ron Light Bee renforcera largement votre transmission d’origine. Revers de la médaille, cette transmission est plus bruyante que celle d’origine par courroie. Pose en supplément.",https://www.go2roues.com/shop/transmission-primaire-chaine-sur-ron/?attribute_pa_pose-incluse=oui,https://www.go2roues.com/wp-content/uploads/2021/02/sur-ron-transmission-primaire-chaine-renforcee.jpg,https://www.go2roues.com/wp-content/uploads/2021/02/sur-ron-transmission-primaire-chaine.jpg,in_stock,200.00 EUR,,new,Sur-Ron,,,no,Vehicles & Parts > Vehicle Parts & Accessories,Pièces détachées,,,,,Specifications:Marque:Sur-Ron,
suppsmarcuir-l,https-www-go2roues-com-shop-support-smartph-bt0pzl,Support smartphone motos et scooters - l,"Description Support pour smartphone mesurant jusqu’à 6,2 pouces. En simili cuir noir, il présente un liseret rouge. L’étui arrière pourra accueillir quelques cartes au format carte bleue. Il permettra d’y installer votre téléphone, même en cas de pluie.",https://www.go2roues.com/shop/support-smartphone-motos-et-scooters/?attribute_pa_taille-casque=l,https://www.go2roues.com/wp-content/uploads/2019/10/support-telephone-scooters-motos-simili-cuir.jpg,"https://www.go2roues.com/wp-content/uploads/2019/10/support-telephone-details-accessoires.jpg, https://www.go2roues.com/wp-content/uploads/2019/10/support-telephone-details-mesures.jpg, https://www.go2roues.com/wp-content/uploads/2019/10/support-telephone-plans.jpg, https://www.go2roues.com/wp-content/uploads/2019/10/support-telephone-en-situation.jpg",in_stock,19.00 EUR,,new,,SUPPSMARCUIR,,yes,Vehicles & Parts > Vehicle Parts & Accessories,Accessoires > Support téléphone,,l,,"0,3 kg","Specifications:Poids:0,3 kg, Specifications:Taille:L, XL",
suppsmarcuir-xl,https-www-go2roues-com-shop-support-smartph-bt0pzl,Support smartphone motos et scooters - xl,"Description Support pour smartphone mesurant jusqu’à 6,2 pouces. En simili cuir noir, il présente un liseret rouge. L’étui arrière pourra accueillir quelques cartes au format carte bleue. Il permettra d’y installer votre téléphone, même en cas de pluie.",https://www.go2roues.com/shop/support-smartphone-motos-et-scooters/?attribute_pa_taille-casque=xl,https://www.go2roues.com/wp-content/uploads/2019/10/support-telephone-scooters-motos-simili-cuir.jpg,"https://www.go2roues.com/wp-content/uploads/2019/10/support-telephone-details-accessoires.jpg, https://www.go2roues.com/wp-content/uploads/2019/10/support-telephone-details-mesures.jpg, https://www.go2roues.com/wp-content/uploads/2019/10/support-telephone-plans.jpg, https://www.go2roues.com/wp-content/uploads/2019/10/support-telephone-en-situation.jpg",in_stock,24.00 EUR,,new,,SUPPSMARCUIR,,yes,Vehicles & Parts > Vehicle Parts & Accessories,Accessoires > Support téléphone,,xl,,"0,3 kg","Specifications:Poids:0,3 kg, Specifications:Taille:L, XL",
chargeur-murtas-tx-72-volts-22-ah,,CHARGEUR RAPIDE MURTAS TX 72 VOLTS 22 AH,Description Chargeur compatible avec le véhicule Murtas TX / TX Evo. Recharge rapide : entre 2 et 3 heures.,https://www.go2roues.com/shop/chargeur-murtas-tx-72-volts-22-ah/,https://www.go2roues.com/wp-content/uploads/2024/09/CHARGEUR-72-VOLTS-12-AH.png,,out_of_stock,684.00 EUR,,new,Murtas Motorcycles,,,no,Vehicles & Parts > Vehicle Parts & Accessories,Accessoires > Batterie > Chargeur,,,,,Specifications:Marque:Murtas Motorcycles,
roue-arriere-16-pour-sting-pro-5500,,"Roue arrière 16"" pour Sting Pro 5500","Optimisez votre Talaria Sting Pro 5500 avec cette roue arrière 16 pouces d'origine. Conçue pour un montage plug & play sans modification, elle offre une robustesse accrue et une meilleure maniabilité sur tous les terrains",https://www.go2roues.com/shop/roue-arriere-16-pour-sting-pro-5500/,https://www.go2roues.com/wp-content/uploads/2025/04/3.png,"https://www.go2roues.com/wp-content/uploads/2025/04/2.png, https://www.go2roues.com/wp-content/uploads/2025/04/1.png",in_stock,249.00 EUR,,new,Talaria,,,no,Vehicles & Parts > Vehicle Parts & Accessories,Accessoires,,,,,Specifications:Marque:Talaria,
batterie-sur-ron,,Batterie Sur-Ron,"Description Batterie Sur-Ron supplémentaire ou de rechange pour les motocross électriques Light Bee. Comme l’origine, elle équipée de 176 cellules Panasonic haut de gamme et dispose d’une capacité de 60V / 34 Ah. Son temps de charge est de 2 h 30. Elle pèse 12 kilos. En supplément de la batterie d’origine, cette batterie Sur-Ron supplémentaire vous permettra de ne pas attendre la recharge de votre première batterie. De quoi doubler vos sorties !",https://www.go2roues.com/shop/batterie-sur-ron/,https://www.go2roues.com/wp-content/uploads/2020/06/batterie-sur-ron-lithium-ion.jpg,"https://www.go2roues.com/wp-content/uploads/2020/06/batterie-sur-ron-prise-de-charge.jpg, https://www.go2roues.com/wp-content/uploads/2020/06/batterie-sur-ron-niveau-autonomie.jpg",out_of_stock,1390.00 EUR,,new,Sur-Ron,,,no,Vehicles & Parts > Vehicle Parts & Accessories,Accessoires > Batterie,,,,"13,8 kg","Specifications:Poids:13,8 kg, Specifications:Marque:Sur-Ron, Specifications:Puissance de la batterie:2.04 kWh",
op-tc-2,,Grille de Phare Super Soco TC et TC MAX,Description Grille de Phare pour les Super Soco TC et TC MAX. Customise la moto et protège le phare des rayures.,https://www.go2roues.com/shop/grille-de-phare-super-soco-tc-et-tc-max/,https://www.go2roues.com/wp-content/uploads/2020/06/grille-phare-super-soco-tc-max.jpg,"https://www.go2roues.com/wp-content/uploads/2020/06/grille-phare-super-soco-tc-max-gros-plan.jpg, https://www.go2roues.com/wp-content/uploads/2020/06/grille-phare-super-soco-tc-max-protection.jpg",out_of_stock,33.00 EUR,,new,Super SOCO,OP-TC-2,,yes,Vehicles & Parts > Vehicle Parts & Accessories,Pièces détachées,,,,,Specifications:Marque:Super SOCO,
kit-deco-talaria-sting-blanc,https-www-go2roues-com-shop-kit-deco-talaria-sting,Kit Deco Talaria Sting - blanc,"Description Les kits déco Talaria sont des accessoires officiels à la marque. Permettant de personnaliser sa motocross électrique, ils sont parfaitement adaptés à la Talaria Sting. Disponible en blanc, bleu et vert.",https://www.go2roues.com/shop/kit-deco-talaria-sting/?attribute_pa_couleur=blanc,https://www.go2roues.com/wp-content/uploads/2021/11/talaria-sting-off-road-kit-deco-blanc.jpg,"https://www.go2roues.com/wp-content/uploads/2021/11/talaria-sting-off-road-kit-deco-vert.jpg, https://www.go2roues.com/wp-content/uploads/2021/11/talaria-sting-off-road-kit-deco-bleu.jpg",in_stock,159.00 EUR,,new,Talaria,,,no,Vehicles & Parts > Vehicle Parts & Accessories,Accessoires > Kit > Kit Décoration,blanc,,,"0,3 kg","Specifications:Poids:0,3 kg, Specifications:Couleur:Blanc, Bleu, Vert, Specifications:Marque:Talaria",
kit-deco-talaria-sting-bleu,https-www-go2roues-com-shop-kit-deco-talaria-sting,Kit Deco Talaria Sting - bleu,"Description Les kits déco Talaria sont des accessoires officiels à la marque. Permettant de personnaliser sa motocross électrique, ils sont parfaitement adaptés à la Talaria Sting. Disponible en blanc, bleu et vert.",https://www.go2roues.com/shop/kit-deco-talaria-sting/?attribute_pa_couleur=bleu,https://www.go2roues.com/wp-content/uploads/2021/11/talaria-sting-off-road-kit-deco-bleu.jpg,"https://www.go2roues.com/wp-content/uploads/2021/11/talaria-sting-off-road-kit-deco-blanc.jpg, https://www.go2roues.com/wp-content/uploads/2021/11/talaria-sting-off-road-kit-deco-vert.jpg",in_stock,159.00 EUR,,new,Talaria,,,no,Vehicles & Parts > Vehicle Parts & Accessories,Accessoires > Kit > Kit Décoration,bleu,,,"0,3 kg","Specifications:Poids:0,3 kg, Specifications:Couleur:Blanc, Bleu, Vert, Specifications:Marque:Talaria",
kit-deco-talaria-sting-vert,https-www-go2roues-com-shop-kit-deco-talaria-sting,Kit Deco Talaria Sting - vert,"Description Les kits déco Talaria sont des accessoires officiels à la marque. Permettant de personnaliser sa motocross électrique, ils sont parfaitement adaptés à la Talaria Sting. Disponible en blanc, bleu et vert.",https://www.go2roues.com/shop/kit-deco-talaria-sting/?attribute_pa_couleur=vert,https://www.go2roues.com/wp-content/uploads/2021/11/talaria-sting-off-road-kit-deco-vert.jpg,"https://www.go2roues.com/wp-content/uploads/2021/11/talaria-sting-off-road-kit-deco-blanc.jpg, https://www.go2roues.com/wp-content/uploads/2021/11/talaria-sting-off-road-kit-deco-bleu.jpg",in_stock,159.00 EUR,,new,Talaria,,,no,Vehicles & Parts > Vehicle Parts & Accessories,Accessoires > Kit > Kit Décoration,vert,,,"0,3 kg","Specifications:Poids:0,3 kg, Specifications:Couleur:Blanc, Bleu, Vert, Specifications:Marque:Talaria",
chargeur-murtas-tx-72-volts-12-ah,,CHARGEUR MURTAS TX 72 VOLTS 12 AH,Le Chargeur MURTAS TX 72 VOLTS 12 AH permet de recharger la batterie de la Murtas TX TX Evo. Temps de charge : 4 à 5 heures.,https://www.go2roues.com/shop/chargeur-murtas-tx-72-volts-12-ah/,https://www.go2roues.com/wp-content/uploads/2024/09/CHARGEUR-72-VOLTS-12-AH.png,,out_of_stock,276.00 EUR,,new,Murtas Motorcycles,,,no,Vehicles & Parts > Vehicle Parts & Accessories,Accessoires,,,,,Specifications:Marque:Murtas Motorcycles,
silence-s04,,Silence S04,"Description La Silence S04 est une voiturette compacte et électrique. Proposée en deux versions, équivalent 50 et avec le permis B, l’une de ses grandes forces réside dans le fait que ses batteries soient amovibles et rechargeables sur de simples prises 220V domestiques : exactement comme un scooter électrique Silence ! Silence S04 : avec ou sans permis La version 50 cm3 de la Silence S04 est homologuée « L6e », et donc accessible dès 14 ans. Elle pourra être conduite sans aucun permis si vous êtes né avant le 1er janvier 1988. Né à partir de cette date, il vous faudra le permis AM, le même permis nécessaire à la conduite d’un scooter électrique équivalent 50 cm3. La version permis B homologuée « L7e » de la Silence S04, comme son nom l’indique, demandera le permis B. Deux motorisations différentes Selon que vous disposiez de l’âge, du permis requis et de vos besoins, vous pourrez soit profiter de la version 50 cm3 ou de la version permis B de la Silence S04. Leurs puissances étant différentes, logiquement, leurs caractéristiques le sont également. En dehors de leurs motorisations, ces deux versions sont identiques. Silence S04 L6e ou équivalente 50 cm3 La vitesse maximale de la Silence S04 équivalent 50 cm3 est limitée à 45 km/h. Sa motorisation développe une puissance de 6 kW. La S04 est une propulsion, c’est-à-dire que sa puissance moteur est transmise aux roues arrières. En ville, cette puissance sera amplement suffisante. Les accélérations seront satisfaisantes, loin devant les voiturettes sans permis à motorisation essence. Silence S04 L7e avec le permis B La Silence S04 L7e, équivalente administrativement à une voiture « classique », présente un double moteur arrière (un dans chaque roue) de 7 kW chacun. La puissance totale est donc de 14 kW et 22 kW en crête. La vitesse maximale est de 85 km/h. Sur cette version, le 0 à 50 km/h est effectué en 7 secondes. Cette puissance permet de sortir aisément de la ville et d’emprunter les départementales, tout en profitant des avantages de la mobilité électrique. La grande force de la Silence S04 : des batteries amovibles Sur les deux versions de la Silence S04, ces voiturettes électriques reçoivent chacune deux batteries lithium-ion amovibles. Identiques et interchangeables, elles sont situées au niveau des roues, derrière les portières conducteur et passager. Ces deux batteries sont de type trolley, exactement comme des valises. Déjà présente sur les scooters électriques de la marque, ceci tenait déjà de l’excellente idée sur un scooter électrique, mais sur une voiturette, cela tient du génie. Pour extraire les batteries, on aura simplement à ouvrir la portière (qui les sécurise). La poignée est extensible, et les roues se déplient toutes seules : il n’y a plus qu’à les traîner… telles des valises ! Chaque batterie pèse 41 kg Chacune des batteries se recharge entièrement en 8 heures sur une prise 220V domestique classique. Vous avez bien lu : cette voiturette dispose de batteries amovibles et rechargeables à la maison. Bien sûr, il faudra utiliser deux prises distinctes. Ces batteries sont « lourdes » : elles pèsent chacune 41 kg. Ceci s’explique par la grande capacité de ces dernières. Bien sûr, on pourra recharger directement le véhicule sans extraire les batteries. La Silence 04 a besoin que ces deux batteries soient connectées en même temps pour que le véhicule fonctionne. 149 km d’autonomie pour la Silence S04 Grâce à sa double batterie, l’autonomie maximale des Silence S04, équivalent 50 cm3 ou Permis B, est de 149 kilomètres en ville. Pour la version permis B, avec un conducteur de 80 kg et une température extérieure de 15°C, on pourra réaliser une distance d’environ 70 kilomètres sur les routes départementales, si on les emprunte à vive allure. La Silence S04 est une compacte Cette voiturette présente un gabarit très compact : elle est un peu plus petite que la Citroën Ami. Ses dimensions sont de 228 cm de long, pour 129 de large et 159 de haut. Le rayon de braquage est de 3,5 mètres. Pour autant, son habitacle reste spacieux. Les ingénieurs de la Silence S04 ont pensé à tout : il y a de la place pour les jambes, les sièges restent relativement confortables, malgré la limite de poids imposé par la loi. Les deux places sont deux « vraies » places. L’intérieur est lumineux, malgré l’absence de toit panoramique, comme sur la Citroën Ami. Un nombre abondant de fonctions Une fois la nuit tombée, l’habitacle de la Silence S04 allumera son éclairage d’ambiance. Discret et léger, il sait habiller l’espace. La conduite est naturellement entièrement automatique : on démarre et on accélère avec la pédale d’accélérateur. C’est aussi classique que simple. Mais, afin de simplifier la conduite, à bord de la version permis B, on trouve trois modes de conduite : économique, ville et sport. Le mode économique augmente l’autonomie du véhicule mais limite la vitesse maximale. Le mode ville permet de rouler à une vitesse proche des 50 km/h et limite l’accélération pour c…",https://www.go2roues.com/shop/silence-s04/,https://www.go2roues.com/wp-content/uploads/2023/03/silence-s04-gris-trois-quart-face-droit2.jpg,"https://www.go2roues.com/wp-content/uploads/2023/03/silence-s04-blanc-trois-quart-face-droit.jpg, https://www.go2roues.com/wp-content/uploads/2023/03/silence-s04-lifestyle-trois-quart-face-gauche-rue.jpg, https://www.go2roues.com/wp-content/uploads/2023/03/silence-s04-lifestyle-trois-quart-arriere-gauche-rue.jpg, https://www.go2roues.com/wp-content/uploads/2023/03/silence-s04-lifestyle-couple-discute.jpg, https://www.go2roues.com/wp-content/uploads/2023/03/silence-s04-lifestyle-cote-droit-rue.jpg, https://www.go2roues.com/wp-content/uploads/2023/03/silence-s04-lifestyle-application.jpg, https://www.go2roues.com/wp-content/uploads/2023/03/silence-s04-habitacle.jpg",in_stock,,,new,Silence,,,no,Vehicles & Parts > Vehicles > Motor Vehicles > Motorcycles & Scooters,Voiturette,,,,41 kg par batterie,"MOTEUR:Cylindrée:Équivalent 50 cm3, MOTEUR:Marque du moteur:Silence, MOTEUR:Puissance maximale:22 000 W, 6 000 W, MOTEUR:Puissance moteur:6 000 W, 14 000 W, MOTEUR:Vitesse Maximale:45 km/h, 85 km/h, BATTERIE:Autonomie:149 km, BATTERIE:Batterie Amovible:Oui, BATTERIE:Chargeur fourni:Oui, BATTERIE:Poids de la batterie:41 kg par batterie, BATTERIE:Puissance de la batterie:5.6 kWh x 2, BATTERIE:Temps de recharge:6 h par batterie, BATTERIE:Type de Batterie:Lithium, CHASSIS:Hauteur hors tout:1 590 mm, CHASSIS:Largeur hors tout:1 290 mm, CHASSIS:Longueur hors tout:2 280 mm, PARTIE CYCLE:Amortisseur arrière réglable:Non, PARTIE CYCLE:Amortisseur avant réglable:Non, PARTIE CYCLE:Taille pneu arrière:155/65-14, PARTIE CYCLE:Taille pneu avant:155/65-14, PARTIE CYCLE:Taille roue arrière:14 pouces, PARTIE CYCLE:Taille roue avant:14 pouces, PARTIE CYCLE:Type frein arrière:Disque, PARTIE CYCLE:Type frein avant:Disque, PARTIE CYCLE:Alarme:Non, PARTIE CYCLE:Homologué 2 places:Oui, PARTIE CYCLE:Marche Arrière:Oui, PARTIE CYCLE:Prise USB:Oui, PARTIE CYCLE:Accélération:0 à 50 km/h en 7 secondes, PARTIE CYCLE:Catégorie Administrative:L6e, L7e, PARTIE CYCLE:Code National:CL, PARTIE CYCLE:Couleur:Blanc, Gris, PARTIE CYCLE:Dimensions:228 × 129 × 159 cm, PARTIE CYCLE:Marque:Silence, PARTIE CYCLE:Modèle:S04, PARTIE CYCLE:Permis:Permis AM, Permis B + Formation 7h, Sans permis, PARTIE CYCLE:Poids en ordre de marche:425 kg","Le mode économique augmente l’autonomie du véhicule mais limite la vitesse maximale., Le mode ville permet de rouler à une vitesse proche des 50 km/h et limite l’accélération pour coller avec la réalité de nos villes françaises., En mode sport, la totalité de la puissance est disponible., suivi des parcours réalisés,, accès sans clé,, autonomie restante,, localisation du véhicule,, activation de l’alarme,, partage du véhicule avec vos amis et création de parcours."
suptopcs01,,Support Top Case Officiel Silence S01,Description Support Top Case Silence S01. Accessoire officiel compatible avec le scooter électrique Silence S01. Ce support est nécessaire lorsque l’on souhaite adapter un top case (vendu séparément). Il pourra supporter une charge maximale de 3 kilos. Nous vous recommandons le Support Top Case Shad Silence S01 qui s’adapte parfaitement aux Silence S01 et S01+ et est compatible avec une large gamme de top case.,https://www.go2roues.com/shop/support-top-case-officiel-silence-s01/,https://www.go2roues.com/wp-content/uploads/2020/02/silence-s01-support-top-case-gros-plan.jpg,https://www.go2roues.com/wp-content/uploads/2020/02/silence-s01-support-top-case-cote-gauche.jpg,out_of_stock,99.00 EUR,,new,Silence,SUPTOPCS01,,yes,Vehicles & Parts > Vehicle Parts & Accessories,Accessoires > Top Case > Support top case,,,,"3,5 kg","Specifications:Poids:3,5 kg, Specifications:Marque:Silence",
gants-ete-tucano-penna-s,https-www-go2roues-com-shop-gants-ete-tucano-penna,Gants Été Tucano Penna - S,"Description Les gants été Tucano Penna sont homologués CE. La paume est constituée de chamois synthétique, le dessus en tissu stretch avec inserts en maille filet. Ces gants sont compatibles touchscreen.",https://www.go2roues.com/shop/gants-ete-tucano-penna/?attribute_taille=S,https://www.go2roues.com/wp-content/uploads/2022/09/gants-ete-tucano-penna.jpg,"https://www.go2roues.com/wp-content/uploads/2022/09/gants-ete-tucano-penna-manche.jpg, https://www.go2roues.com/wp-content/uploads/2018/11/tailles-des-gants.jpg",in_stock,49.00 EUR,,new,Tucano,,,no,Vehicles & Parts > Vehicle Parts & Accessories,Équipements Pilote > Gant > Route Eté Avec Coques,,S,,"0,3 kg","Specifications:Poids:0,3 kg, Specifications:Taille:M, XL, L, S, Specifications:Marque:Tucano",
gants-ete-tucano-penna-m,https-www-go2roues-com-shop-gants-ete-tucano-penna,Gants Été Tucano Penna - M,"Description Les gants été Tucano Penna sont homologués CE. La paume est constituée de chamois synthétique, le dessus en tissu stretch avec inserts en maille filet. Ces gants sont compatibles touchscreen.",https://www.go2roues.com/shop/gants-ete-tucano-penna/?attribute_taille=M,https://www.go2roues.com/wp-content/uploads/2022/09/gants-ete-tucano-penna.jpg,"https://www.go2roues.com/wp-content/uploads/2022/09/gants-ete-tucano-penna-manche.jpg, https://www.go2roues.com/wp-content/uploads/2018/11/tailles-des-gants.jpg",in_stock,49.00 EUR,,new,Tucano,,,no,Vehicles & Parts > Vehicle Parts & Accessories,Équipements Pilote > Gant > Route Eté Avec Coques,,M,,"0,3 kg","Specifications:Poids:0,3 kg, Specifications:Taille:M, XL, L, S, Specifications:Marque:Tucano",
gants-ete-tucano-penna-l,https-www-go2roues-com-shop-gants-ete-tucano-penna,Gants Été Tucano Penna - L,"Description Les gants été Tucano Penna sont homologués CE. La paume est constituée de chamois synthétique, le dessus en tissu stretch avec inserts en maille filet. Ces gants sont compatibles touchscreen.",https://www.go2roues.com/shop/gants-ete-tucano-penna/?attribute_taille=L,https://www.go2roues.com/wp-content/uploads/2022/09/gants-ete-tucano-penna.jpg,"https://www.go2roues.com/wp-content/uploads/2022/09/gants-ete-tucano-penna-manche.jpg, https://www.go2roues.com/wp-content/uploads/2018/11/tailles-des-gants.jpg",in_stock,49.00 EUR,,new,Tucano,,,no,Vehicles & Parts > Vehicle Parts & Accessories,Équipements Pilote > Gant > Route Eté Avec Coques,,L,,"0,3 kg","Specifications:Poids:0,3 kg, Specifications:Taille:M, XL, L, S, Specifications:Marque:Tucano",
gants-ete-tucano-penna-xl,https-www-go2roues-com-shop-gants-ete-tucano-penna,Gants Été Tucano Penna - XL,"Description Les gants été Tucano Penna sont homologués CE. La paume est constituée de chamois synthétique, le dessus en tissu stretch avec inserts en maille filet. Ces gants sont compatibles touchscreen.",https://www.go2roues.com/shop/gants-ete-tucano-penna/?attribute_taille=XL,https://www.go2roues.com/wp-content/uploads/2022/09/gants-ete-tucano-penna.jpg,"https://www.go2roues.com/wp-content/uploads/2022/09/gants-ete-tucano-penna-manche.jpg, https://www.go2roues.com/wp-content/uploads/2018/11/tailles-des-gants.jpg",in_stock,49.00 EUR,,new,Tucano,,,no,Vehicles & Parts > Vehicle Parts & Accessories,Équipements Pilote > Gant > Route Eté Avec Coques,,XL,,"0,3 kg","Specifications:Poids:0,3 kg, Specifications:Taille:M, XL, L, S, Specifications:Marque:Tucano",
