Handle,Title,Body (HTML),Vendor,Product Category,Type,Tags,Published,Option1 Name,Option1 Value,Option2 Name,Option2 Value,Option3 Name,Option3 Value,Variant SKU,Variant Grams,Variant Inventory Tracker,Variant Inventory Qty,Variant Inventory Policy,Variant Fulfillment Service,Variant Price,Variant Compare At Price,Variant Requires Shipping,Variant Taxable,Variant Barcode,Image Src,Image Position,Image Alt Text,Gift Card,SEO Title,SEO Description,Google Shopping / Google Product Category,Google Shopping / MPN,Google Shopping / Condition,Google Shopping / Custom Product,Variant Weight Unit,Status
10-buerocontainer-classic-line-enzianblau,10' Bürocontainer CLASSIC Line (Enzianblau),"<p>Lieferzeit auf Anfrage</p><p>inkl. Lieferung nach Deutschland</p><p>Der angebotene Bürocontainer 10 Fuß (ca. 6,2m²) ist ideal als Pförtnercontainer, flexibel einsatzbare Umkleide (Einrichtung Bauseits) oder auch als Meisterbüro für Ihre Produktion einsetzbar.</p>",Neubach Container,Business & Industrial > Material Handling > Shipping Containers,Bürocontainer,Bürocontainer,TRUE,Title,Default Title,,,,,14318,0,shopify,10,deny,manual,5500.00,,TRUE,TRUE,,https://neubach-container.de/wp-content/uploads/2024/04/resize_4-39.jpeg,1,10' Bürocontainer CLASSIC Line (Enzianblau),FALSE,10' Bürocontainer CLASSIC Line (Enzianblau),"Lieferzeit auf Anfrage
inkl. Lieferung nach Deutschland
Der angebotene Bürocontainer 10 Fuß (ca. 6,2m²) ist ideal als Pförtnercontainer, flexibel einsatzbare Umkleide (Einrichtung Bauseits) oder auch als Meisterbüro für Ihre Produktion einsetzbar.",Business & Industrial > Material Handling > Shipping Containers,14318,new,FALSE,kg,active
10-buerocontainer-classic-line-enzianblau,,,,,,,,,,,,,,,,,,,,,,,,,https://neubach-container.de/wp-content/uploads/2024/04/resize_5-30.jpeg,2,10' Bürocontainer CLASSIC Line (Enzianblau),,,,,,,,,active
10-buerocontainer-classic-line-enzianblau,,,,,,,,,,,,,,,,,,,,,,,,,https://neubach-container.de/wp-content/uploads/2024/04/resize-68.jpeg,3,10' Bürocontainer CLASSIC Line (Enzianblau),,,,,,,,,active
10-buerocontainer-classic-line-enzianblau,,,,,,,,,,,,,,,,,,,,,,,,,https://neubach-container.de/wp-content/uploads/2024/04/resize_1-52.jpeg,4,10' Bürocontainer CLASSIC Line (Enzianblau),,,,,,,,,active
10-buerocontainer-classic-line-enzianblau,,,,,,,,,,,,,,,,,,,,,,,,,https://neubach-container.de/wp-content/uploads/2024/04/resize_2-48.jpeg,5,10' Bürocontainer CLASSIC Line (Enzianblau),,,,,,,,,active
10-buerocontainer-classic-line-enzianblau,,,,,,,,,,,,,,,,,,,,,,,,,https://neubach-container.de/wp-content/uploads/2024/04/resize_3-43.jpeg,6,10' Bürocontainer CLASSIC Line (Enzianblau),,,,,,,,,active
10-buerocontainer-classic-line-reinweiss,10' Bürocontainer CLASSIC Line (Reinweiß),"<p>Lieferzeit auf Anfrage</p><p>inkl. Lieferung nach Deutschland</p><p>Der angebotene Bürocontainer 10 Fuß (ca. 6,2m²) ist ideal als als Pförtnercontainer, flexibel einsatzbare Umkleide (Einrichtung Bauseits) oder auch als Meisterbüro für Ihre Produktion einsetzbar.</p>",Neubach Container,Business & Industrial > Material Handling > Shipping Containers,Bürocontainer,Bürocontainer,TRUE,Title,Default Title,,,,,14273,0,shopify,10,deny,manual,5500.00,,TRUE,TRUE,,https://neubach-container.de/wp-content/uploads/2024/04/resize_4-38.jpeg,1,10' Bürocontainer CLASSIC Line (Reinweiß),FALSE,10' Bürocontainer CLASSIC Line (Reinweiß),"Lieferzeit auf Anfrage
inkl. Lieferung nach Deutschland
Der angebotene Bürocontainer 10 Fuß (ca. 6,2m²) ist ideal als als Pförtnercontainer, flexibel einsatzbare Umkleide (Einrichtung Bauseits) oder auch als Meisterbüro für Ihre Produktion einsetzbar.",Business & Industrial > Material Handling > Shipping Containers,14273,new,FALSE,kg,active
10-buerocontainer-classic-line-reinweiss,,,,,,,,,,,,,,,,,,,,,,,,,https://neubach-container.de/wp-content/uploads/2024/04/resize_5-29.jpeg,2,10' Bürocontainer CLASSIC Line (Reinweiß),,,,,,,,,active
10-buerocontainer-classic-line-reinweiss,,,,,,,,,,,,,,,,,,,,,,,,,https://neubach-container.de/wp-content/uploads/2024/04/resize-67.jpeg,3,10' Bürocontainer CLASSIC Line (Reinweiß),,,,,,,,,active
10-buerocontainer-classic-line-reinweiss,,,,,,,,,,,,,,,,,,,,,,,,,https://neubach-container.de/wp-content/uploads/2024/04/resize_1-51.jpeg,4,10' Bürocontainer CLASSIC Line (Reinweiß),,,,,,,,,active
10-buerocontainer-classic-line-reinweiss,,,,,,,,,,,,,,,,,,,,,,,,,https://neubach-container.de/wp-content/uploads/2024/04/resize_2-47.jpeg,5,10' Bürocontainer CLASSIC Line (Reinweiß),,,,,,,,,active
10-buerocontainer-classic-line-reinweiss,,,,,,,,,,,,,,,,,,,,,,,,,https://neubach-container.de/wp-content/uploads/2024/04/resize_3-42.jpeg,6,10' Bürocontainer CLASSIC Line (Reinweiß),,,,,,,,,active
20-buerocontainer-classic-line-enzianblau,20' Bürocontainer CLASSIC Line (Enzianblau),<p>20′ BÜRO- /MANNSCHAFTSCONTAINER</p><p>Lieferzeit auf Anfrage</p><p>inkl. Lieferung nach Deutschland</p><p>Die angebotenen 20′ Container eignen sich ideal als gemütlicher Aufenthaltsraum und sind gleichzeitig bestens geeignet für den Einsatz auf Baustellen oder auch auf privaten Grundstücken.</p><p>Durch die in der wandbefindlichen Kabeldurchführung (40mm) sind nachträgliche Umbauarbeiten/Installationen ganz einfach möglich.</p>,Neubach Container,Business & Industrial > Material Handling > Shipping Containers,Bürocontainer,Bürocontainer,TRUE,Title,Default Title,,,,,ang00001522,0,shopify,10,deny,manual,7690.00,,TRUE,TRUE,,https://neubach-container.de/wp-content/uploads/2024/04/resize-19.jpeg,1,20' Bürocontainer CLASSIC Line (Enzianblau),FALSE,20' Bürocontainer CLASSIC Line (Enzianblau),"20′ BÜRO- /MANNSCHAFTSCONTAINER
Lieferzeit auf Anfrage
inkl. Lieferung nach Deutschland
Die angebotenen 20′ Container eignen sich ideal als gemütlicher Aufenthaltsraum und sind gleichzeitig bestens geeignet für den Einsatz auf Baustellen oder auch auf privaten Grundstücken.
Durch die in der wandbefi",Business & Industrial > Material Handling > Shipping Containers,ang00001522,new,FALSE,kg,active
20-buerocontainer-classic-line-enzianblau,,,,,,,,,,,,,,,,,,,,,,,,,https://neubach-container.de/wp-content/uploads/2024/04/resize_4-14.jpeg,2,20' Bürocontainer CLASSIC Line (Enzianblau),,,,,,,,,active
20-buerocontainer-classic-line-enzianblau,,,,,,,,,,,,,,,,,,,,,,,,,https://neubach-container.de/wp-content/uploads/2024/04/resize_1-19.jpeg,3,20' Bürocontainer CLASSIC Line (Enzianblau),,,,,,,,,active
20-buerocontainer-classic-line-enzianblau,,,,,,,,,,,,,,,,,,,,,,,,,https://neubach-container.de/wp-content/uploads/2024/04/resize_3-15.jpeg,4,20' Bürocontainer CLASSIC Line (Enzianblau),,,,,,,,,active
20-buerocontainer-classic-line-enzianblau,,,,,,,,,,,,,,,,,,,,,,,,,https://neubach-container.de/wp-content/uploads/2024/04/resize_2-17.jpeg,5,20' Bürocontainer CLASSIC Line (Enzianblau),,,,,,,,,active
20-buerocontainer-classic-line-enzianblau,,,,,,,,,,,,,,,,,,,,,,,,,https://neubach-container.de/wp-content/uploads/2024/04/resize_5-13.jpeg,6,20' Bürocontainer CLASSIC Line (Enzianblau),,,,,,,,,active
20-containeranlage-classic-line-reinweiss,20' Containeranlage CLASSIC Line (Reinweiß),"<p>20′ DOPPELANLAGE mit Windfang und Klimavorbereitung</p><p>– SOFORT VERFÜGBAR!</p><p>– inkl. Lieferung nach Deutschland</p><p>Der angebotene 20′ Container eignet sich ideal als gemütlicher Aufenthaltsraum und ist gleichzeitig bestens geeignet für den Einsatz auf Baustellen oder auch auf privaten Grundstücken.</p><p>Der eingebaute Windfang schützt vor starken Windböen, gegen Staub und Platzregen</p>",Neubach Container,Business & Industrial > Material Handling > Shipping Containers,Bürocontainer,Bürocontainer,TRUE,Title,Default Title,,,,,ang00001554,0,shopify,10,deny,manual,15500.00,,TRUE,TRUE,,https://neubach-container.de/wp-content/uploads/2024/04/resize_4-3.jpeg,1,20' Containeranlage CLASSIC Line (Reinweiß),FALSE,20' Containeranlage CLASSIC Line (Reinweiß),"20′ DOPPELANLAGE mit Windfang und Klimavorbereitung
– SOFORT VERFÜGBAR!
– inkl. Lieferung nach Deutschland
Der angebotene 20′ Container eignet sich ideal als gemütlicher Aufenthaltsraum und ist gleichzeitig bestens geeignet für den Einsatz auf Baustellen oder auch auf privaten Grundstücken.
Der eing",Business & Industrial > Material Handling > Shipping Containers,ang00001554,new,FALSE,kg,active
20-containeranlage-classic-line-reinweiss,,,,,,,,,,,,,,,,,,,,,,,,,https://neubach-container.de/wp-content/uploads/2024/04/resize_3-3.jpeg,2,20' Containeranlage CLASSIC Line (Reinweiß),,,,,,,,,active
20-containeranlage-classic-line-reinweiss,,,,,,,,,,,,,,,,,,,,,,,,,https://neubach-container.de/wp-content/uploads/2024/04/resize_5-2.jpeg,3,20' Containeranlage CLASSIC Line (Reinweiß),,,,,,,,,active
20-containeranlage-classic-line-reinweiss,,,,,,,,,,,,,,,,,,,,,,,,,https://neubach-container.de/wp-content/uploads/2024/04/resize_1-3.jpeg,4,20' Containeranlage CLASSIC Line (Reinweiß),,,,,,,,,active
20-containeranlage-classic-line-reinweiss,,,,,,,,,,,,,,,,,,,,,,,,,https://neubach-container.de/wp-content/uploads/2024/04/resize-3.jpeg,5,20' Containeranlage CLASSIC Line (Reinweiß),,,,,,,,,active
20-containeranlage-classic-line-reinweiss,,,,,,,,,,,,,,,,,,,,,,,,,https://neubach-container.de/wp-content/uploads/2024/04/resize_2-3.jpeg,6,20' Containeranlage CLASSIC Line (Reinweiß),,,,,,,,,active
20-containeranlage-plus-line,20′ Containeranlage PLUS Line,<p>Sofort einsetzbare Containeranlage bestehend aus 3 Stk. neuwertigen PLUS Line Modulen mit hochwertigen Verglasungen (teils Bodentief) inklusive Raffstore verfügbar.</p><p>Raum Module in hochwertiger Dämmung mit niedrigen u-Werten (u-Werte gerne auf Anfrage) ausgeführt.</p><p>Bodentiefe Verglasungen können mittels elektrischen Raffstore beschattet werden.</p><p>Abgehängte Rasterdecke mit integrierten LED Paneelen und Präsenzmelder inklusive.</p><p>Hochwertige Sanitärausstattung verbaut in einen Vorsatzwand.</p><p>Besichtigung nach Terminvereinbarung möglich.</p><p>Lieferung und Montage der Anlage auf Anfrage.</p><p>Zusatzoptionen wie Klimatisierung oder ähnliches gerne auf Anfrage.</p>,Neubach Container,Business & Industrial > Material Handling > Shipping Containers,Bürocontainer,Bürocontainer,TRUE,Title,Default Title,,,,,ang00000985,0,shopify,10,deny,manual,9990.00,,TRUE,TRUE,,https://neubach-container.de/wp-content/uploads/2024/04/resize-10.jpeg,1,20′ Containeranlage PLUS Line,FALSE,20′ Containeranlage PLUS Line,"Sofort einsetzbare Containeranlage bestehend aus 3 Stk. neuwertigen PLUS Line Modulen mit hochwertigen Verglasungen (teils Bodentief) inklusive Raffstore verfügbar.
Raum Module in hochwertiger Dämmung mit niedrigen u-Werten (u-Werte gerne auf Anfrage) ausgeführt.
Bodentiefe Verglasungen können mitte",Business & Industrial > Material Handling > Shipping Containers,ang00000985,new,FALSE,kg,active
20-containeranlage-plus-line,,,,,,,,,,,,,,,,,,,,,,,,,https://neubach-container.de/wp-content/uploads/2024/04/resize_2-9.jpeg,2,20′ Containeranlage PLUS Line,,,,,,,,,active
20-containeranlage-plus-line,,,,,,,,,,,,,,,,,,,,,,,,,https://neubach-container.de/wp-content/uploads/2024/04/resize_1-10.jpeg,3,20′ Containeranlage PLUS Line,,,,,,,,,active
24-buerocontainer-classic-line,24' Bürocontainer CLASSIC Line,<p>24′ BÜRO- /MANNSCHAFTSCONTAINER mit verstärkten Boden und Wandverstärkungen!</p><p>SOFORT VERFÜGBAR!</p><p>Der angebotene 24′ Container mit verstärkten Boden eignet sich ideal als gemütlicher Aufenthaltsraum und ist gleichzeitig bestens geeignet für den Einsatz auf Baustellen oder auch auf privaten Grundstücken.</p><p>Die doppelten Bodenquerträger verstärken den Boden um schwere Gegenstände in den Container zu stellen.</p>,Neubach Container,Business & Industrial > Material Handling > Shipping Containers,Bürocontainer,Bürocontainer,TRUE,Title,Default Title,,,,,13406,0,shopify,10,deny,manual,9990.00,,TRUE,TRUE,,https://neubach-container.de/wp-content/uploads/2024/04/resize-_2_.jpg,1,24' Bürocontainer CLASSIC Line,FALSE,24' Bürocontainer CLASSIC Line,"24′ BÜRO- /MANNSCHAFTSCONTAINER mit verstärkten Boden und Wandverstärkungen!
SOFORT VERFÜGBAR!
Der angebotene 24′ Container mit verstärkten Boden eignet sich ideal als gemütlicher Aufenthaltsraum und ist gleichzeitig bestens geeignet für den Einsatz auf Baustellen oder auch auf privaten Grundstücken",Business & Industrial > Material Handling > Shipping Containers,13406,new,FALSE,kg,active
24-buerocontainer-classic-line,,,,,,,,,,,,,,,,,,,,,,,,,https://neubach-container.de/wp-content/uploads/2024/04/resize-_1_.jpg,2,24' Bürocontainer CLASSIC Line,,,,,,,,,active
24-buerocontainer-classic-line,,,,,,,,,,,,,,,,,,,,,,,,,https://neubach-container.de/wp-content/uploads/2024/04/resize-_3_.jpg,3,24' Bürocontainer CLASSIC Line,,,,,,,,,active
24-buerocontainer-classic-line,,,,,,,,,,,,,,,,,,,,,,,,,https://neubach-container.de/wp-content/uploads/2024/04/resize-_4_.jpg,4,24' Bürocontainer CLASSIC Line,,,,,,,,,active
24-buerocontainer-classic-line,,,,,,,,,,,,,,,,,,,,,,,,,https://neubach-container.de/wp-content/uploads/2024/04/resize-5.jpg,5,24' Bürocontainer CLASSIC Line,,,,,,,,,active
2x-buerocontainer-20,2x Bürocontainer 20‘,<p>2x Bürocontainer 20‘</p><p>Mit Vordach</p><p>2x Bürofenster „Durchreiche / Durchspreche“</p>,Neubach Container,Business & Industrial > Material Handling > Shipping Containers,Bürocontainer,Bürocontainer,TRUE,Title,Default Title,,,,,2x-buerocontainer-20,0,shopify,10,deny,manual,7690.00,,TRUE,TRUE,,https://neubach-container.de/wp-content/uploads/2024/05/20220823_135617.jpg,1,2x Bürocontainer 20‘,FALSE,2x Bürocontainer 20‘,"2x Bürocontainer 20‘
Mit Vordach
2x Bürofenster „Durchreiche / Durchspreche“",Business & Industrial > Material Handling > Shipping Containers,2x-buerocontainer-20,new,FALSE,kg,active
2x-buerocontainer-20,,,,,,,,,,,,,,,,,,,,,,,,,https://neubach-container.de/wp-content/uploads/2024/05/20220823_135626.jpg,2,2x Bürocontainer 20‘,,,,,,,,,active
2x-buerocontainer-20,,,,,,,,,,,,,,,,,,,,,,,,,https://neubach-container.de/wp-content/uploads/2024/05/20220823_135608.jpg,3,2x Bürocontainer 20‘,,,,,,,,,active
2x-buerocontainer-20,,,,,,,,,,,,,,,,,,,,,,,,,https://neubach-container.de/wp-content/uploads/2024/05/20220823_135617-1024x1024.jpg,4,2x Bürocontainer 20‘,,,,,,,,,active
6x-buerocontainer-20,6x Bürocontainer 20‘,"<p>6x Bürocontainer 20‘ EG + OG</p><p>Mit Miniküche & Sanitärbereich</p><p>Klimagerät ohne Außeneinheit mit Kühl- und Heizfunktion 3,1kW</p>",Neubach Container,Business & Industrial > Material Handling > Shipping Containers,Bürocontainer,Bürocontainer,TRUE,Title,Default Title,,,,,6x-buerocontainer-20,0,shopify,10,deny,manual,7690.00,,TRUE,TRUE,,https://neubach-container.de/wp-content/uploads/2024/07/0461aae2-e628-4276-a959-fb5a09990188.jpg,1,6x Bürocontainer 20‘,FALSE,6x Bürocontainer 20‘,"6x Bürocontainer 20‘ EG + OG
Mit Miniküche & Sanitärbereich
Klimagerät ohne Außeneinheit mit Kühl- und Heizfunktion 3,1kW",Business & Industrial > Material Handling > Shipping Containers,6x-buerocontainer-20,new,FALSE,kg,active
6x-buerocontainer-20,,,,,,,,,,,,,,,,,,,,,,,,,https://neubach-container.de/wp-content/uploads/2024/07/967be0c5-410b-4f4c-9c72-c4979825a204.jpg,2,6x Bürocontainer 20‘,,,,,,,,,active
6x-buerocontainer-20,,,,,,,,,,,,,,,,,,,,,,,,,https://neubach-container.de/wp-content/uploads/2024/07/thumbnail_image001.png,3,6x Bürocontainer 20‘,,,,,,,,,active
8x-buerocontainer-24,8x Bürocontainer 24‘,<p>8x Bürocontainer 24‘</p><p>2x Sanitärcontainer 24‘</p>,Neubach Container,Business & Industrial > Material Handling > Shipping Containers,Bürocontainer,Bürocontainer,TRUE,Title,Default Title,,,,,8x-buerocontainer-24,0,shopify,10,deny,manual,5500.00,,TRUE,TRUE,,https://neubach-container.de/wp-content/uploads/2024/07/IMG-20240605-WA0359.jpg,1,8x Bürocontainer 24‘,FALSE,8x Bürocontainer 24‘,"8x Bürocontainer 24‘
2x Sanitärcontainer 24‘",Business & Industrial > Material Handling > Shipping Containers,8x-buerocontainer-24,new,FALSE,kg,active
8x-buerocontainer-24,,,,,,,,,,,,,,,,,,,,,,,,,https://neubach-container.de/wp-content/uploads/2024/07/IMG-20240605-WA0357.jpg,2,8x Bürocontainer 24‘,,,,,,,,,active
8x-buerocontainer-24,,,,,,,,,,,,,,,,,,,,,,,,,https://neubach-container.de/wp-content/uploads/2024/07/Screenshot-2024-07-18-150331.png,3,8x Bürocontainer 24‘,,,,,,,,,active
8x-buerocontainer-24,,,,,,,,,,,,,,,,,,,,,,,,,https://neubach-container.de/wp-content/uploads/2024/07/IMG-20240605-WA0361.jpg,4,8x Bürocontainer 24‘,,,,,,,,,active
8x-buerocontainer-24,,,,,,,,,,,,,,,,,,,,,,,,,https://neubach-container.de/wp-content/uploads/2024/07/IMG-20240605-WA0360.jpg,5,8x Bürocontainer 24‘,,,,,,,,,active
8x-buerocontainer-24,,,,,,,,,,,,,,,,,,,,,,,,,https://neubach-container.de/wp-content/uploads/2024/07/IMG-20240605-WA0358.jpg,6,8x Bürocontainer 24‘,,,,,,,,,active
duo-anlage-20,Duo Anlage 20‘,<p>Zwischenverkauf vorbehalten | Preis pro Stk.</p>,Neubach Container,Business & Industrial > Material Handling > Shipping Containers,Bürocontainer,Bürocontainer,TRUE,Title,Default Title,,,,,duo-anlage-20,0,shopify,10,deny,manual,15500.00,,TRUE,TRUE,,https://neubach-container.de/wp-content/uploads/2024/11/IMG-20210625-WA0031.jpg,1,Duo Anlage 20‘,FALSE,Duo Anlage 20‘,Zwischenverkauf vorbehalten | Preis pro Stk.,Business & Industrial > Material Handling > Shipping Containers,duo-anlage-20,new,FALSE,kg,active
duo-anlage-20,,,,,,,,,,,,,,,,,,,,,,,,,https://neubach-container.de/wp-content/uploads/2024/11/IMG-20210625-WA0026.jpg,2,Duo Anlage 20‘,,,,,,,,,active
duo-anlage-20,,,,,,,,,,,,,,,,,,,,,,,,,https://neubach-container.de/wp-content/uploads/2024/11/20180710_110801_resized_20200228_013448748-e1732814574349.jpg,3,Duo Anlage 20‘,,,,,,,,,active
14x-container-24,14x Container 24‘,<p>Containeranlage bestehend aus:</p><p>14x Container 24‘</p><p>RAL 7016 Anthrazitgrau</p><p>IP-Verglasung inkl. Kipphebelbetätigung</p>,Neubach Container,Business & Industrial > Material Handling > Shipping Containers,Containeranlage,Containeranlage,TRUE,Title,Default Title,,,,,14x-container-24,0,shopify,10,deny,manual,,,TRUE,TRUE,,https://neubach-container.de/wp-content/uploads/2024/04/IMG-20240410-WA0222-e1729160161216.jpg,1,14x Container 24‘,FALSE,14x Container 24‘,"Containeranlage bestehend aus:
14x Container 24‘
RAL 7016 Anthrazitgrau
IP-Verglasung inkl. Kipphebelbetätigung",Business & Industrial > Material Handling > Shipping Containers,14x-container-24,new,FALSE,kg,active
14x-container-24,,,,,,,,,,,,,,,,,,,,,,,,,https://neubach-container.de/wp-content/uploads/2024/07/Screenshot-2024-07-18-142819.png,2,14x Container 24‘,,,,,,,,,active
24-containeranlage-classic-line,24′ Containeranlage CLASSIC Line,"<p>Anlage 2×24` mit einer Türe, vier Bürofenstern und Vorbereitung für Miniküche</p><p>Weitere Fotos auf Anfrage</p>",Neubach Container,Business & Industrial > Material Handling > Shipping Containers,Containeranlage,Containeranlage,TRUE,Title,Default Title,,,,,ang00002277,0,shopify,10,deny,manual,,,TRUE,TRUE,,https://neubach-container.de/wp-content/uploads/2024/04/resize-76.jpeg,1,24′ Containeranlage CLASSIC Line,FALSE,24′ Containeranlage CLASSIC Line,"Anlage 2×24` mit einer Türe, vier Bürofenstern und Vorbereitung für Miniküche
Weitere Fotos auf Anfrage",Business & Industrial > Material Handling > Shipping Containers,ang00002277,new,FALSE,kg,active
24-containeranlage-classic-line,,,,,,,,,,,,,,,,,,,,,,,,,https://neubach-container.de/wp-content/uploads/2024/04/resize_7-19.jpeg,2,24′ Containeranlage CLASSIC Line,,,,,,,,,active
24-containeranlage-classic-line,,,,,,,,,,,,,,,,,,,,,,,,,https://neubach-container.de/wp-content/uploads/2024/04/resize_1-60.jpeg,3,24′ Containeranlage CLASSIC Line,,,,,,,,,active
24-containeranlage-classic-line,,,,,,,,,,,,,,,,,,,,,,,,,https://neubach-container.de/wp-content/uploads/2024/04/resize_2-56.jpeg,4,24′ Containeranlage CLASSIC Line,,,,,,,,,active
24-containeranlage-classic-line,,,,,,,,,,,,,,,,,,,,,,,,,https://neubach-container.de/wp-content/uploads/2024/04/resize_3-51.jpeg,5,24′ Containeranlage CLASSIC Line,,,,,,,,,active
24-containeranlage-classic-line,,,,,,,,,,,,,,,,,,,,,,,,,https://neubach-container.de/wp-content/uploads/2024/04/resize_4-47.jpeg,6,24′ Containeranlage CLASSIC Line,,,,,,,,,active
24-containeranlage-classic-line,,,,,,,,,,,,,,,,,,,,,,,,,https://neubach-container.de/wp-content/uploads/2024/04/resize_5-37.jpeg,7,24′ Containeranlage CLASSIC Line,,,,,,,,,active
24-containeranlage-classic-line,,,,,,,,,,,,,,,,,,,,,,,,,https://neubach-container.de/wp-content/uploads/2024/04/resize_6-24.jpeg,8,24′ Containeranlage CLASSIC Line,,,,,,,,,active
9x-buerocontainer-20,9x Bürocontainer 20‘,<p>9x Bürocontainer 20‘</p><p>RAL 7016 Anthrazitgrau</p><p>Brandschutzausführung</p>,Neubach Container,Business & Industrial > Material Handling > Shipping Containers,Containeranlage,Containeranlage,TRUE,Title,Default Title,,,,,9x-buerocontainer-20,0,shopify,10,deny,manual,,,TRUE,TRUE,,https://neubach-container.de/wp-content/uploads/2024/07/IMG-20240502-WA0118.jpg,1,9x Bürocontainer 20‘,FALSE,9x Bürocontainer 20‘,"9x Bürocontainer 20‘
RAL 7016 Anthrazitgrau
Brandschutzausführung",Business & Industrial > Material Handling > Shipping Containers,9x-buerocontainer-20,new,FALSE,kg,active
9x-buerocontainer-20,,,,,,,,,,,,,,,,,,,,,,,,,https://neubach-container.de/wp-content/uploads/2024/07/IMG-20240502-WA0115.jpg,2,9x Bürocontainer 20‘,,,,,,,,,active
9x-buerocontainer-20,,,,,,,,,,,,,,,,,,,,,,,,,https://neubach-container.de/wp-content/uploads/2024/07/IMG-20240502-WA0114.jpg,3,9x Bürocontainer 20‘,,,,,,,,,active
9x-buerocontainer-20,,,,,,,,,,,,,,,,,,,,,,,,,https://neubach-container.de/wp-content/uploads/2024/07/IMG-20240502-WA0113.jpg,4,9x Bürocontainer 20‘,,,,,,,,,active
9x-buerocontainer-20,,,,,,,,,,,,,,,,,,,,,,,,,https://neubach-container.de/wp-content/uploads/2024/07/Screenshot-2024-07-18-145156.png,5,9x Bürocontainer 20‘,,,,,,,,,active
containeranlage-12x202x24,Containeranlage 12×20’+2×24′,<p>10x Bürocontainer 20‘</p><p>2x Verbindungscontainer 24‘</p><p>2x Sanitärcontainer 20‘</p><p>RAL 7016</p><p>Mit Attika rot</p>,Neubach Container,Business & Industrial > Material Handling > Shipping Containers,Containeranlage,Containeranlage,TRUE,Title,Default Title,,,,,containeranlage-12x202x24,0,shopify,10,deny,manual,,,TRUE,TRUE,,https://neubach-container.de/wp-content/uploads/2024/05/IMG-20210116-WA0026.jpg,1,Containeranlage 12×20’+2×24′,FALSE,Containeranlage 12×20’+2×24′,"10x Bürocontainer 20‘
2x Verbindungscontainer 24‘
2x Sanitärcontainer 20‘
RAL 7016
Mit Attika rot",Business & Industrial > Material Handling > Shipping Containers,containeranlage-12x202x24,new,FALSE,kg,active
containeranlage-12x202x24,,,,,,,,,,,,,,,,,,,,,,,,,https://neubach-container.de/wp-content/uploads/2024/05/IMG-20210116-WA0020.jpg,2,Containeranlage 12×20’+2×24′,,,,,,,,,active
containeranlage-12x202x24,,,,,,,,,,,,,,,,,,,,,,,,,https://neubach-container.de/wp-content/uploads/2024/05/IMG-20210116-WA0028.jpg,3,Containeranlage 12×20’+2×24′,,,,,,,,,active
containeranlage-12x202x24,,,,,,,,,,,,,,,,,,,,,,,,,https://neubach-container.de/wp-content/uploads/2024/05/IMG-20210116-WA0031.jpg,4,Containeranlage 12×20’+2×24′,,,,,,,,,active
containeranlage-23x206x161x10,Containeranlage 23×20’+6×16′+1×10′,<p>15 Einzelcontainer 20‘</p><p>2 Küchencontainer 20‘ mit Vorbereitung für Küchenzeile OHNE Möbel und E-Geräte</p><p>2 Aufenthaltsräume 20‘</p><p>3 Sanitärcontainer 20‘</p><p>WC & Duschen Damen/Herren</p><p>Herren</p><p>3 WC-Kabinen</p><p>3 Urinale</p><p>1 Doppelwaschbecken</p><p>3 Duschkabinen mit Einhandmischer und Duschvorhang</p><p>4-fach Waschbecken</p><p>Damen</p><p>3 WC-Kabinen</p><p>3 Handwaschbecken</p><p>3 Duschkabinen mit Einhandmischer und Dusch-Vorhang</p><p>4-fach Waschbecken</p><p>Waschmaschinencontainer 20‘</p><p>5 Waschmaschinenanschlüsse</p><p>5 Trockneranschlüsse</p><p>OHNE Elektrogeräte</p><p>6 Flurcontainer 16‘</p><p>Technikcontainer 10‘</p><p>2 Vordächer groß RAL 9010 und RAL 9002</p>,Neubach Container,Business & Industrial > Material Handling > Shipping Containers,Containeranlage,Containeranlage,TRUE,Title,Default Title,,,,,containeranlage-23x206x161x10,0,shopify,10,deny,manual,,,TRUE,TRUE,,https://neubach-container.de/wp-content/uploads/2025/07/31-Containeranlage-1-scaled.jpg,1,Containeranlage 23×20’+6×16′+1×10′,FALSE,Containeranlage 23×20’+6×16′+1×10′,"15 Einzelcontainer 20‘
2 Küchencontainer 20‘ mit Vorbereitung für Küchenzeile OHNE Möbel und E-Geräte
2 Aufenthaltsräume 20‘
3 Sanitärcontainer 20‘
WC & Duschen Damen/Herren
Herren
3 WC-Kabinen
3 Urinale
1 Doppelwaschbecken
3 Duschkabinen mit Einhandmischer und Duschvorhang
4-fach Waschbecken
Damen
",Business & Industrial > Material Handling > Shipping Containers,containeranlage-23x206x161x10,new,FALSE,kg,active
containeranlage-23x206x161x10,,,,,,,,,,,,,,,,,,,,,,,,,https://neubach-container.de/wp-content/uploads/2025/07/31-Containeranlage-2-scaled.jpg,2,Containeranlage 23×20’+6×16′+1×10′,,,,,,,,,active
containeranlage-23x206x161x10,,,,,,,,,,,,,,,,,,,,,,,,,https://neubach-container.de/wp-content/uploads/2025/07/31-Containeranlage-3-scaled.jpg,3,Containeranlage 23×20’+6×16′+1×10′,,,,,,,,,active
containeranlage-23x206x161x10,,,,,,,,,,,,,,,,,,,,,,,,,https://neubach-container.de/wp-content/uploads/2025/07/31-Containeranlage-4-scaled.jpg,4,Containeranlage 23×20’+6×16′+1×10′,,,,,,,,,active
containeranlage-23x206x161x10,,,,,,,,,,,,,,,,,,,,,,,,,https://neubach-container.de/wp-content/uploads/2025/07/31-Containeranlage-7-scaled.jpg,5,Containeranlage 23×20’+6×16′+1×10′,,,,,,,,,active
containeranlage-23x206x161x10,,,,,,,,,,,,,,,,,,,,,,,,,https://neubach-container.de/wp-content/uploads/2025/07/31-Containeranlage-6-scaled.jpg,6,Containeranlage 23×20’+6×16′+1×10′,,,,,,,,,active
containeranlage-23x206x161x10,,,,,,,,,,,,,,,,,,,,,,,,,https://neubach-container.de/wp-content/uploads/2025/07/31-Containeranlage-5-scaled.jpg,7,Containeranlage 23×20’+6×16′+1×10′,,,,,,,,,active
containeranlage-8x20,Containeranlage 8×20′,<p>4x Bürocontainer Plus Line 20‘</p><p>1x Terrassencontainer mit Dach Plus Line 20‘</p><p>1x Sanitärcontainer Plus Line 20‘</p><p>2x Innentreppencontainer Plus Line 20‘</p>,Neubach Container,Business & Industrial > Material Handling > Shipping Containers,Containeranlage,Containeranlage,TRUE,Title,Default Title,,,,,containeranlage-8x20,0,shopify,10,deny,manual,,,TRUE,TRUE,,https://neubach-container.de/wp-content/uploads/2024/04/IMG-20240410-WA0236-e1720691500276.jpg,1,Containeranlage 8×20′,FALSE,Containeranlage 8×20′,"4x Bürocontainer Plus Line 20‘
1x Terrassencontainer mit Dach Plus Line 20‘
1x Sanitärcontainer Plus Line 20‘
2x Innentreppencontainer Plus Line 20‘",Business & Industrial > Material Handling > Shipping Containers,containeranlage-8x20,new,FALSE,kg,active
containeranlage-8x20,,,,,,,,,,,,,,,,,,,,,,,,,https://neubach-container.de/wp-content/uploads/2024/07/Screenshot-2024-07-18-144636.png,2,Containeranlage 8×20′,,,,,,,,,active
20-duschcontainer-mit-umkleide,20‘ Duschcontainer mit Umkleide,<p>Mannschaftscontainer 20‘</p><p>Umkleide</p><p>2 Duschen</p><p>1 Waschbecken</p><p>Boiler</p><p>Farbe: Aluminium-Weiß</p>,Neubach Container,Business & Industrial > Material Handling > Shipping Containers,Duschcontainer,Duschcontainer,TRUE,Title,Default Title,,,,,19831,0,shopify,10,deny,manual,9000.00,,TRUE,TRUE,,https://neubach-container.de/wp-content/uploads/2025/09/Mannschaftscontainer_20.jpg,1,20‘ Duschcontainer mit Umkleide,FALSE,20‘ Duschcontainer mit Umkleide,"Mannschaftscontainer 20‘
Umkleide
2 Duschen
1 Waschbecken
Boiler
Farbe: Aluminium-Weiß",Business & Industrial > Material Handling > Shipping Containers,19831,new,FALSE,kg,active
20-duschcontainer-mit-umkleide,,,,,,,,,,,,,,,,,,,,,,,,,https://neubach-container.de/wp-content/uploads/2025/09/Mannschaftscontainer_20_5.jpg,2,20‘ Duschcontainer mit Umkleide,,,,,,,,,active
20-duschcontainer-mit-umkleide,,,,,,,,,,,,,,,,,,,,,,,,,https://neubach-container.de/wp-content/uploads/2025/09/Mannschaftscontainer_20_2.jpg,3,20‘ Duschcontainer mit Umkleide,,,,,,,,,active
20-duschcontainer-mit-umkleide,,,,,,,,,,,,,,,,,,,,,,,,,https://neubach-container.de/wp-content/uploads/2025/09/Mannschaftscontainer_20_3.jpg,4,20‘ Duschcontainer mit Umkleide,,,,,,,,,active
20-duschcontainer-mit-umkleide,,,,,,,,,,,,,,,,,,,,,,,,,https://neubach-container.de/wp-content/uploads/2025/09/Mannschaftscontainer_20_4.jpg,5,20‘ Duschcontainer mit Umkleide,,,,,,,,,active
20-duschcontainer-mit-umkleide,,,,,,,,,,,,,,,,,,,,,,,,,https://neubach-container.de/wp-content/uploads/2025/09/Mannschaftscontainer_20_1.jpg,6,20‘ Duschcontainer mit Umkleide,,,,,,,,,active
20-duschcontainer,20‘ Duschcontainer,<p>Innenaufteilung in einen durchgehenden Wasch und Duschbereich</p><p>6 Duschen</p><p>4 Waschbecken</p><p>Warmwasser über Boiler</p><p>LED Innenbeleuchtung (2x 43 W)</p><p>Fenster vorhanden</p><p>Elektrik: 400V 32A 5 polig (VDE)</p><p>Dämmung: Boden 100 mm Mineralwolle</p><p>Dämmung: Dach 100 mm Mineralwolle</p><p>Wandaufbau: PU Paneele 60 mm</p><p>Boden: zementgebundene Bodenspannplatten</p><p>Bodenbelag: Surestep rutschhemmend (hochgezogen)</p><p>Sanitär: Druckreduzierventil inkl Rückspülfilter</p><p>Abwasser: DN110</p><p>Zuleitung: 1″</p><p>18.100 € netto zzgl. Transport</p>,Neubach Container,Business & Industrial > Material Handling > Shipping Containers,Duschcontainer,Duschcontainer,TRUE,Title,Default Title,,,,,20137,0,shopify,10,deny,manual,18100.00,,TRUE,TRUE,,https://neubach-container.de/wp-content/uploads/2026/01/Waschbecken-im-Container.jpeg,1,20‘ Duschcontainer,FALSE,20‘ Duschcontainer,"Innenaufteilung in einen durchgehenden Wasch und Duschbereich
6 Duschen
4 Waschbecken
Warmwasser über Boiler
LED Innenbeleuchtung (2x 43 W)
Fenster vorhanden
Elektrik: 400V 32A 5 polig (VDE)
Dämmung: Boden 100 mm Mineralwolle
Dämmung: Dach 100 mm Mineralwolle
Wandaufbau: PU Paneele 60 mm
Boden: zeme",Business & Industrial > Material Handling > Shipping Containers,20137,new,FALSE,kg,active
20-duschcontainer,,,,,,,,,,,,,,,,,,,,,,,,,https://neubach-container.de/wp-content/uploads/2026/01/Wassertanks-im-Container-fuer-die-DUschen.jpeg,2,20‘ Duschcontainer,,,,,,,,,active
20-duschcontainer,,,,,,,,,,,,,,,,,,,,,,,,,https://neubach-container.de/wp-content/uploads/2026/01/Duschen-im-Container.jpeg,3,20‘ Duschcontainer,,,,,,,,,active
20-duschcontainer,,,,,,,,,,,,,,,,,,,,,,,,,https://neubach-container.de/wp-content/uploads/2026/01/Duschcontainer-mit-Waschbecken-Innen.jpeg,4,20‘ Duschcontainer,,,,,,,,,active
10-lagercontainer-enzianblau-2,10′ Lagercontainer (Enzianblau),"<p>Außenmaße: 2991x2438x2591mm</p><p>Eigengewicht: 825kg</p><p>Preis: 3.600,- Netto</p><p>Nutzlast: 10000kg</p><p>Hebenutzlast: 6500kg</p><p>Lackierung: RAL 5010 enzianblau</p><p>Ausstattung:</p><p>1 Doppelflügeltür mit verzinkten Verriegelungsstangen</p><p>4 Zwangsbelüftungen</p><p>Verschweißte Einbruchsicherung aus robustem Baustahl in Containerfarbe</p><p>Zinkphosphatiert und KTL-Grundierung</p><p>Pulverbeschichtung</p><p>Typengeprüft durch „Germanischer Lloyd“</p><p>Staplertaschenabstand 950mm</p><p>Massiv verschweißte Stahlkonstruktion</p><p>Schichtholzboden 20mm</p>",Neubach Container,Business & Industrial > Material Handling > Shipping Containers,Lagercontainer,Lagercontainer,TRUE,Title,Default Title,,,,,19844,0,shopify,10,deny,manual,3600.00,,TRUE,TRUE,,https://neubach-container.de/wp-content/uploads/2025/09/Lagercontainer_4.jpg,1,10′ Lagercontainer (Enzianblau),FALSE,10′ Lagercontainer (Enzianblau),"Außenmaße: 2991x2438x2591mm
Eigengewicht: 825kg
Preis: 3.600,- Netto
Nutzlast: 10000kg
Hebenutzlast: 6500kg
Lackierung: RAL 5010 enzianblau
Ausstattung:
1 Doppelflügeltür mit verzinkten Verriegelungsstangen
4 Zwangsbelüftungen
Verschweißte Einbruchsicherung aus robustem Baustahl in Containerfarbe
Zi",Business & Industrial > Material Handling > Shipping Containers,19844,new,FALSE,kg,active
10-lagercontainer-enzianblau-2,,,,,,,,,,,,,,,,,,,,,,,,,https://neubach-container.de/wp-content/uploads/2025/09/Lagercontainer_2.jpg,2,10′ Lagercontainer (Enzianblau),,,,,,,,,active
10-lagercontainer-enzianblau-2,,,,,,,,,,,,,,,,,,,,,,,,,https://neubach-container.de/wp-content/uploads/2025/09/Lagercontainer_1.jpg,3,10′ Lagercontainer (Enzianblau),,,,,,,,,active
10-lagercontainer-reinweiss,10' Lagercontainer (Reinweiß),<p>Additional information</p><p>Container Typ</p><p>1x Lagercontainer 10' (2.991 mm x 2.438 mm)</p><p>Zustand</p><p>fabrikneu</p><p>Größe</p><p>7.2 m²</p><p>Anzahl Container</p><p>1</p><p>Baujahr</p><p>2023</p><p>Außenfarbe</p><p>RAL 9010 Reinweiß</p><p>Außenhöhe</p><p>2591 mm</p><p>Zeichnungs-Nummer</p><p>LC10-0000004174</p><p>Baugröße</p><p>10 Fuß</p>,Neubach Container,Business & Industrial > Material Handling > Shipping Containers,Lagercontainer,Lagercontainer,TRUE,Title,Default Title,,,,,ang00002241,0,shopify,10,deny,manual,3600.00,,TRUE,TRUE,,https://neubach-container.de/wp-content/uploads/2024/04/lc-ral7032-kieselgrau-4.jpg,1,10' Lagercontainer (Reinweiß),FALSE,10' Lagercontainer (Reinweiß),"Additional information
Container Typ
1x Lagercontainer 10' (2.991 mm x 2.438 mm)
Zustand
fabrikneu
Größe
7.2 m²
Anzahl Container
1
Baujahr
2023
Außenfarbe
RAL 9010 Reinweiß
Außenhöhe
2591 mm
Zeichnungs-Nummer
LC10-0000004174
Baugröße
10 Fuß",Business & Industrial > Material Handling > Shipping Containers,ang00002241,new,FALSE,kg,active
10-lagercontainer-reinweiss,,,,,,,,,,,,,,,,,,,,,,,,,https://neubach-container.de/wp-content/uploads/2024/04/lc10-0000004174_grundriss.jpg,2,10' Lagercontainer (Reinweiß),,,,,,,,,active
10-lagercontainer-reinweiss,,,,,,,,,,,,,,,,,,,,,,,,,https://neubach-container.de/wp-content/uploads/2024/04/lc10-0000004174_ansicht_perspektive.jpg,3,10' Lagercontainer (Reinweiß),,,,,,,,,active
10-lagercontainer-reinweiss,,,,,,,,,,,,,,,,,,,,,,,,,https://neubach-container.de/wp-content/uploads/2024/04/lc10-0000004174_ansicht_4.jpg,4,10' Lagercontainer (Reinweiß),,,,,,,,,active
10-lagercontainer-reinweiss,,,,,,,,,,,,,,,,,,,,,,,,,https://neubach-container.de/wp-content/uploads/2024/04/lc10-0000004174_ansicht_3.jpg,5,10' Lagercontainer (Reinweiß),,,,,,,,,active
10-lagercontainer-reinweiss,,,,,,,,,,,,,,,,,,,,,,,,,https://neubach-container.de/wp-content/uploads/2024/04/lc10-0000004174_ansicht_2.jpg,6,10' Lagercontainer (Reinweiß),,,,,,,,,active
10-lagercontainer-reinweiss,,,,,,,,,,,,,,,,,,,,,,,,,https://neubach-container.de/wp-content/uploads/2024/04/lc10-0000004174_ansicht_1.jpg,7,10' Lagercontainer (Reinweiß),,,,,,,,,active
10-lagercontainer,10' Lagercontainer,"<p>Neuer Lagercontainer der Größe 10 Fuß in Deutschland ab Depot (oder auch inkl. Lieferung; auf Anfrage) prompt verfügbar!</p><p>* Bestellbar, aber derzeit nicht ab sofort verfügbar. Sofort verfügbar in Farben RAL 9010 Reinweiß oder RAL 5010 Enzianblau.*</p><p>Einbruchssicherung optional verfügbar.</p>",Neubach Container,Business & Industrial > Material Handling > Shipping Containers,Lagercontainer,Lagercontainer,TRUE,Title,Default Title,,,,,ang00001161,0,shopify,10,deny,manual,3600.00,,TRUE,TRUE,,https://neubach-container.de/wp-content/uploads/2024/04/resize_4-7.jpeg,1,10' Lagercontainer,FALSE,10' Lagercontainer,"Neuer Lagercontainer der Größe 10 Fuß in Deutschland ab Depot (oder auch inkl. Lieferung; auf Anfrage) prompt verfügbar!
* Bestellbar, aber derzeit nicht ab sofort verfügbar. Sofort verfügbar in Farben RAL 9010 Reinweiß oder RAL 5010 Enzianblau.*
Einbruchssicherung optional verfügbar.",Business & Industrial > Material Handling > Shipping Containers,ang00001161,new,FALSE,kg,active
10-lagercontainer,,,,,,,,,,,,,,,,,,,,,,,,,https://neubach-container.de/wp-content/uploads/2024/04/resize_5-6.jpeg,2,10' Lagercontainer,,,,,,,,,active
10-lagercontainer,,,,,,,,,,,,,,,,,,,,,,,,,https://neubach-container.de/wp-content/uploads/2024/04/resize-8.jpeg,3,10' Lagercontainer,,,,,,,,,active
10-lagercontainer,,,,,,,,,,,,,,,,,,,,,,,,,https://neubach-container.de/wp-content/uploads/2024/04/resize_1-8.jpeg,4,10' Lagercontainer,,,,,,,,,active
10-lagercontainer,,,,,,,,,,,,,,,,,,,,,,,,,https://neubach-container.de/wp-content/uploads/2024/04/resize_2-8.jpeg,5,10' Lagercontainer,,,,,,,,,active
10-lagercontainer,,,,,,,,,,,,,,,,,,,,,,,,,https://neubach-container.de/wp-content/uploads/2024/04/resize_3-8.jpeg,6,10' Lagercontainer,,,,,,,,,active
10-lagercontainer,,,,,,,,,,,,,,,,,,,,,,,,,https://neubach-container.de/wp-content/uploads/2024/04/resize_6-2.jpeg,7,10' Lagercontainer,,,,,,,,,active
15-lagercontainer,15' Lagercontainer,<p>Additional information</p><p>Container Typ</p><p>1x Lagercontainer 15' (4.550 mm x 2.200 mm)</p><p>Zustand</p><p>fabrikneu</p><p>Größe</p><p>10 m²</p><p>Anzahl Container</p><p>1</p><p>Baujahr</p><p>2023</p><p>Außenhöhe</p><p>2260 mm</p><p>Außenfarbe</p><p>RAL 5010 Enzianblau</p><p>Zeichnungs-Nummer</p><p>LC15-0000001489</p><p>Baugröße</p><p>15 Fuß</p>,Neubach Container,Business & Industrial > Material Handling > Shipping Containers,Lagercontainer,Lagercontainer,TRUE,Title,Default Title,,,,,14005,0,shopify,10,deny,manual,4600.00,,TRUE,TRUE,,https://neubach-container.de/wp-content/uploads/2024/04/resize-48.jpeg,1,15' Lagercontainer,FALSE,15' Lagercontainer,"Additional information
Container Typ
1x Lagercontainer 15' (4.550 mm x 2.200 mm)
Zustand
fabrikneu
Größe
10 m²
Anzahl Container
1
Baujahr
2023
Außenhöhe
2260 mm
Außenfarbe
RAL 5010 Enzianblau
Zeichnungs-Nummer
LC15-0000001489
Baugröße
15 Fuß",Business & Industrial > Material Handling > Shipping Containers,14005,new,FALSE,kg,active
15-lagercontainer,,,,,,,,,,,,,,,,,,,,,,,,,https://neubach-container.de/wp-content/uploads/2024/04/lc15-0000001489_grundriss.jpg,2,15' Lagercontainer,,,,,,,,,active
15-lagercontainer,,,,,,,,,,,,,,,,,,,,,,,,,https://neubach-container.de/wp-content/uploads/2024/04/lc15-0000001489_ansicht_perspektive.jpg,3,15' Lagercontainer,,,,,,,,,active
15-lagercontainer,,,,,,,,,,,,,,,,,,,,,,,,,https://neubach-container.de/wp-content/uploads/2024/04/lc15-0000001489_ansicht_4.jpg,4,15' Lagercontainer,,,,,,,,,active
15-lagercontainer,,,,,,,,,,,,,,,,,,,,,,,,,https://neubach-container.de/wp-content/uploads/2024/04/lc15-0000001489_ansicht_3.jpg,5,15' Lagercontainer,,,,,,,,,active
15-lagercontainer,,,,,,,,,,,,,,,,,,,,,,,,,https://neubach-container.de/wp-content/uploads/2024/04/lc15-0000001489_ansicht_2.jpg,6,15' Lagercontainer,,,,,,,,,active
15-lagercontainer,,,,,,,,,,,,,,,,,,,,,,,,,https://neubach-container.de/wp-content/uploads/2024/04/lc15-0000001489_ansicht_1.jpg,7,15' Lagercontainer,,,,,,,,,active
20-lagercontainer-2,20' Lagercontainer,<p>Neuer Lagercontainer der Größe 20 Fuß in Deutschland inkl. Lieferung (Entladung auf Anfrage) prompt verfügbar!</p><p>Optional mit Einbruchssicherung!</p>,Neubach Container,Business & Industrial > Material Handling > Shipping Containers,Lagercontainer,Lagercontainer,TRUE,Title,Default Title,,,,,ang00001168,0,shopify,10,deny,manual,5100.00,,TRUE,TRUE,,https://neubach-container.de/wp-content/uploads/2024/04/resize-69.jpeg,1,20' Lagercontainer,FALSE,20' Lagercontainer,"Neuer Lagercontainer der Größe 20 Fuß in Deutschland inkl. Lieferung (Entladung auf Anfrage) prompt verfügbar!
Optional mit Einbruchssicherung!",Business & Industrial > Material Handling > Shipping Containers,ang00001168,new,FALSE,kg,active
20-lagercontainer-2,,,,,,,,,,,,,,,,,,,,,,,,,https://neubach-container.de/wp-content/uploads/2024/04/resize_3-44.jpeg,2,20' Lagercontainer,,,,,,,,,active
20-lagercontainer-2,,,,,,,,,,,,,,,,,,,,,,,,,https://neubach-container.de/wp-content/uploads/2024/04/resize_4-40.jpeg,3,20' Lagercontainer,,,,,,,,,active
20-lagercontainer-2,,,,,,,,,,,,,,,,,,,,,,,,,https://neubach-container.de/wp-content/uploads/2024/04/resize_2-49.jpeg,4,20' Lagercontainer,,,,,,,,,active
20-lagercontainer-2,,,,,,,,,,,,,,,,,,,,,,,,,https://neubach-container.de/wp-content/uploads/2024/04/resize_1-53.jpeg,5,20' Lagercontainer,,,,,,,,,active
6-lagercontainer,6' Lagercontainer,<p>Additional information</p><p>Container Typ</p><p>1x Lagercontainer 6' (1.980 mm x 1.970 mm)</p><p>Zustand</p><p>fabrikneu</p><p>Größe</p><p>3.9 m²</p><p>Anzahl Container</p><p>1</p><p>Baujahr</p><p>2023</p><p>Außenfarbe</p><p>RAL 5010 Enzianblau</p><p>Außenhöhe</p><p>1910 mm</p><p>Besonderheiten</p><p>1x Einbruchssicherung</p><p>Zeichnungs-Nummer</p><p>LC06-0000000534</p><p>Baugröße</p><p>6 Fuß</p>,Neubach Container,Business & Industrial > Material Handling > Shipping Containers,Lagercontainer,Lagercontainer,TRUE,Title,Default Title,,,,,13938,0,shopify,10,deny,manual,3000.00,,TRUE,TRUE,,https://neubach-container.de/wp-content/uploads/2024/04/04-img_4662.jpg,1,6' Lagercontainer,FALSE,6' Lagercontainer,"Additional information
Container Typ
1x Lagercontainer 6' (1.980 mm x 1.970 mm)
Zustand
fabrikneu
Größe
3.9 m²
Anzahl Container
1
Baujahr
2023
Außenfarbe
RAL 5010 Enzianblau
Außenhöhe
1910 mm
Besonderheiten
1x Einbruchssicherung
Zeichnungs-Nummer
LC06-0000000534
Baugröße
6 Fuß",Business & Industrial > Material Handling > Shipping Containers,13938,new,FALSE,kg,active
6-lagercontainer,,,,,,,,,,,,,,,,,,,,,,,,,https://neubach-container.de/wp-content/uploads/2024/04/lc06-0000000534_grundriss.jpg,2,6' Lagercontainer,,,,,,,,,active
6-lagercontainer,,,,,,,,,,,,,,,,,,,,,,,,,https://neubach-container.de/wp-content/uploads/2024/04/lc06-0000000534_ansicht_perspektive.jpg,3,6' Lagercontainer,,,,,,,,,active
6-lagercontainer,,,,,,,,,,,,,,,,,,,,,,,,,https://neubach-container.de/wp-content/uploads/2024/04/lc06-0000000534_ansicht_4.jpg,4,6' Lagercontainer,,,,,,,,,active
6-lagercontainer,,,,,,,,,,,,,,,,,,,,,,,,,https://neubach-container.de/wp-content/uploads/2024/04/lc06-0000000534_ansicht_3.jpg,5,6' Lagercontainer,,,,,,,,,active
6-lagercontainer,,,,,,,,,,,,,,,,,,,,,,,,,https://neubach-container.de/wp-content/uploads/2024/04/lc06-0000000534_ansicht_2.jpg,6,6' Lagercontainer,,,,,,,,,active
6-lagercontainer,,,,,,,,,,,,,,,,,,,,,,,,,https://neubach-container.de/wp-content/uploads/2024/04/lc06-0000000534_ansicht_1.jpg,7,6' Lagercontainer,,,,,,,,,active
8-lagercontainer-enzianblau,8' Lagercontainer (Enzianblau),<p>4Stk. sofort verfügbar</p>,Neubach Container,Business & Industrial > Material Handling > Shipping Containers,Lagercontainer,Lagercontainer,TRUE,Title,Default Title,,,,,ang00002238,0,shopify,10,deny,manual,3500.00,,TRUE,TRUE,,https://neubach-container.de/wp-content/uploads/2024/04/5_resize-2.jpeg,1,8' Lagercontainer (Enzianblau),FALSE,8' Lagercontainer (Enzianblau),4Stk. sofort verfügbar,Business & Industrial > Material Handling > Shipping Containers,ang00002238,new,FALSE,kg,active
8-lagercontainer-enzianblau,,,,,,,,,,,,,,,,,,,,,,,,,https://neubach-container.de/wp-content/uploads/2024/04/7_resize-1.jpeg,2,8' Lagercontainer (Enzianblau),,,,,,,,,active
8-lagercontainer-enzianblau,,,,,,,,,,,,,,,,,,,,,,,,,https://neubach-container.de/wp-content/uploads/2024/04/1_resize-2.jpeg,3,8' Lagercontainer (Enzianblau),,,,,,,,,active
8-lagercontainer-enzianblau,,,,,,,,,,,,,,,,,,,,,,,,,https://neubach-container.de/wp-content/uploads/2024/04/2_resize-2.jpeg,4,8' Lagercontainer (Enzianblau),,,,,,,,,active
8-lagercontainer-enzianblau,,,,,,,,,,,,,,,,,,,,,,,,,https://neubach-container.de/wp-content/uploads/2024/04/4_resize-2.jpeg,5,8' Lagercontainer (Enzianblau),,,,,,,,,active
8-lagercontainer-enzianblau,,,,,,,,,,,,,,,,,,,,,,,,,https://neubach-container.de/wp-content/uploads/2024/04/6_resize-2.jpeg,6,8' Lagercontainer (Enzianblau),,,,,,,,,active
8-lagercontainer-enzianblau,,,,,,,,,,,,,,,,,,,,,,,,,https://neubach-container.de/wp-content/uploads/2024/04/3_resize-2.jpeg,7,8' Lagercontainer (Enzianblau),,,,,,,,,active
8-lagercontainer-reinweiss,8' Lagercontainer (Reinweiß),<p>4Stk. sofort verfügbar</p>,Neubach Container,Business & Industrial > Material Handling > Shipping Containers,Lagercontainer,Lagercontainer,TRUE,Title,Default Title,,,,,ang00002239,0,shopify,10,deny,manual,3500.00,,TRUE,TRUE,,https://neubach-container.de/wp-content/uploads/2024/04/6_resize-3.jpeg,1,8' Lagercontainer (Reinweiß),FALSE,8' Lagercontainer (Reinweiß),4Stk. sofort verfügbar,Business & Industrial > Material Handling > Shipping Containers,ang00002239,new,FALSE,kg,active
8-lagercontainer-reinweiss,,,,,,,,,,,,,,,,,,,,,,,,,https://neubach-container.de/wp-content/uploads/2024/04/7_resize-2.jpeg,2,8' Lagercontainer (Reinweiß),,,,,,,,,active
8-lagercontainer-reinweiss,,,,,,,,,,,,,,,,,,,,,,,,,https://neubach-container.de/wp-content/uploads/2024/04/1_resize-3.jpeg,3,8' Lagercontainer (Reinweiß),,,,,,,,,active
8-lagercontainer-reinweiss,,,,,,,,,,,,,,,,,,,,,,,,,https://neubach-container.de/wp-content/uploads/2024/04/2_resize-3.jpeg,4,8' Lagercontainer (Reinweiß),,,,,,,,,active
8-lagercontainer-reinweiss,,,,,,,,,,,,,,,,,,,,,,,,,https://neubach-container.de/wp-content/uploads/2024/04/3_resize-3.jpeg,5,8' Lagercontainer (Reinweiß),,,,,,,,,active
8-lagercontainer-reinweiss,,,,,,,,,,,,,,,,,,,,,,,,,https://neubach-container.de/wp-content/uploads/2024/04/4_resize-3.jpeg,6,8' Lagercontainer (Reinweiß),,,,,,,,,active
8-lagercontainer-reinweiss,,,,,,,,,,,,,,,,,,,,,,,,,https://neubach-container.de/wp-content/uploads/2024/04/5_resize-3.jpeg,7,8' Lagercontainer (Reinweiß),,,,,,,,,active
9-lagercontainer-enzianblau,9' Lagercontainer (Enzianblau),<p>Additional information</p><p>Container Typ</p><p>1x Lagercontainer 9' (2.931 mm x 2.200 mm)</p><p>Zustand</p><p>fabrikneu</p><p>Größe</p><p>6.4 m²</p><p>Anzahl Container</p><p>1</p><p>Baujahr</p><p>2023</p><p>Außenfarbe</p><p>RAL 5010 Enzianblau</p><p>Außenhöhe</p><p>2260 mm</p><p>Zeichnungs-Nummer</p><p>LC09-0000001122</p><p>Baugröße</p><p>9 Fuß</p>,Neubach Container,Business & Industrial > Material Handling > Shipping Containers,Lagercontainer,Lagercontainer,TRUE,Title,Default Title,,,,,13985,0,shopify,10,deny,manual,3650.00,,TRUE,TRUE,,https://neubach-container.de/wp-content/uploads/2024/04/resize-47.jpeg,1,9' Lagercontainer (Enzianblau),FALSE,9' Lagercontainer (Enzianblau),"Additional information
Container Typ
1x Lagercontainer 9' (2.931 mm x 2.200 mm)
Zustand
fabrikneu
Größe
6.4 m²
Anzahl Container
1
Baujahr
2023
Außenfarbe
RAL 5010 Enzianblau
Außenhöhe
2260 mm
Zeichnungs-Nummer
LC09-0000001122
Baugröße
9 Fuß",Business & Industrial > Material Handling > Shipping Containers,13985,new,FALSE,kg,active
9-lagercontainer-enzianblau,,,,,,,,,,,,,,,,,,,,,,,,,https://neubach-container.de/wp-content/uploads/2024/04/lc09-0000001122_grundriss.jpg,2,9' Lagercontainer (Enzianblau),,,,,,,,,active
9-lagercontainer-enzianblau,,,,,,,,,,,,,,,,,,,,,,,,,https://neubach-container.de/wp-content/uploads/2024/04/lc09-0000001122_ansicht_perspektive.jpg,3,9' Lagercontainer (Enzianblau),,,,,,,,,active
9-lagercontainer-enzianblau,,,,,,,,,,,,,,,,,,,,,,,,,https://neubach-container.de/wp-content/uploads/2024/04/lc09-0000001122_ansicht_4.jpg,4,9' Lagercontainer (Enzianblau),,,,,,,,,active
9-lagercontainer-enzianblau,,,,,,,,,,,,,,,,,,,,,,,,,https://neubach-container.de/wp-content/uploads/2024/04/lc09-0000001122_ansicht_3.jpg,5,9' Lagercontainer (Enzianblau),,,,,,,,,active
9-lagercontainer-enzianblau,,,,,,,,,,,,,,,,,,,,,,,,,https://neubach-container.de/wp-content/uploads/2024/04/lc09-0000001122_ansicht_2.jpg,6,9' Lagercontainer (Enzianblau),,,,,,,,,active
9-lagercontainer-enzianblau,,,,,,,,,,,,,,,,,,,,,,,,,https://neubach-container.de/wp-content/uploads/2024/04/lc09-0000001122_ansicht_1.jpg,7,9' Lagercontainer (Enzianblau),,,,,,,,,active
20%e2%80%b2-dusch-wc-container-enzianblau,20′ Dusch-/WC-Container (Enzianblau),<p>Außenmaß ca. 6055 mm Länge und 2435 mm Breite</p><p>Raumhöhe innen 2540 mm</p><p>Innenaufteilung in zwei Bereiche• Links Wasch und Duschbereich• Rechts WC Bereich</p><p>2 Duschen</p><p>2 separate WC Kabinen</p><p>2 Uniral</p><p>Waschplätze mit mehreren Waschbecken</p><p>Fenster vorhanden</p><p>Elektrik: 400V 32A 5 polig (VDE)</p><p>Warmwasser über Boiler vorhanden</p><p>Farbe: Enzian Blau (RAL 5010)</p>,Neubach Container,Business & Industrial > Material Handling > Shipping Containers,Sanitärcontainer,Sanitärcontainer,TRUE,Title,Default Title,,,,,20130,0,shopify,10,deny,manual,17100.00,,TRUE,TRUE,,https://neubach-container.de/wp-content/uploads/2026/01/WC-und-Duschcontainer-Aussen-2.jpeg,1,20′ Dusch-/WC-Container (Enzianblau),FALSE,20′ Dusch-/WC-Container (Enzianblau),"Außenmaß ca. 6055 mm Länge und 2435 mm Breite
Raumhöhe innen 2540 mm
Innenaufteilung in zwei Bereiche• Links Wasch und Duschbereich• Rechts WC Bereich
2 Duschen
2 separate WC Kabinen
2 Uniral
Waschplätze mit mehreren Waschbecken
Fenster vorhanden
Elektrik: 400V 32A 5 polig (VDE)
Warmwasser über Boil",Business & Industrial > Material Handling > Shipping Containers,20130,new,FALSE,kg,active
20%e2%80%b2-dusch-wc-container-enzianblau,,,,,,,,,,,,,,,,,,,,,,,,,https://neubach-container.de/wp-content/uploads/2026/01/WC-und-Duschen-Symbol-Aussen.jpeg,2,20′ Dusch-/WC-Container (Enzianblau),,,,,,,,,active
20%e2%80%b2-dusch-wc-container-enzianblau,,,,,,,,,,,,,,,,,,,,,,,,,https://neubach-container.de/wp-content/uploads/2026/01/WC-und-Duschen-Container-Tuer.jpeg,3,20′ Dusch-/WC-Container (Enzianblau),,,,,,,,,active
20%e2%80%b2-dusch-wc-container-enzianblau,,,,,,,,,,,,,,,,,,,,,,,,,https://neubach-container.de/wp-content/uploads/2026/01/WC-und-Duschcontainer-Tueransicht.jpeg,4,20′ Dusch-/WC-Container (Enzianblau),,,,,,,,,active
20-duschcontainer-enzianblau,20′ Duschcontainer (Enzianblau),<p>Duschcontainer mit Vorraum</p><p>Zwischenverkauf vorbehalten</p>,Neubach Container,Business & Industrial > Material Handling > Shipping Containers,Container,Container,TRUE,Title,Default Title,,,,,20-duschcontainer-enzianblau,0,shopify,10,deny,manual,13970.00,,TRUE,TRUE,,https://neubach-container.de/wp-content/uploads/2024/04/resize_7-17.jpeg,1,20′ Duschcontainer (Enzianblau),FALSE,20′ Duschcontainer (Enzianblau),"Duschcontainer mit Vorraum
Zwischenverkauf vorbehalten",Business & Industrial > Material Handling > Shipping Containers,20-duschcontainer-enzianblau,new,FALSE,kg,active
20-duschcontainer-enzianblau,,,,,,,,,,,,,,,,,,,,,,,,,https://neubach-container.de/wp-content/uploads/2024/04/resize_4-44.jpeg,2,20′ Duschcontainer (Enzianblau),,,,,,,,,active
20-duschcontainer-enzianblau,,,,,,,,,,,,,,,,,,,,,,,,,https://neubach-container.de/wp-content/uploads/2024/04/resize_5-34.jpeg,3,20′ Duschcontainer (Enzianblau),,,,,,,,,active
20-duschcontainer-enzianblau,,,,,,,,,,,,,,,,,,,,,,,,,https://neubach-container.de/wp-content/uploads/2024/04/resize-73.jpeg,4,20′ Duschcontainer (Enzianblau),,,,,,,,,active
20-duschcontainer-enzianblau,,,,,,,,,,,,,,,,,,,,,,,,,https://neubach-container.de/wp-content/uploads/2024/04/resize_2-53.jpeg,5,20′ Duschcontainer (Enzianblau),,,,,,,,,active
20-duschcontainer-enzianblau,,,,,,,,,,,,,,,,,,,,,,,,,https://neubach-container.de/wp-content/uploads/2024/04/resize_1-57.jpeg,6,20′ Duschcontainer (Enzianblau),,,,,,,,,active
20-duschcontainer-enzianblau,,,,,,,,,,,,,,,,,,,,,,,,,https://neubach-container.de/wp-content/uploads/2024/04/resize_3-48.jpeg,7,20′ Duschcontainer (Enzianblau),,,,,,,,,active
20-duschcontainer-enzianblau,,,,,,,,,,,,,,,,,,,,,,,,,https://neubach-container.de/wp-content/uploads/2024/04/resize_6-21.jpeg,8,20′ Duschcontainer (Enzianblau),,,,,,,,,active
20-sanitaercontainer-plus-line-2,20′ Sanitärcontainer PLUS Line,"<p>Hochwertiger PLUS Line WC Container mit Damen und Herren Abteil. Die Container werden mit Unterputz-Verrohrung ausgeführt und sind deshalb ideal für den Einsatz an Bürogebäuden, Schulen, Messen, etc. geeignet.</p>",Neubach Container,Business & Industrial > Material Handling > Shipping Containers,Sanitärcontainer,Sanitärcontainer,TRUE,Title,Default Title,,,,,ang00001552,0,shopify,10,deny,manual,13970.00,,TRUE,TRUE,,https://neubach-container.de/wp-content/uploads/2024/04/resize-40.jpeg,1,20′ Sanitärcontainer PLUS Line,FALSE,20′ Sanitärcontainer PLUS Line,"Hochwertiger PLUS Line WC Container mit Damen und Herren Abteil. Die Container werden mit Unterputz-Verrohrung ausgeführt und sind deshalb ideal für den Einsatz an Bürogebäuden, Schulen, Messen, etc. geeignet.",Business & Industrial > Material Handling > Shipping Containers,ang00001552,new,FALSE,kg,active
sanitaercontainer-10,WC / Duschcontainer 20',"<p>WC / Duschcontainer 20‘</p><p>Anzahl Duschen: 2</p><p>Anzahl WCs: 2</p><p>Anzahl Urinal: 1</p><p>Anzahl Waschtische: 5</p><p>Aus 2022 – neuwertig</p><p>Ab 17.100,00 Euro</p>",Neubach Container,Business & Industrial > Material Handling > Shipping Containers,Sanitärcontainer,Sanitärcontainer,TRUE,Title,Default Title,,,,,17229,0,shopify,10,deny,manual,17100.00,,TRUE,TRUE,,https://neubach-container.de/wp-content/uploads/2024/09/20240717_101004.jpg,1,WC / Duschcontainer 20',FALSE,WC / Duschcontainer 20',"WC / Duschcontainer 20‘
Anzahl Duschen: 2
Anzahl WCs: 2
Anzahl Urinal: 1
Anzahl Waschtische: 5
Aus 2022 – neuwertig
Ab 17.100,00 Euro",Business & Industrial > Material Handling > Shipping Containers,17229,new,FALSE,kg,active
sanitaercontainer-10,,,,,,,,,,,,,,,,,,,,,,,,,https://neubach-container.de/wp-content/uploads/2024/09/Screenshot-2024-09-05-191052.jpg,2,WC / Duschcontainer 20',,,,,,,,,active
sanitaercontainer-10,,,,,,,,,,,,,,,,,,,,,,,,,https://neubach-container.de/wp-content/uploads/2024/09/20240717_095504.jpg,3,WC / Duschcontainer 20',,,,,,,,,active
sanitaercontainer-10,,,,,,,,,,,,,,,,,,,,,,,,,https://neubach-container.de/wp-content/uploads/2024/09/20240717_095509.jpg,4,WC / Duschcontainer 20',,,,,,,,,active
sanitaercontainer-10,,,,,,,,,,,,,,,,,,,,,,,,,https://neubach-container.de/wp-content/uploads/2024/09/20240717_101032.jpg,5,WC / Duschcontainer 20',,,,,,,,,active
sanitaercontainer-10,,,,,,,,,,,,,,,,,,,,,,,,,https://neubach-container.de/wp-content/uploads/2024/09/20240717_095355.jpg,6,WC / Duschcontainer 20',,,,,,,,,active
sanitaercontainer-10,,,,,,,,,,,,,,,,,,,,,,,,,https://neubach-container.de/wp-content/uploads/2024/09/20240717_095359.jpg,7,WC / Duschcontainer 20',,,,,,,,,active
sanitaercontainer-10,,,,,,,,,,,,,,,,,,,,,,,,,https://neubach-container.de/wp-content/uploads/2024/09/20240717_095404.jpg,8,WC / Duschcontainer 20',,,,,,,,,active
sanitaercontainer-10,,,,,,,,,,,,,,,,,,,,,,,,,https://neubach-container.de/wp-content/uploads/2024/09/20240717_095410.jpg,9,WC / Duschcontainer 20',,,,,,,,,active
sanitaercontainer-10,,,,,,,,,,,,,,,,,,,,,,,,,https://neubach-container.de/wp-content/uploads/2024/09/20240717_095421.jpg,10,WC / Duschcontainer 20',,,,,,,,,active
sanitaercontainer-10,,,,,,,,,,,,,,,,,,,,,,,,,https://neubach-container.de/wp-content/uploads/2024/09/20240717_095429.jpg,11,WC / Duschcontainer 20',,,,,,,,,active
sanitaercontainer-10,,,,,,,,,,,,,,,,,,,,,,,,,https://neubach-container.de/wp-content/uploads/2024/09/20240717_095435.jpg,12,WC / Duschcontainer 20',,,,,,,,,active
10-seecontainer,10´ Seecontainer,<p>10‘</p><p>Tiefschwarz</p><p>Elektropaket</p>,Neubach Container,Business & Industrial > Material Handling > Shipping Containers,Seecontainer,Seecontainer,TRUE,Title,Default Title,,,,,19843,0,shopify,10,deny,manual,3900.00,,TRUE,TRUE,,https://neubach-container.de/wp-content/uploads/2025/09/Seecontainer_1.jpg,1,10´ Seecontainer,FALSE,10´ Seecontainer,"10‘
Tiefschwarz
Elektropaket",Business & Industrial > Material Handling > Shipping Containers,19843,new,FALSE,kg,active
10-seecontainer,,,,,,,,,,,,,,,,,,,,,,,,,https://neubach-container.de/wp-content/uploads/2025/09/Seecontainer_3.jpg,2,10´ Seecontainer,,,,,,,,,active
20-seecontainer-2,20´ Seecontainer,"<p>Seecontainer 20´ mit Licht und einer Steckdose ausgestattet</p><p>Farbe: RAL 5010</p><p>übliche Gebrauchsspuren, Zementspuren siehe Fotos</p><p>Preis auf Anfrage</p>",Neubach Container,Business & Industrial > Material Handling > Shipping Containers,Seecontainer,Seecontainer,TRUE,Title,Default Title,,,,,20-seecontainer-2,0,shopify,10,deny,manual,3900.00,,TRUE,TRUE,,https://neubach-container.de/wp-content/uploads/2026/01/IMG-20260119-WA0066-scaled.jpg,1,20´ Seecontainer,FALSE,20´ Seecontainer,"Seecontainer 20´ mit Licht und einer Steckdose ausgestattet
Farbe: RAL 5010
übliche Gebrauchsspuren, Zementspuren siehe Fotos
Preis auf Anfrage",Business & Industrial > Material Handling > Shipping Containers,20-seecontainer-2,new,FALSE,kg,active
20-seecontainer-2,,,,,,,,,,,,,,,,,,,,,,,,,https://neubach-container.de/wp-content/uploads/2026/01/IMG-20260119-WA0070-scaled.jpg,2,20´ Seecontainer,,,,,,,,,active
20-seecontainer-2,,,,,,,,,,,,,,,,,,,,,,,,,https://neubach-container.de/wp-content/uploads/2026/01/IMG-20260119-WA0069-scaled.jpg,3,20´ Seecontainer,,,,,,,,,active
20-seecontainer-2,,,,,,,,,,,,,,,,,,,,,,,,,https://neubach-container.de/wp-content/uploads/2026/01/IMG-20260119-WA0068-scaled.jpg,4,20´ Seecontainer,,,,,,,,,active
20-seecontainer-2,,,,,,,,,,,,,,,,,,,,,,,,,https://neubach-container.de/wp-content/uploads/2026/01/IMG-20260119-WA0067-scaled.jpg,5,20´ Seecontainer,,,,,,,,,active
20-seecontainer-2,,,,,,,,,,,,,,,,,,,,,,,,,https://neubach-container.de/wp-content/uploads/2026/01/IMG-20260119-WA0065-scaled.jpg,6,20´ Seecontainer,,,,,,,,,active
20-seecontainer-2,,,,,,,,,,,,,,,,,,,,,,,,,https://neubach-container.de/wp-content/uploads/2026/01/IMG-20260119-WA0061-scaled.jpg,7,20´ Seecontainer,,,,,,,,,active
20-seecontainer-2,,,,,,,,,,,,,,,,,,,,,,,,,https://neubach-container.de/wp-content/uploads/2026/01/IMG-20260119-WA0059-scaled.jpg,8,20´ Seecontainer,,,,,,,,,active
20-seecontainer-2,,,,,,,,,,,,,,,,,,,,,,,,,https://neubach-container.de/wp-content/uploads/2026/01/IMG-20260119-WA0072-scaled.jpg,9,20´ Seecontainer,,,,,,,,,active
20-seecontainer-3,20´ Seecontainer,"<p>Seecontainer 20, gebraucht</p>",Neubach Container,Business & Industrial > Material Handling > Shipping Containers,Seecontainer,Seecontainer,TRUE,Title,Default Title,,,,,20-seecontainer-3,0,shopify,10,deny,manual,,,TRUE,TRUE,,https://neubach-container.de/wp-content/uploads/2024/04/image.jpeg,1,20´ Seecontainer,FALSE,20´ Seecontainer,"Seecontainer 20, gebraucht",Business & Industrial > Material Handling > Shipping Containers,20-seecontainer-3,new,FALSE,kg,active
20-seecontainer-anthrazitgrau,20´ Seecontainer (Anthrazitgrau),"<p>Seecontainer 20, RAL 7016, eine Seereise, neuwertig</p>",Neubach Container,Business & Industrial > Material Handling > Shipping Containers,Seecontainer,Seecontainer,TRUE,Title,Default Title,,,,,20-seecontainer-anthrazitgrau,0,shopify,10,deny,manual,,,TRUE,TRUE,,https://neubach-container.de/wp-content/uploads/2024/04/IMG-20240326-WA0037.jpg,1,20´ Seecontainer (Anthrazitgrau),FALSE,20´ Seecontainer (Anthrazitgrau),"Seecontainer 20, RAL 7016, eine Seereise, neuwertig",Business & Industrial > Material Handling > Shipping Containers,20-seecontainer-anthrazitgrau,new,FALSE,kg,active
20-seecontainer-feuerrot,20´ Seecontainer (Feuerrot),"<p>Seecontainer 20, RAL 3000, eine Seereise, neuwertig</p>",Neubach Container,Business & Industrial > Material Handling > Shipping Containers,Seecontainer,Seecontainer,TRUE,Title,Default Title,,,,,20-seecontainer-feuerrot,0,shopify,10,deny,manual,3900.00,,TRUE,TRUE,,https://neubach-container.de/wp-content/uploads/2024/04/IMG-20240326-WA0033.jpg,1,20´ Seecontainer (Feuerrot),FALSE,20´ Seecontainer (Feuerrot),"Seecontainer 20, RAL 3000, eine Seereise, neuwertig",Business & Industrial > Material Handling > Shipping Containers,20-seecontainer-feuerrot,new,FALSE,kg,active
20-seecontainer-high-cube,20´ Seecontainer High Cube,"<p>eine Seereise, neuwertig, SONDERBAU</p>",Neubach Container,Business & Industrial > Material Handling > Shipping Containers,Seecontainer,Seecontainer,TRUE,Title,Default Title,,,,,20-seecontainer-high-cube,0,shopify,10,deny,manual,,,TRUE,TRUE,,https://neubach-container.de/wp-content/uploads/2024/04/IMG-20240326-WA0030-2.jpg,1,20´ Seecontainer High Cube,FALSE,20´ Seecontainer High Cube,"eine Seereise, neuwertig, SONDERBAU",Business & Industrial > Material Handling > Shipping Containers,20-seecontainer-high-cube,new,FALSE,kg,active
open-side-20%e2%80%b2,20′ Seecontainer Open Side,"<p>Open Side 20, eine Seereise, neuwertig</p>",Neubach Container,Business & Industrial > Material Handling > Shipping Containers,Seecontainer,Seecontainer,TRUE,Title,Default Title,,,,,open-side-20%e2%80%b2,0,shopify,10,deny,manual,3900.00,,TRUE,TRUE,,https://neubach-container.de/wp-content/uploads/2024/04/IMG-20240326-WA0030-1.jpg,1,20′ Seecontainer Open Side,FALSE,20′ Seecontainer Open Side,"Open Side 20, eine Seereise, neuwertig",Business & Industrial > Material Handling > Shipping Containers,open-side-20%e2%80%b2,new,FALSE,kg,active
seecontainer-20-tiefschwarz,Seecontainer 20′ (tiefschwarz),<p>Seecontainer 20´ – Nur eine Seereise</p><p>RAL 9005 (tiefschwarz)</p><p>nach Verfügbarkeit (Zwischenverkauf vorbehalten)</p><p>Kosten auf Anfrage</p>,Neubach Container,Business & Industrial > Material Handling > Shipping Containers,Seecontainer,Seecontainer,TRUE,Title,Default Title,,,,,seecontainer-20-tiefschwarz,0,shopify,10,deny,manual,3900.00,,TRUE,TRUE,,https://neubach-container.de/wp-content/uploads/2026/05/laengs.jpg,1,Seecontainer 20′ (tiefschwarz),FALSE,Seecontainer 20′ (tiefschwarz),"Seecontainer 20´ – Nur eine Seereise
RAL 9005 (tiefschwarz)
nach Verfügbarkeit (Zwischenverkauf vorbehalten)
Kosten auf Anfrage",Business & Industrial > Material Handling > Shipping Containers,seecontainer-20-tiefschwarz,new,FALSE,kg,active
seecontainer-20-tiefschwarz,,,,,,,,,,,,,,,,,,,,,,,,,https://neubach-container.de/wp-content/uploads/2026/05/Front-Tuer.jpg,2,Seecontainer 20′ (tiefschwarz),,,,,,,,,active
seecontainer-20-tiefschwarz,,,,,,,,,,,,,,,,,,,,,,,,,https://neubach-container.de/wp-content/uploads/2026/05/hinten.jpg,3,Seecontainer 20′ (tiefschwarz),,,,,,,,,active
seecontainer-20,Seecontainer 20′,<p>Seecontainer 20´ – Nur eine Seereise</p><p>Farben nach Verfügbarkeit (Zwischenverkauf vorbehalten):</p><p>RAL 7016 (anthrazit)</p><p>RAL 9005 (tiefschwarz)</p><p>RAL 9010 (reinweiß)</p><p>Ab Duisburg – Transportkosten auf Anfrage</p><p>Bilder dienen als Ausführungsbeispiel</p><p>Preis auf Anfrage</p>,Neubach Container,Business & Industrial > Material Handling > Shipping Containers,Seecontainer,Seecontainer,TRUE,Title,Default Title,,,,,seecontainer-20,0,shopify,10,deny,manual,,,TRUE,TRUE,,https://neubach-container.de/wp-content/uploads/2026/05/seecontainer-zweite-laengsseits.jpg,1,Seecontainer 20′,FALSE,Seecontainer 20′,"Seecontainer 20´ – Nur eine Seereise
Farben nach Verfügbarkeit (Zwischenverkauf vorbehalten):
RAL 7016 (anthrazit)
RAL 9005 (tiefschwarz)
RAL 9010 (reinweiß)
Ab Duisburg – Transportkosten auf Anfrage
Bilder dienen als Ausführungsbeispiel
Preis auf Anfrage",Business & Industrial > Material Handling > Shipping Containers,seecontainer-20,new,FALSE,kg,active
seecontainer-20,,,,,,,,,,,,,,,,,,,,,,,,,https://neubach-container.de/wp-content/uploads/2026/05/seecontainer-aufgeladen.jpg,2,Seecontainer 20′,,,,,,,,,active
seecontainer-20,,,,,,,,,,,,,,,,,,,,,,,,,https://neubach-container.de/wp-content/uploads/2026/05/seecontainer-seriennummer.jpg,3,Seecontainer 20′,,,,,,,,,active
seecontainer-20,,,,,,,,,,,,,,,,,,,,,,,,,https://neubach-container.de/wp-content/uploads/2026/05/seecontainer-innen.jpg,4,Seecontainer 20′,,,,,,,,,active
10-herren-wc-container,10' Herren WC-Container,"<p>10′ Herren WC-Container</p><p>WC Container 10 Fuß mit WC Kabinen, Urinalen sowie Handwaschbecken zum Kauf verfügbar.</p><p>Für Veranstaltungen, öffentliche Plätze (z.B.: Spielplatz, Skatepark, etc.) oder auch als Übergangslösung für Ihre Baustelle einsetzbar.</p>",Neubach Container,Business & Industrial > Material Handling > Shipping Containers,Sanitärcontainer,Sanitärcontainer,TRUE,Title,Default Title,,,,,ang00001492,0,shopify,10,deny,manual,8500.00,,TRUE,TRUE,,https://neubach-container.de/wp-content/uploads/2024/04/resize_2-21.jpeg,1,10' Herren WC-Container,FALSE,10' Herren WC-Container,"10′ Herren WC-Container
WC Container 10 Fuß mit WC Kabinen, Urinalen sowie Handwaschbecken zum Kauf verfügbar.
Für Veranstaltungen, öffentliche Plätze (z.B.: Spielplatz, Skatepark, etc.) oder auch als Übergangslösung für Ihre Baustelle einsetzbar.",Business & Industrial > Material Handling > Shipping Containers,ang00001492,new,FALSE,kg,active
10-herren-wc-container,,,,,,,,,,,,,,,,,,,,,,,,,https://neubach-container.de/wp-content/uploads/2024/04/resize_1-23.jpeg,2,10' Herren WC-Container,,,,,,,,,active
10-herren-wc-container,,,,,,,,,,,,,,,,,,,,,,,,,https://neubach-container.de/wp-content/uploads/2024/04/resize_3-19.jpeg,3,10' Herren WC-Container,,,,,,,,,active
10-herren-wc-container,,,,,,,,,,,,,,,,,,,,,,,,,https://neubach-container.de/wp-content/uploads/2024/04/resize_4-18.jpeg,4,10' Herren WC-Container,,,,,,,,,active
10-herren-wc-container,,,,,,,,,,,,,,,,,,,,,,,,,https://neubach-container.de/wp-content/uploads/2024/04/resize_5-17.jpeg,5,10' Herren WC-Container,,,,,,,,,active
10-herren-wc-container,,,,,,,,,,,,,,,,,,,,,,,,,https://neubach-container.de/wp-content/uploads/2024/04/resize_6-9.jpeg,6,10' Herren WC-Container,,,,,,,,,active
10-herren-wc-container,,,,,,,,,,,,,,,,,,,,,,,,,https://neubach-container.de/wp-content/uploads/2024/04/resize_7-6.jpeg,7,10' Herren WC-Container,,,,,,,,,active
10-herren-wc-container,,,,,,,,,,,,,,,,,,,,,,,,,https://neubach-container.de/wp-content/uploads/2024/04/resize-23.jpeg,8,10' Herren WC-Container,,,,,,,,,active
20-damen-wc-container,20' Damen WC-Container,"<p>20′ Damen WC Container</p><p>WC Container mit 5 WC Kabinen sowie Handwaschbecken zum Verkauf in Deutschland verfügbar.</p><p>Für Veranstaltungen, öffentliche Plätze (z.B.: Spielplatz, Skatepark, etc.) oder auch als Übergangslösung für Ihre Baustelle einsetzbar.</p>",Neubach Container,Business & Industrial > Material Handling > Shipping Containers,Sanitärcontainer,Sanitärcontainer,TRUE,Title,Default Title,,,,,ang00001498,0,shopify,10,deny,manual,13300.00,,TRUE,TRUE,,https://neubach-container.de/wp-content/uploads/2024/04/resize_1-41.jpeg,1,20' Damen WC-Container,FALSE,20' Damen WC-Container,"20′ Damen WC Container
WC Container mit 5 WC Kabinen sowie Handwaschbecken zum Verkauf in Deutschland verfügbar.
Für Veranstaltungen, öffentliche Plätze (z.B.: Spielplatz, Skatepark, etc.) oder auch als Übergangslösung für Ihre Baustelle einsetzbar.",Business & Industrial > Material Handling > Shipping Containers,ang00001498,new,FALSE,kg,active
20-damen-wc-container,,,,,,,,,,,,,,,,,,,,,,,,,https://neubach-container.de/wp-content/uploads/2024/04/resize_4-30.jpeg,2,20' Damen WC-Container,,,,,,,,,active
20-damen-wc-container,,,,,,,,,,,,,,,,,,,,,,,,,https://neubach-container.de/wp-content/uploads/2024/04/resize-56.jpeg,3,20' Damen WC-Container,,,,,,,,,active
20-damen-wc-container,,,,,,,,,,,,,,,,,,,,,,,,,https://neubach-container.de/wp-content/uploads/2024/04/resize_5-22.jpeg,4,20' Damen WC-Container,,,,,,,,,active
20-damen-wc-container,,,,,,,,,,,,,,,,,,,,,,,,,https://neubach-container.de/wp-content/uploads/2024/04/resize_6-13.jpeg,5,20' Damen WC-Container,,,,,,,,,active
20-damen-wc-container,,,,,,,,,,,,,,,,,,,,,,,,,https://neubach-container.de/wp-content/uploads/2024/04/resize_3-32.jpeg,6,20' Damen WC-Container,,,,,,,,,active
20-damen-wc-container,,,,,,,,,,,,,,,,,,,,,,,,,https://neubach-container.de/wp-content/uploads/2024/04/resize_2-36.jpeg,7,20' Damen WC-Container,,,,,,,,,active
20-damen-wc-container,,,,,,,,,,,,,,,,,,,,,,,,,https://neubach-container.de/wp-content/uploads/2024/04/resize_7-9.jpeg,8,20' Damen WC-Container,,,,,,,,,active
20-damen-wc-container,,,,,,,,,,,,,,,,,,,,,,,,,https://neubach-container.de/wp-content/uploads/2024/04/resize_8-4.jpeg,9,20' Damen WC-Container,,,,,,,,,active
20-wc-container-mit-umkleide,20‘ WC-Container mit Umkleide,<p>Mannschaftscontainer 20‘</p><p>Umkleide</p><p>2 WC</p><p>1 Urinal</p><p>Waschbecken mit 2 Wasserhähnen</p><p>Farbe: Aluminium-Weiß</p><p>Preis auf Anfrage</p>,Neubach Container,Business & Industrial > Material Handling > Shipping Containers,WC-Container,WC-Container,TRUE,Title,Default Title,,,,,20-wc-container-mit-umkleide,0,shopify,10,deny,manual,13970.00,,TRUE,TRUE,,https://neubach-container.de/wp-content/uploads/2025/09/20250613_115723.jpg,1,20‘ WC-Container mit Umkleide,FALSE,20‘ WC-Container mit Umkleide,"Mannschaftscontainer 20‘
Umkleide
2 WC
1 Urinal
Waschbecken mit 2 Wasserhähnen
Farbe: Aluminium-Weiß
Preis auf Anfrage",Business & Industrial > Material Handling > Shipping Containers,20-wc-container-mit-umkleide,new,FALSE,kg,active
20-wc-container-mit-umkleide,,,,,,,,,,,,,,,,,,,,,,,,,https://neubach-container.de/wp-content/uploads/2025/09/20250613_115655-rotated-e1758700921102.jpg,2,20‘ WC-Container mit Umkleide,,,,,,,,,active
20-wc-container-mit-umkleide,,,,,,,,,,,,,,,,,,,,,,,,,https://neubach-container.de/wp-content/uploads/2025/09/20250613_115704-rotated-e1758700956797.jpg,3,20‘ WC-Container mit Umkleide,,,,,,,,,active
20-wc-container-mit-umkleide,,,,,,,,,,,,,,,,,,,,,,,,,https://neubach-container.de/wp-content/uploads/2025/09/20250613_115717.jpg,4,20‘ WC-Container mit Umkleide,,,,,,,,,active
20-wc-container-mit-umkleide,,,,,,,,,,,,,,,,,,,,,,,,,https://neubach-container.de/wp-content/uploads/2025/09/20250613_115728-rotated.jpg,5,20‘ WC-Container mit Umkleide,,,,,,,,,active
4x20-damen-herren-wc-container,20' Damen/Herren WC-Container,<p>20`WC Container mit fünf WC-Kabinen und zwei Urinalen</p>,Neubach Container,Business & Industrial > Material Handling > Shipping Containers,Sanitärcontainer,Sanitärcontainer,TRUE,Title,Default Title,,,,,14999,0,shopify,10,deny,manual,13970.00,,TRUE,TRUE,,https://neubach-container.de/wp-content/uploads/2024/04/resize-75.jpeg,1,20' Damen/Herren WC-Container,FALSE,20' Damen/Herren WC-Container,20`WC Container mit fünf WC-Kabinen und zwei Urinalen,Business & Industrial > Material Handling > Shipping Containers,14999,new,FALSE,kg,active
4x20-damen-herren-wc-container,,,,,,,,,,,,,,,,,,,,,,,,,https://neubach-container.de/wp-content/uploads/2024/04/resize_1-59.jpeg,2,20' Damen/Herren WC-Container,,,,,,,,,active
4x20-damen-herren-wc-container,,,,,,,,,,,,,,,,,,,,,,,,,https://neubach-container.de/wp-content/uploads/2024/04/resize_2-55.jpeg,3,20' Damen/Herren WC-Container,,,,,,,,,active
4x20-damen-herren-wc-container,,,,,,,,,,,,,,,,,,,,,,,,,https://neubach-container.de/wp-content/uploads/2024/04/resize_4-46.jpeg,4,20' Damen/Herren WC-Container,,,,,,,,,active
4x20-damen-herren-wc-container,,,,,,,,,,,,,,,,,,,,,,,,,https://neubach-container.de/wp-content/uploads/2024/04/resize_3-50.jpeg,5,20' Damen/Herren WC-Container,,,,,,,,,active
4x20-damen-herren-wc-container,,,,,,,,,,,,,,,,,,,,,,,,,https://neubach-container.de/wp-content/uploads/2024/04/resize_7-18.jpeg,6,20' Damen/Herren WC-Container,,,,,,,,,active
4x20-damen-herren-wc-container,,,,,,,,,,,,,,,,,,,,,,,,,https://neubach-container.de/wp-content/uploads/2024/04/resize_5-36.jpeg,7,20' Damen/Herren WC-Container,,,,,,,,,active
4x20-damen-herren-wc-container,,,,,,,,,,,,,,,,,,,,,,,,,https://neubach-container.de/wp-content/uploads/2024/04/resize_6-23.jpeg,8,20' Damen/Herren WC-Container,,,,,,,,,active
4x20-damen-herren-wc-container,,,,,,,,,,,,,,,,,,,,,,,,,https://neubach-container.de/wp-content/uploads/2024/04/resize_10-8.jpeg,9,20' Damen/Herren WC-Container,,,,,,,,,active
4x20-damen-herren-wc-container,,,,,,,,,,,,,,,,,,,,,,,,,https://neubach-container.de/wp-content/uploads/2024/04/resize_9-7.jpeg,10,20' Damen/Herren WC-Container,,,,,,,,,active
4x20-damen-herren-wc-container,,,,,,,,,,,,,,,,,,,,,,,,,https://neubach-container.de/wp-content/uploads/2024/04/resize_8-10.jpeg,11,20' Damen/Herren WC-Container,,,,,,,,,active
barrierefrei,WC-Container Barrierefrei,"<p>1x WC-Container Barriefrei</p><p>ca. 3 m x 2,5 m</p><p>Funktionstüchtig & in einem gutem Zustand</p><p>Preis auf Anfrage</p>",Neubach Container,Business & Industrial > Material Handling > Shipping Containers,Sanitärcontainer,Sanitärcontainer,TRUE,Title,Default Title,,,,,barrierefrei,0,shopify,10,deny,manual,17100.00,,TRUE,TRUE,,https://neubach-container.de/wp-content/uploads/2026/06/3.png,1,WC-Container Barrierefrei,FALSE,WC-Container Barrierefrei,"1x WC-Container Barriefrei
ca. 3 m x 2,5 m
Funktionstüchtig & in einem gutem Zustand
Preis auf Anfrage",Business & Industrial > Material Handling > Shipping Containers,barrierefrei,new,FALSE,kg,active
barrierefrei,,,,,,,,,,,,,,,,,,,,,,,,,https://neubach-container.de/wp-content/uploads/2026/06/4.png,2,WC-Container Barrierefrei,,,,,,,,,active
damen-und-herren,WC-Container (je 1 Damen und 1 Herren WC),"<p>2 WC-Container (je 1 Damen und 1 Herren WC)</p><p>6 m x 2,5 x m</p><p>Funktionstüchtig & in einem gutem Zustand</p><p>Preis auf Anfrage</p>",Neubach Container,Business & Industrial > Material Handling > Shipping Containers,Sanitärcontainer,Sanitärcontainer,TRUE,Title,Default Title,,,,,damen-und-herren,0,shopify,10,deny,manual,13970.00,,TRUE,TRUE,,https://neubach-container.de/wp-content/uploads/2026/06/1.png,1,WC-Container (je 1 Damen und 1 Herren WC),FALSE,WC-Container (je 1 Damen und 1 Herren WC),"2 WC-Container (je 1 Damen und 1 Herren WC)
6 m x 2,5 x m
Funktionstüchtig & in einem gutem Zustand
Preis auf Anfrage",Business & Industrial > Material Handling > Shipping Containers,damen-und-herren,new,FALSE,kg,active
damen-und-herren,,,,,,,,,,,,,,,,,,,,,,,,,https://neubach-container.de/wp-content/uploads/2026/06/7.png,2,WC-Container (je 1 Damen und 1 Herren WC),,,,,,,,,active
damen-und-herren,,,,,,,,,,,,,,,,,,,,,,,,,https://neubach-container.de/wp-content/uploads/2026/06/6.png,3,WC-Container (je 1 Damen und 1 Herren WC),,,,,,,,,active
sanitaer-wc-damen-herren-20,Sanitär / WC Damen / Herren 20',<p>Aus 2022</p><p>Ab 13.970</p><p>Standort: Bochum</p>,Neubach Container,Business & Industrial > Material Handling > Shipping Containers,Sanitärcontainer,Sanitärcontainer,TRUE,Title,Default Title,,,,,17223,0,shopify,10,deny,manual,13970.00,,TRUE,TRUE,,https://neubach-container.de/wp-content/uploads/2024/09/IMG-20240826-WA0021.jpg,1,Sanitär / WC Damen / Herren 20',FALSE,Sanitär / WC Damen / Herren 20',"Aus 2022
Ab 13.970
Standort: Bochum",Business & Industrial > Material Handling > Shipping Containers,17223,new,FALSE,kg,active
sanitaer-wc-damen-herren-20,,,,,,,,,,,,,,,,,,,,,,,,,https://neubach-container.de/wp-content/uploads/2024/09/IMG-20240826-WA0022.jpg,2,Sanitär / WC Damen / Herren 20',,,,,,,,,active
sanitaer-wc-damen-herren-20,,,,,,,,,,,,,,,,,,,,,,,,,https://neubach-container.de/wp-content/uploads/2024/09/IMG-20240826-WA0024.jpg,3,Sanitär / WC Damen / Herren 20',,,,,,,,,active
sanitaer-wc-damen-herren-20,,,,,,,,,,,,,,,,,,,,,,,,,https://neubach-container.de/wp-content/uploads/2024/09/Screenshot-2024-09-05-190533.jpg,4,Sanitär / WC Damen / Herren 20',,,,,,,,,active
tank-10,Frisch- &amp;amp; Brauchwassertank 10',<p>Frisch- & Brauchwassertank 10′</p><p>In Bochum</p>,Neubach Container,Business & Industrial > Material Handling > Shipping Containers,Container,Container,TRUE,Title,Default Title,,,,,17194,0,shopify,10,deny,manual,6900.00,,TRUE,TRUE,,https://neubach-container.de/wp-content/uploads/2024/09/IMG-20240904-WA0050.jpg,1,Frisch- &amp;amp; Brauchwassertank 10',FALSE,Frisch- &amp;amp; Brauchwassertank 10',"Frisch- & Brauchwassertank 10′
In Bochum",Business & Industrial > Material Handling > Shipping Containers,17194,new,FALSE,kg,active
tank-10,,,,,,,,,,,,,,,,,,,,,,,,,https://neubach-container.de/wp-content/uploads/2024/09/IMG-20240904-WA0046.jpg,2,Frisch- &amp;amp; Brauchwassertank 10',,,,,,,,,active
tank-10,,,,,,,,,,,,,,,,,,,,,,,,,https://neubach-container.de/wp-content/uploads/2024/09/IMG-20240904-WA0047.jpg,3,Frisch- &amp;amp; Brauchwassertank 10',,,,,,,,,active
tank-10,,,,,,,,,,,,,,,,,,,,,,,,,https://neubach-container.de/wp-content/uploads/2024/09/IMG-20240904-WA0048.jpg,4,Frisch- &amp;amp; Brauchwassertank 10',,,,,,,,,active
tank-10,,,,,,,,,,,,,,,,,,,,,,,,,https://neubach-container.de/wp-content/uploads/2024/09/IMG-20240904-WA0049.jpg,5,Frisch- &amp;amp; Brauchwassertank 10',,,,,,,,,active
tank-10,,,,,,,,,,,,,,,,,,,,,,,,,https://neubach-container.de/wp-content/uploads/2024/09/IMG-20240904-WA0041.jpg,6,Frisch- &amp;amp; Brauchwassertank 10',,,,,,,,,active
tank-10,,,,,,,,,,,,,,,,,,,,,,,,,https://neubach-container.de/wp-content/uploads/2024/09/IMG-20240904-WA0042.jpg,7,Frisch- &amp;amp; Brauchwassertank 10',,,,,,,,,active
tank-10,,,,,,,,,,,,,,,,,,,,,,,,,https://neubach-container.de/wp-content/uploads/2024/09/IMG-20240904-WA0043.jpg,8,Frisch- &amp;amp; Brauchwassertank 10',,,,,,,,,active
tank-10,,,,,,,,,,,,,,,,,,,,,,,,,https://neubach-container.de/wp-content/uploads/2024/09/IMG-20240904-WA0044.jpg,9,Frisch- &amp;amp; Brauchwassertank 10',,,,,,,,,active
tank-10,,,,,,,,,,,,,,,,,,,,,,,,,https://neubach-container.de/wp-content/uploads/2024/09/IMG-20240904-WA0045.jpg,10,Frisch- &amp;amp; Brauchwassertank 10',,,,,,,,,active
wc-damen-herren-20,WC / Damen / Herren 20‘,<p>Additional information</p><p>Zustand</p><p>neuwertig</p><p>Anzahl Container</p><p>1</p><p>Rauminnenhöhe</p><p>2540mm</p><p>Außenhöhe</p><p>2800mm</p><p>Baugröße</p><p>20 Fuß</p>,Neubach Container,Business & Industrial > Material Handling > Shipping Containers,Sanitärcontainer,Sanitärcontainer,TRUE,Title,Default Title,,,,,022281049,0,shopify,10,deny,manual,17100.00,,TRUE,TRUE,,https://neubach-container.de/wp-content/uploads/2024/07/20240717_081459.jpg,1,WC / Damen / Herren 20‘,FALSE,WC / Damen / Herren 20‘,"Additional information
Zustand
neuwertig
Anzahl Container
1
Rauminnenhöhe
2540mm
Außenhöhe
2800mm
Baugröße
20 Fuß",Business & Industrial > Material Handling > Shipping Containers,022281049,new,FALSE,kg,active
wc-damen-herren-20,,,,,,,,,,,,,,,,,,,,,,,,,https://neubach-container.de/wp-content/uploads/2024/07/20240717_075555.jpg,2,WC / Damen / Herren 20‘,,,,,,,,,active
wc-damen-herren-20,,,,,,,,,,,,,,,,,,,,,,,,,https://neubach-container.de/wp-content/uploads/2024/07/20240717_081443.jpg,3,WC / Damen / Herren 20‘,,,,,,,,,active
wc-damen-herren-20,,,,,,,,,,,,,,,,,,,,,,,,,https://neubach-container.de/wp-content/uploads/2024/07/20240717_081538.jpg,4,WC / Damen / Herren 20‘,,,,,,,,,active
wc-damen-herren-20,,,,,,,,,,,,,,,,,,,,,,,,,https://neubach-container.de/wp-content/uploads/2024/07/20240717_081555.jpg,5,WC / Damen / Herren 20‘,,,,,,,,,active
wc-damen-herren-20,,,,,,,,,,,,,,,,,,,,,,,,,https://neubach-container.de/wp-content/uploads/2024/07/20240717_081638.jpg,6,WC / Damen / Herren 20‘,,,,,,,,,active
wc-damen-herren-20,,,,,,,,,,,,,,,,,,,,,,,,,https://neubach-container.de/wp-content/uploads/2024/07/20240717_075432.jpg,7,WC / Damen / Herren 20‘,,,,,,,,,active
wc-damen-herren-20,,,,,,,,,,,,,,,,,,,,,,,,,https://neubach-container.de/wp-content/uploads/2024/07/20240717_075537.jpg,8,WC / Damen / Herren 20‘,,,,,,,,,active
wc-damen-herren-20,,,,,,,,,,,,,,,,,,,,,,,,,https://neubach-container.de/wp-content/uploads/2024/07/20240717_075541.jpg,9,WC / Damen / Herren 20‘,,,,,,,,,active
wc-damen-herren-20,,,,,,,,,,,,,,,,,,,,,,,,,https://neubach-container.de/wp-content/uploads/2024/07/image001.jpg,10,WC / Damen / Herren 20‘,,,,,,,,,active
wc-damen-herren-20,,,,,,,,,,,,,,,,,,,,,,,,,https://neubach-container.de/wp-content/uploads/2024/07/20240717_081459-1024x399.jpg,11,WC / Damen / Herren 20‘,,,,,,,,,active
16-treppenturm,16' Treppenturm,"<p>Rauminnenhöhe: 2.540mm</p><p>Aussenhöhe: 2.800mm</p><p>Lackierung: RAL 5010 enzianblau oder RAL 9010 reinweiss</p><p>Flächenlast: 2,00 kN/m²</p><p>Einzellast: 2,00 kN</p><p>Ausstattung:</p><p>1 Stahltreppe(n) mit Podest und Handläufen, verzinkt</p>",Neubach Container,Business & Industrial > Material Handling > Shipping Containers,Zubehör & Erweiterungen,Zubehör & Erweiterungen,TRUE,Title,Default Title,,,,,20377,0,shopify,10,deny,manual,24300.00,,TRUE,TRUE,,https://neubach-container.de/wp-content/uploads/2026/03/Screenshot-2026-03-16-083821.png,1,16' Treppenturm,FALSE,16' Treppenturm,"Rauminnenhöhe: 2.540mm
Aussenhöhe: 2.800mm
Lackierung: RAL 5010 enzianblau oder RAL 9010 reinweiss
Flächenlast: 2,00 kN/m²
Einzellast: 2,00 kN
Ausstattung:
1 Stahltreppe(n) mit Podest und Handläufen, verzinkt",Business & Industrial > Material Handling > Shipping Containers,20377,new,FALSE,kg,active
16-treppenturm,,,,,,,,,,,,,,,,,,,,,,,,,https://neubach-container.de/wp-content/uploads/2026/03/Screenshot-2026-03-16-083828.png,2,16' Treppenturm,,,,,,,,,active
20-treppenturm,20' Treppenturm,"<p>Rauminnenhöhe: 2.540mm</p><p>Aussenhöhe: 2.800mm</p><p>Lackierung: RAL 5010 enzianblau oder RAL 9010 reinweiss</p><p>Flächenlast: 5,00 kN/m²</p><p>Einzellast: 4,00 kN</p><p>Geländer: mit geschlossener Füllung</p><p>Ausstattung:</p><p>1 Stahltreppe(n) mit Podest und Handläufen, verzinkt</p>",Neubach Container,Business & Industrial > Material Handling > Shipping Containers,Zubehör & Erweiterungen,Zubehör & Erweiterungen,TRUE,Title,Default Title,,,,,20380,0,shopify,10,deny,manual,31700.00,,TRUE,TRUE,,https://neubach-container.de/wp-content/uploads/2026/03/Screenshot-2026-03-16-083821.png,1,20' Treppenturm,FALSE,20' Treppenturm,"Rauminnenhöhe: 2.540mm
Aussenhöhe: 2.800mm
Lackierung: RAL 5010 enzianblau oder RAL 9010 reinweiss
Flächenlast: 5,00 kN/m²
Einzellast: 4,00 kN
Geländer: mit geschlossener Füllung
Ausstattung:
1 Stahltreppe(n) mit Podest und Handläufen, verzinkt",Business & Industrial > Material Handling > Shipping Containers,20380,new,FALSE,kg,active
20-treppenturm,,,,,,,,,,,,,,,,,,,,,,,,,https://neubach-container.de/wp-content/uploads/2026/03/Screenshot-2026-03-16-083828.png,2,20' Treppenturm,,,,,,,,,active
