id,title,description,availability,price,link,image_link,google_product_category,product_type,brand,gtin,condition,sale_price,meta_description,slug,seo_url
PROD-0001,Eichen-Holzpellets ENplus A1 - 960kg mit kostenloser Lieferung,"Wichtige Vorteile:
• Praktische Lieferung auf Palette mit 15kg Säcken",in stock,205.00 EUR,https://chiemgaupelletsgmbh.de/produkt/prod-0001/,https://lhagrarservicegmbh.de/wp-content/uploads/2026/05/Design-sans-titre-2.jpg,Furniture > Heating > Heating Fuels,Holzpellets,Chiemgau Pellets GmbH,,new,,Holzpellets ENplus A1 zertifiziert 960kg. Entdecken Sie unser Angebot an hochwertigen Heizpellets.,eichen-holzpellets-enplus-a1-960kg,https://chiemgaupelletsgmbh.de/produkt/eichen-holzpellets-enplus-a1-960kg/
PROD-0002,German Flames Holzpellets 6mm ENplus A1 - Premium Qualität,"Wichtige Vorteile:
• Hervorragender Heizwert für effiziente Wärmegewinnung",in stock,219.00 EUR,https://chiemgaupelletsgmbh.de/produkt/prod-0002/,https://lhagrarservicegmbh.de/wp-content/uploads/2026/05/lh-1.jpg,Furniture > Heating > Heating Fuels,Holzpellets,Chiemgau Pellets GmbH,,new,,Holzpellets ENplus A1 zertifiziert effizienter Heizstoff. Entdecken Sie unser Angebot an hochwertigen Heizpellets.,german-holzpellets-enplus-a1,https://chiemgaupelletsgmbh.de/produkt/german-holzpellets-enplus-a1/
PROD-0003,GREENSTICKS Holzpellets - 990kg Sackware,"Wichtige Vorteile:
• ENplus A1 Zertifizierung für höchste Qualitätsstandards",in stock,249.00 EUR,https://chiemgaupelletsgmbh.de/produkt/prod-0003/,https://lhagrarservicegmbh.de/wp-content/uploads/2026/05/lh-2.jpg,Furniture > Heating > Heating Fuels,Holzpellets,Chiemgau Pellets GmbH,,new,,Holzpellets 990kg. Entdecken Sie unser Angebot an hochwertigen Heizpellets.,greensticks-holzpellets-990kg-sacke,https://chiemgaupelletsgmbh.de/produkt/greensticks-holzpellets-990kg-sacke/
PROD-0004,HEIZFUXX GREY Weichholzpellets 6mm ENplus A2,"Sie bieten ausgezeichnete Heizleistung. Die Verbrennung erfolgt sauber und effizient. \n \n \n Schnelle Zündung & Zuverlässigkeit: Weichholzqualität ermöglicht schnelles Anbrennen und eine störungsfreie Beschickung dank hoher Festigkeit und Formstabilität Sie erfüllen die strengsten Zertifizierungsstandards. \n \n \n Praktische Handhabung: Bequem in 15-kg-Säcken zu transportieren, zu lagern und zu dosieren Diese Pellets werden aus hochwertigem Holz gefertigt. Der Durchmesser von 6 mm gewährleistet optimale Kompatibilität. Diese Pellets zeichnen sich durch eine sehr hohe Abriebfestigkeit aus, was Feinanteile reduziert und eine zuverlässige Funktion Ihrer Heizanlage sicherstellt Naturfarben, frei von Schadstoffen und in praktischen 15-kg-Säcken verpackt, bieten Ihnen sie eine saubere, effiziente und benutzerfreundliche Heizlösung für Haushalt und Gewerbe.",in stock,212.00 EUR,https://chiemgaupelletsgmbh.de/produkt/prod-0004/,https://lhagrarservicegmbh.de/wp-content/uploads/2026/05/lh-3.jpg,Furniture > Heating > Heating Fuels,Holzpellets,Chiemgau Pellets GmbH,,new,,ENplus A1 zertifiziert effizienter Heizstoff saubere Verbrennung. Entdecken Sie unser Angebot an hochwertigen Heizpellets.,heizfuxx-holzpellets-enplus-a2,https://chiemgaupelletsgmbh.de/produkt/heizfuxx-holzpellets-enplus-a2/
PROD-0005,Hoyer Holzpellets ENplus A1 - 990kg Palette,"Wichtige Vorteile:
• Hervorragender Heizwert für effiziente Wärmegewinnung",in stock,219.00 EUR,https://chiemgaupelletsgmbh.de/produkt/prod-0005/,https://lhagrarservicegmbh.de/wp-content/uploads/2026/05/lh-4.jpg,Furniture > Heating > Heating Fuels,Holzpellets,Chiemgau Pellets GmbH,,new,,Holzpellets ENplus A1 zertifiziert 990kg effizienter Heizstoff. Entdecken Sie unser Angebot an hochwertigen Heizpellets.,hoyer-holzpellets-enplus-a1-990kg-palette,https://chiemgaupelletsgmbh.de/produkt/hoyer-holzpellets-enplus-a1-990kg-palette/
PROD-0006,PELLINI Holzpellets ENplus A1 - 66 Säcke à 15kg,"Wichtige Vorteile:
• ENplus A1 Zertifizierung für höchste Qualitätsstandards",in stock,209.00 EUR,https://chiemgaupelletsgmbh.de/produkt/prod-0006/,https://lhagrarservicegmbh.de/wp-content/uploads/2026/05/lh-5.jpg,Furniture > Heating > Heating Fuels,Holzpellets,Chiemgau Pellets GmbH,,new,,Holzpellets ENplus A1 zertifiziert 15kg. Entdecken Sie unser Angebot an hochwertigen Heizpellets.,pellini-holzpellets-enplus-a1-15kg-sacke,https://chiemgaupelletsgmbh.de/produkt/pellini-holzpellets-enplus-a1-15kg-sacke/
PROD-0007,Pfeifer Premium Pellets - 70 Säcke à 15kg Palette,"Wichtige Vorteile:
• ENplus A1 Zertifizierung für höchste Qualitätsstandards",in stock,230.00 EUR,https://chiemgaupelletsgmbh.de/produkt/prod-0007/,https://lhagrarservicegmbh.de/wp-content/uploads/2026/05/lh-6.jpg,Furniture > Heating > Heating Fuels,Holzpellets,Chiemgau Pellets GmbH,,new,,Holzpellets 15kg. Entdecken Sie unser Angebot an hochwertigen Heizpellets.,pfeifer-pellets-15kg-palette,https://chiemgaupelletsgmbh.de/produkt/pfeifer-pellets-15kg-palette/
