"Type","SKU","Name","Published","Is featured?","Visibility in catalog","Short description","Description","Date sale price starts","Date sale price ends","Tax status","Tax class","In stock?","Stock","Low stock amount","Backorders allowed?","Sold individually?","Weight (kg)","Length (cm)","Width (cm)","Height (cm)","Allow customer reviews?","Purchase note","Sale price","Regular price","Categories","Tags","Shipping class","Images","Download limit","Download expiry days","Parent","Grouped products","Upsells","Cross-sells","External URL","Button text","Position","Brands"
"simple","palet-1-080","Burpellet Palet 1.080 kg","1","0","visible","Pellets fabricados 100 % con madera natural, prensados y secos, sin aditivos químicos ni aglomerantes. Diseñados para estufas y calderas domésticas, por una combustión eficiente, calor constante y un mínimo residuo de cenizas.","<p>Palet de 72 sacos (1.080 kg) de pellets Burpellet, fabricados 100 % en madera natural, prensados y secos, sin aditivos químicos. Diseñados para estufas y calderas domésticas, por una combustión eficiente, calor constante y mínimo residuo. Con diámetro estándar de 6 mm (u 8 mm según lote) y humedad máxima ≤10 %, ofrecen un rendimiento térmico elevado y bajo nivel de cenizas, asegurando un mantenimiento sencillo y un calor uniforme en el hogar. Gracias a su poder calorífico ≥4,6 kWh/kg, proporcionan una fuente de calor constante y eficiente. Certificados ENplus A1 o equivalentes, cumplen con los estándares de calidad y sostenibilidad para uso doméstico, por trazabilidad y respeto al medio ambiente.</p>
<p><strong>Características: </strong></p>
<p><strong>Composición:</strong> 100 % madera natural, sin aditivos ni aglomerantes</p>
<p><strong>Certificación:</strong> ENplus A1 o equivalentes, calidad y trazabilidad por</p>
<p><strong>Formato:</strong> Palet de 72 sacos de 15 kg (1.080 kg total)</p>
<p><strong>Diámetro:</strong> 6 mm ±1 mm (u 8 mm según lote), compatible con la mayoría de estufas y calderas domésticas</p>
<p><strong>Humedad máxima:</strong> ≤10 %</p>
<p><strong>Poder calorífico:</strong> ≥4,6 kWh/kg Combustión limpia con bajo nivel de cenizas y mínima generación de polvo Buena densidad y durabilidad mecánica gracias al proceso de prensado</p>
<p><strong>Almacenamiento:</strong> fácil de transportar y almacenar, mantener en lugar seco</p>
<p><strong>Ventajas principales:</strong> Calor constante y eficiente gracias a su alto poder calorífico y baja humedad. Mantenimiento sencillo debido a la combustión limpia y el bajo nivel de cenizas. Calidad por con certificación ENplus A1 que asegura trazabilidad y sostenibilidad. Compatibilidad universal con la mayoría de estufas y calderas domésticas gracias a su diámetro estándar. Suministro prolongado y práctico con el formato de palet de 1.080 kg, ideal para uso doméstico continuado.</p>","","","taxable","","1","12","","0","0","","","","","1","","","210.00","Pellets de madera","","","https://cdn.shopify.com/s/files/1/0764/8503/4036/files/LTbontasa11LB-1200x800lj.webp?v=1779853994","","","","","","","","","0","Burpellet"
"simple","caja-de-lena-ultraseca-hechizo","Caja de Leña Ultraseca Hechizo","1","0","visible","Leña de carpe de alta densidad, secada al horno para un encendido inmediato y una combustión limpia sin humo. Ideal para estufas, chimeneas y hornos de pizza, ofrece una llama brillante, duradera y una excelente emisión de calor.","<p>La Caja de Leña Hechizo ofrece leña de carpe de calidad superior, conocida por su dureza y alta densidad, comparable al roble. Tradicionalmente empleada por herreros, fundidores y alfareros, esta madera proporciona una combustión lenta, intensa y uniforme. Gracias a su secado al horno, permite un encendido inmediato, una llama brillante sin humo y una larga duración, por una excelente emisión de calor. Su corteza fina y limpia facilita una combustión rápida y estable, evitando residuos no deseados. Es perfecta para estufas, chimeneas y hornos de pizza, ofreciendo confort, seguridad y tranquilidad en cada uso. Su calidad profesional la convierte en la elección preferida de restaurantes y cadenas hoteleras que buscan un rendimiento constante y fiable.</p>
<p><strong>Características:</strong></p>
<p><strong>Especie:</strong> Leña de carpe, alta densidad comparable al roble</p>
<p><strong>Secado:</strong> Secado al horno para humedad controlada y encendido inmediato</p>
<p><strong>Combustión:</strong> Lenta, uniforme e intensa con gran emisión de calor <strong>Llama:</strong> Limpia y sin humo</p>
<p><strong>Corteza:</strong> Fina y limpia para una combustión eficiente</p>
<p><strong>Compatibilidad:</strong> Estufas medianas y grandes, chimeneas, hornos de pizza</p>
<p><strong>Calidad profesional:</strong> Utilizada por restaurantes y cadenas hoteleras Formato: Caja práctica y fácil de almacenar</p>
<p><strong>Ventajas principales:</strong> Máxima duración del calor gracias a la combustión lenta y uniforme de la madera de carpe de alta densidad. Encendido inmediato y llama limpia sin humo por el secado al horno, que por una humedad controlada. Combustión eficiente y sin residuos gracias a la corteza fina y limpia. Calidad profesional contrastada, utilizada por restaurantes y hoteles para un rendimiento constante. Confort, seguridad y tranquilidad en cada uso, ideal para estufas, chimeneas y hornos de pizza.</p>","","","taxable","","1","16","","0","0","","","","","1","","","120.00","Leña","","","https://cdn.shopify.com/s/files/1/0764/8503/4036/files/Caja-de-lena-ultraseca-para-carpas-LBlj.jpg?v=1779853960","","","","","","","","","0","Leñas Garros Sl"
"simple","cylpellet-palet-375-kg","Cylpellet Palet 375 kg","1","0","visible","Pellets de madera natural 100 % sin aditivos químicos, presentados en un palet de 25 sacos de 15 kg. Ideales para estufas y calderas domésticas, por una combustión limpia, eficiente y un calor constante con bajo mantenimiento.","<p>Palet de 25 sacos de pellets de madera prensada, con un peso total aproximado de 375 kg (15 kg por saco). Elaborados a partir de madera natural sin aditivos químicos, estos pellets por una combustión limpia y eficiente, con bajo contenido de humedad y alto poder calorífico. Su diámetro estándar de 6 mm los hace compatibles con la mayoría de estufas y calderas domésticas, proporcionando un calor constante y seguro para el hogar. Gracias a su baja generación de cenizas, reducen significativamente las tareas de limpieza y mantenimiento del equipo, ofreciendo una solución práctica y eficaz para la calefacción doméstica.</p>
<p><strong>Características: </strong></p>
<p><strong>Composición:</strong> 100 % madera natural, sin aditivos ni productos químicos</p>
<p><strong>Formato:</strong> Palet de 25 sacos de 15 kg (≈ 375 kg total)</p>
<p><strong>Diámetro:</strong> 6 mm estándar, compatible con la mayoría de estufas y calderas domésticas Bajo contenido de humedad: combustión limpia y eficiente</p>
<p><strong>Alto poder calorífico:</strong> calefacción eficaz y constante Baja generación de cenizas: mantenimiento reducido Almacenamiento: mantener en lugar seco y sacos cerrados hasta su uso Ventajas principales: Calor constante y eficaz gracias al alto poder calorífico y la baja humedad de los pellets. Mantenimiento reducido debido a la mínima producción de cenizas durante la combustión. Compatibilidad universal con la mayoría de estufas y calderas domésticas gracias al diámetro estándar de 6 mm. Suministro práctico y manejable con el formato de 25 sacos, ideal para uso doméstico continuado. Producto 100 % natural y ecológico, libre de aditivos químicos para una combustión limpia y segura.</p>","","","taxable","","1","14","","0","0","","","","","1","","","119.00","Pellets de madera","","","https://cdn.shopify.com/s/files/1/0764/8503/4036/files/09001881-LBlj.jpg?v=1779853893","","","","","","","","","0","Cylpellet"
"simple","ctl-emy-8-kw-blanco","Estufa de pellets CTL Emy 8 kW Blanco","1","0","visible","Estufa de pellets de diseño moderno con tecnología avanzada, que ofrece una potencia calorífica de 8 kW con bajo consumo y funcionamiento silencioso y limpio. Ideal para quienes buscan una calefacción eficiente, económica y respetuosa con el medio ambiente.","<p>Las estufas de pellets CTL destacan por su tecnología avanzada, su diseño moderno y su compromiso con la eficiencia energética. El modelo Emy, en acabado blanco, combina una potencia calorífica de 8 kW con un bajo consumo y un funcionamiento silencioso y limpio, adaptándose perfectamente a cualquier espacio del hogar. Pensada para ofrecer el máximo confort, esta estufa aprovecha la biomasa como fuente de energía renovable, transformando el hogar en un espacio cálido y acogedor. Su amplia gama de modelos permite encontrar la solución ideal para cada necesidad, por una calefacción eficiente, económica y respetuosa con el planeta.</p>
<p><strong>Características:</strong></p>
<p><strong>Marca:</strong> CTL.</p>
<p><strong>Modelo:</strong> Emy.</p>
<p><strong>Potencia:</strong> 8 kW.</p>
<p><strong>Acabado:</strong> blanco.</p>
<p><strong>Tipo de combustible:</strong> pellets (biomasa).</p>
<p><strong>Tecnología:</strong> avanzada.</p>
<p><strong>Funcionamiento:</strong> silencioso y limpio.</p>
<p><strong>Eficiencia energética:</strong> alta (bajo consumo).</p>
<p><strong>Diseño:</strong> moderno.</p>
<p><strong>Aplicación:</strong> calefacción doméstica.</p>
<p><strong>Ventajas principales:</strong></p>
<p><strong>Eficiencia energética y ahorro:</strong> Combina una potencia calorífica de 8 kW con un bajo consumo, optimizando el rendimiento y reduciendo los costes de calefacción.</p>
<p><strong>Tecnología avanzada y funcionamiento limpio:</strong> Incorpora tecnología de última generación por un funcionamiento silencioso y una combustión limpia, respetuosa con el medio ambiente.</p>
<p><strong>Diseño moderno y versátil:</strong> Su acabado blanco y su estética contemporánea se integran fácilmente en cualquier estilo de decoración, adaptándose a distintos espacios del hogar.</p>
<p><strong>Confort y sostenibilidad:</strong> Aprovecha la biomasa como fuente de energía renovable, ofreciendo una calefacción eficiente, económica y respetuosa con el planeta.</p>
<p><strong>Amplia gama de modelos:</strong> La variedad de modelos disponibles permite encontrar la solución perfecta para cada necesidad, por el máximo confort en cualquier tipo de vivienda.</p>","","","taxable","","1","5","","0","0","","","","","1","","","839.00","Estufas","","","https://cdn.shopify.com/s/files/1/0764/8503/4036/files/3lj.jpg?v=1779831585","","","","","","","","","0","CTL"
"simple","emy-8-kw-burdeos","Estufa de pellets CTL Emy 8 kW Burdeos","1","0","visible","Estufa de pellets de diseño moderno con tecnología avanzada, que ofrece una potencia calorífica de 8 kW con bajo consumo y funcionamiento silencioso y limpio. Su acabado en color burdeos aporta un toque distintivo y elegante, ideal para quienes buscan calefacción eficiente y sostenible.","<p>Las estufas de pellets CTL destacan por su tecnología avanzada, su diseño moderno y su compromiso con la eficiencia energética. El modelo Emy, en elegante acabado burdeos, combina una potencia calorífica de 8 kW con un bajo consumo y un funcionamiento silencioso y limpio, adaptándose perfectamente a cualquier espacio del hogar. Pensada para ofrecer el máximo confort, esta estufa aprovecha la biomasa como fuente de energía renovable, transformando el hogar en un espacio cálido y acogedor. Su color burdeos aporta un carácter distintivo y sofisticado, convirtiéndola en un elemento decorativo destacado. La amplia gama de modelos CTL permite encontrar la solución ideal para cada necesidad, por una calefacción eficiente, económica y respetuosa con el planeta.</p>
<p> <strong>Características:</strong></p>
<p><strong>Marca:</strong> CTL.</p>
<p><strong>Modelo:</strong> Emy.</p>
<p><strong>Potencia:</strong> 8 kW.</p>
<p><strong>Acabado:</strong> burdeos.</p>
<p><strong>Tipo de combustible:</strong> pellets (biomasa).</p>
<p><strong>Tecnología:</strong> avanzada.</p>
<p><strong>Funcionamiento:</strong> silencioso y limpio.</p>
<p><strong>Eficiencia energética:</strong> alta (bajo consumo).</p>
<p><strong>Diseño:</strong> moderno con acabado distintivo.</p>
<p><strong>Aplicación:</strong> calefacción doméstica.</p>
<p><strong>Ventajas principales:</strong></p>
<p><strong>Eficiencia energética y ahorro:</strong> Combina una potencia calorífica de 8 kW con un bajo consumo, optimizando el rendimiento y reduciendo los costes de calefacción.</p>
<p><strong>Tecnología avanzada y funcionamiento limpio:</strong> Incorpora tecnología de última generación por un funcionamiento silencioso y una combustión limpia, respetuosa con el medio ambiente.</p>
<p><strong>Diseño distintivo y versátil:</strong> Su acabado en color burdeos aporta un toque de elegancia y sofisticación, integrándose perfectamente en estilos de decoración que buscan un punto de color o un acabado más personalizado.</p>
<p><strong>Confort y sostenibilidad:</strong> Aprovecha la biomasa como fuente de energía renovable, ofreciendo una calefacción eficiente, económica y respetuosa con el planeta.</p>
<p><strong>Amplia gama de modelos:</strong> La variedad de modelos y acabados disponibles permite encontrar la solución perfecta para cada necesidad, por el máximo confort en cualquier tipo de vivienda.</p>","","","taxable","","1","5","","0","0","","","","","1","","","890.00","Estufas","","","https://cdn.shopify.com/s/files/1/0764/8503/4036/files/BB-4lj.jpg?v=1779831470","","","","","","","","","0","CTL"
"simple","zara-10-kw-burdeos","Estufa de pellets CTL Zara 10 kW Burdeos","1","0","visible","Estufa de pellets de alta potencia (10 kW) con tecnología avanzada, diseño moderno y acabado en burdeos. Ofrece un funcionamiento silencioso y limpio, combinando eficiencia energética y bajo consumo para calefaccionar espacios de mayor tamaño con un estilo distintivo.","<p>Las estufas de pellets CTL destacan por su tecnología avanzada, su diseño moderno y su compromiso con la eficiencia energética. El modelo Zara, en elegante acabado burdeos, ofrece una potencia calorífica de 10 kW, ideal para calefaccionar espacios de mayor tamaño sin renunciar al bajo consumo y a un funcionamiento silencioso y limpio. Pensada para ofrecer el máximo confort en el hogar, esta estufa aprovecha la biomasa como fuente de energía renovable, transformando cualquier estancia en un espacio cálido y acogedor. Su color burdeos aporta un carácter distintivo y sofisticado, convirtiéndola en un elemento decorativo destacado. La amplia gama de modelos CTL permite encontrar la solución ideal para cada necesidad, por una calefacción eficiente, económica y respetuosa con el planeta.</p>
<p><strong>Características:</strong></p>
<p><strong>Marca:</strong> CTL.</p>
<p><strong>Modelo:</strong> Zara.</p>
<p><strong>Potencia:</strong> 10 kW.</p>
<p><strong>Acabado:</strong> burdeos.</p>
<p><strong>Tipo de combustible:</strong> pellets (biomasa).</p>
<p><strong>Tecnología:</strong> avanzada.</p>
<p><strong>Funcionamiento:</strong> silencioso y limpio.</p>
<p><strong>Eficiencia energética:</strong> alta (bajo consumo).</p>
<p><strong>Diseño:</strong> moderno con acabado distintivo.</p>
<p><strong>Aplicación:</strong> calefacción doméstica para espacios de mayor tamaño.</p>
<p><strong>Ventajas principales:</strong></p>
<p><strong>Alta potencia y eficiencia:</strong> Con 10 kW de potencia calorífica, es ideal para calefaccionar espacios amplios manteniendo un bajo consumo y un alto rendimiento energético.</p>
<p><strong>Tecnología avanzada y funcionamiento limpio:</strong> Incorpora tecnología de última generación por un funcionamiento silencioso y una combustión limpia, respetuosa con el medio ambiente.</p>
<p><strong>Diseño distintivo y versátil:</strong> Su acabado en color burdeos aporta un toque de elegancia y sofisticación, integrándose perfectamente en estilos de decoración que buscan un punto de color o un acabado más personalizado.</p>
<p><strong>Confort y sostenibilidad:</strong> Aprovecha la biomasa como fuente de energía renovable, ofreciendo una calefacción eficiente, económica y respetuosa con el planeta.</p>
<p><strong>Amplia gama de modelos:</strong> La variedad de modelos y acabados disponibles permite encontrar la solución perfecta para cada necesidad, por el máximo confort en cualquier tipo de vivienda, incluso en espacios de mayores dimensiones.</p>","","","taxable","","1","5","","0","0","","","","","1","","","1186.00","Estufas","","","https://cdn.shopify.com/s/files/1/0764/8503/4036/files/CTL-2lj.jpg?v=1779831415","","","","","","","","","0","CTL Zara"
"simple","zara-10-kw-negra-2","Estufa de pellets CTL Zara 10 kW Negra","1","0","visible","Estufa de pellets potente y eficiente con 10 kW de potencia térmica, ideal para calentar estancias medianas y grandes. Su diseño moderno en color negro, su control digital programable y su funcionamiento silencioso la convierten en una solución de calefacción elegante, fiable y económica.","<p>La estufa de pellets CTL Zara 10 kW negra es una solución de calefacción potente, eficiente y elegante, diseñada para calentar estancias medianas y grandes con un excelente rendimiento energético. Su diseño moderno en color negro aporta un toque sofisticado y se adapta fácilmente a cualquier tipo de interior. Equipada con un control digital que permite la programación diaria y semanal, ofrece un funcionamiento silencioso y seguro, por una distribución uniforme del calor en todo el espacio. Al utilizar pellets de madera como combustible ecológico, combina eficiencia, diseño y confort, proporcionando una calefacción fiable y económica para el hogar.</p>
<p><strong>Características:</strong></p>
<p><strong>Marca:</strong> CTL.</p>
<p><strong>Modelo:</strong> Zara.</p>
<p><strong>Potencia térmica:</strong> 10 kW.</p>
<p><strong>Color:</strong> negro (acabado moderno y resistente).</p>
<p><strong>Control:</strong> digital con programación diaria y semanal.</p>
<p><strong>Funcionamiento:</strong> silencioso y seguro.</p>
<p><strong>Distribución del calor:</strong> uniforme.</p>
<p><strong>Combustible:</strong> pellets de madera (ecológico).</p>
<p><strong>Aplicación:</strong> ideal para estancias medianas y grandes.</p>
<p><strong>Ventajas principales:</strong></p>
<p><strong>Alta potencia y eficiencia energética:</strong> Con 10 kW de potencia térmica y un excelente rendimiento energético, calefacciona de manera eficiente estancias medianas y grandes con un bajo consumo de pellets.</p>
<p><strong>Control digital avanzado:</strong> La programación diaria y semanal permite adaptar el funcionamiento de la estufa a las necesidades del hogar, optimizando el confort y el ahorro energético.</p>
<p><strong>Diseño moderno y versátil:</strong> Su acabado en negro, elegante y resistente, se integra fácilmente en cualquier tipo de interior, desde estilos clásicos hasta los más contemporáneos.</p>
<p><strong>Funcionamiento silencioso y seguro:</strong> Proporciona una experiencia de uso cómoda y tranquila, por la seguridad en todo momento.</p>
<p><strong>Calefacción ecológica y económica:</strong> Al utilizar pellets de madera como combustible renovable, ofrece una solución de calefacción respetuosa con el medio ambiente y con un coste de uso reducido.</p>","","","taxable","","1","6","","0","0","","","","","1","","","1188.00","Estufas","","","https://cdn.shopify.com/s/files/1/0764/8503/4036/files/NEGR-5lj.jpg?v=1779831303","","","","","","","","","0","CTL Zara"
"simple","pellets-elite-7-kw","Estufa de pellets Elite 7 kW","1","0","visible","Estufa de pellets compacta y eficiente con 7 kW de potencia térmica, ideal para calentar espacios pequeños y medianos como salones, apartamentos u oficinas. Combina un diseño moderno, clase energética A+ y control digital programable para confort, ahorro y respeto al medio ambiente.","<p>La estufa de pellets Elite 7 kW es una solución de calefacción moderna, eficiente y ecológica, diseñada para calentar espacios pequeños y medianos como salones, apartamentos u oficinas, con una capacidad aproximada de hasta 110 m³. Su diseño compacto y disponible en varios colores permite integrarse fácilmente en cualquier estilo de interior, mientras que su alto rendimiento energético (clase A+) asegura un bajo consumo de pellets y un calor constante. Equipada con un depósito de aproximadamente 13 kg de capacidad, ofrece varias horas de autonomía según la demanda térmica. Su panel de control digital intuitivo permite regular la potencia, la temperatura y programar el encendido de forma diaria o semanal. Funciona con pellets de madera, un combustible renovable y respetuoso con el medio ambiente, y su instalación es sencilla gracias a la salida de humos estándar de 80 mm.</p>
<p><strong>Características:</strong></p>
<p><strong>Potencia térmica:</strong> 7 kW (adecuada para calentar hasta aproximadamente 110 m³).</p>
<p><strong>Rendimiento energético:</strong> clase A+ (alto rendimiento, bajo consumo de pellets).</p>
<p><strong>Depósito de pellets:</strong> capacidad aproximada de 13 kg (varias horas de autonomía). <strong></strong></p>
<p><strong>Control:</strong> panel digital intuitivo con regulación de potencia, temperatura y programación diaria o semanal.</p>
<p><strong>Combustible:</strong> pellets de madera (renovable, ecológico).</p>
<p><strong>Diseño:</strong> moderno y compacto, disponible en varios colores.</p>
<p><strong>Instalación:</strong> sencilla, con salida de humos estándar de 80 mm.</p>
<p><strong>Ventajas principales:</strong></p>
<p><strong>Rendimiento energético óptimo:</strong> Clase energética A+ por un alto rendimiento con un bajo consumo de pellets, traduciéndose en ahorro económico y eficiencia térmica.</p>
<p><strong>Diseño compacto y versátil:</strong> Su tamaño reducido y su disponibilidad en varios colores permiten integrarlo fácilmente en espacios pequeños o medianos sin renunciar a la estética.</p>
<p><strong>Control digital avanzado:</strong> Programación diaria o semanal y regulación precisa de potencia y temperatura para adaptar el funcionamiento a las necesidades reales del hogar, maximizando el confort.</p>
<p><strong>Autonomía práctica:</strong> Depósito de 13 kg que proporciona varias horas de calor continuo sin necesidad de recarga frecuente.</p>
<p><strong>Calefacción ecológica y de fácil instalación:</strong> Funciona con pellets de madera, combustible renovable y bajo impacto ambiental, con una instalación simplificada gracias a la salida de humos estándar de 80 mm.</p>","","","taxable","","1","7","","0","0","","","","","1","","","786.00","Estufas","","","https://cdn.shopify.com/s/files/1/0764/8503/4036/files/ELITE-7lj.jpg?v=1779831723","","","","","","","","","0","Elite"
"simple","insert-canada-11-kw","Estufa de pellets Insert Canadá 11 kW","1","0","visible","Insertable de pellets de alto rendimiento con 11 kW de potencia térmica, diseñado para integrarse perfectamente en chimeneas existentes. Ideal para modernizar el sistema de calefacción sin perder el encanto del hogar tradicional, ofreciendo calefacción potente, eficiente y ecológica.","<p>La estufa de pellets Insert Canadá 11 kW es un insertable de alto rendimiento, diseñado para integrarse perfectamente en chimeneas existentes y ofrecer una calefacción potente, eficiente y ecológica. Es ideal para viviendas que buscan modernizar su sistema de calefacción sin perder el encanto del hogar tradicional. Con una potencia térmica de 11 kW, es adecuada para calentar grandes estancias, por un alto rendimiento energético con un bajo consumo de pellets. Su formato insertable permite sustituir chimeneas abiertas, aprovechando la infraestructura existente y mejorando significativamente la eficiencia térmica. Incorpora un panel de control digital para un manejo sencillo y programación, asegurando un funcionamiento silencioso y seguro. Utiliza pellets de madera como combustible ecológico, combinando potencia, eficiencia y diseño funcional para proporcionar un gran confort térmico y un importante ahorro energético.</p>
<p><strong>Características:</strong></p>
<p><strong>Tipo:</strong> insertable de pellets.</p>
<p><strong>Potencia térmica:</strong> 11 kW (adecuada para grandes estancias).</p>
<p><strong>Rendimiento energético:</strong> alto (bajo consumo de pellets).</p>
<p><strong>Aplicación:</strong> perfecto para sustituir chimeneas abiertas.</p>
<p><strong>Distribución del calor:</strong> uniforme.</p>
<p><strong>Control:</strong> panel digital con manejo sencillo y programación.</p>
<p><strong> Funcionamiento:</strong> silencioso y seguro.</p>
<p><strong>Combustible:</strong> pellets de madera (ecológico).</p>
<p><strong>Ventajas principales:</strong></p>
<p><strong>Alta potencia y eficiencia:</strong> Con 11 kW de potencia térmica y un alto rendimiento energético, calienta grandes estancias de manera eficiente con un bajo consumo de pellets, optimizando el ahorro económico.</p>
<p><strong>Modernización sin obras mayores:</strong> Diseñado para integrarse perfectamente en chimeneas existentes, permite sustituir chimeneas abiertas por un sistema de calefacción eficiente sin perder el encanto del hogar tradicional.</p>
<p><strong>Confort térmico superior:</strong> La distribución uniforme del calor por una temperatura agradable y constante en toda la estancia, eliminando zonas frías.</p>
<p><strong>Control digital y funcionamiento seguro:</strong> Panel de control intuitivo que permite programar el funcionamiento de manera sencilla, junto con un sistema silencioso y seguro que aporta tranquilidad y comodidad en el día a día.</p>
<p><strong>Calefacción ecológica y económica:</strong> Al funcionar con pellets de madera, combustible renovable y respetuoso con el medio ambiente, combina sostenibilidad con un importante ahorro energético.</p>","","","taxable","","1","7","","0","0","","","","","1","","","1236.00","Estufas","","","https://cdn.shopify.com/s/files/1/0764/8503/4036/files/PELLET-1756728191lj.webp?v=1779831036","","","","","","","","","0","Canadá"
"simple","8-canalizada-plus","Estufa de pellets Pasillo 8 Canalizada Plus","1","0","visible","Estufa de pellets con sistema de canalización integrado que distribuye el calor de forma uniforme en varias estancias gracias a sus 8 kW de potencia. Ideal para viviendas que buscan confort, ahorro energético y un diseño compacto y moderno.","<p>La estufa de pellets Pasillo 8 Canalizada Plus es una solución de calefacción potente, eficiente y moderna, diseñada para distribuir el calor de forma uniforme en varias estancias gracias a su sistema de canalización. Con una potencia de 8 kW, ofrece un alto rendimiento energético y un bajo consumo de pellets, lo que la convierte en una opción ideal para viviendas que buscan confort y ahorro energético. Su sistema canalizado permite calentar una o varias habitaciones adicionales, maximizando el aprovechamiento del calor generado. Equipada con un control digital que permite la programación diaria y semanal, por un funcionamiento silencioso y seguro. Su diseño moderno y compacto facilita su integración en cualquier tipo de interior, mientras que su funcionamiento con pellets de madera la posiciona como una opción de calefacción ecológica y sostenible.</p>
<p> <strong>Características: </strong></p>
<p> <strong>Potencia:</strong> 8 kW.</p>
<p><strong>Sistema canalizado:</strong> permite calentar una o varias habitaciones adicionales.</p>
<p><strong>Rendimiento energético:</strong> alto (bajo consumo de pellets).</p>
<p><strong>Control:</strong> digital con programación diaria y semanal. Funcionamiento: silencioso y seguro.</p>
<p><strong>Diseño:</strong> moderno, compacto y fácil de integrar en cualquier interior.</p>
<p><strong>Combustible:</strong> pellets de madera (ecológico).</p>
<p><strong>Ventajas principales:</strong></p>
<p><strong>Distribución uniforme del calor:</strong> Gracias a su sistema de canalización, permite calentar una o varias estancias adicionales, aprovechando al máximo la potencia de 8 kW y eliminando zonas frías en el hogar.</p>
<p><strong>Ahorro energético y eficiencia:</strong> Alto rendimiento energético con bajo consumo de pellets, reduciendo los costes de calefacción sin sacrificar el confort térmico.</p>
<p><strong>Control inteligente:</strong> Programación diaria y semanal mediante panel digital para adaptar el funcionamiento a las necesidades del hogar, optimizando el consumo y la comodidad.</p>
<p><strong>Diseño compacto y versátil:</strong> Su estética moderna y tamaño reducido permiten una fácil integración en cualquier espacio, desde viviendas pequeñas hasta hogares con distribución en pasillo.</p>
<p><strong>Calefacción ecológica y silenciosa:</strong> Funciona con pellets de madera, combustible renovable y sostenible, con un funcionamiento silencioso por tranquilidad en el día a día.</p>","","","taxable","","1","7","","0","0","","","","","1","","","986.00","Estufas","","","https://cdn.shopify.com/s/files/1/0764/8503/4036/files/pasillo-8lj.webp?v=1779831082","","","","","","","","","0","Pasillo"
"simple","estufa-de-pellets-sannover","Estufa de Pellets SANNOVER","1","0","visible","Estufa de pellets con diseño elegante en negro o blanco, que combina eficiencia energética clase A+ y cumple con la normativa Ecodesign 2022. Su funcionamiento automático y mantenimiento sencillo la hacen ideal para por confort térmico en viviendas modernas.","<p>La estufa de pellets SANNOVER ofrece una solución eficiente y sostenible para la calefacción doméstica. Con una potencia nominal de 8 kW y un depósito de 15 kg, proporciona una autonomía de hasta 24 horas. Su sistema de combustión limpia y controlada minimiza las emisiones contaminantes (PM, CO, NOx y compuestos orgánicos), cumpliendo estrictamente con la normativa Ecodesign 2022. Además, su instalación flexible y su diseño en negro o blanco permiten una integración sencilla y estética en interiores contemporáneos.</p>
<p><strong>Características: </strong></p>
<p><strong>Combustible:</strong> pellets 100 % naturales, ecológicos y sostenibles.</p>
<p><strong>Potencia nominal:</strong> 8 kW.</p>
<p><strong>Eficiencia energética:</strong> clase A+, conforme a Ecodesign 2022.</p>
<p><strong>Capacidad del depósito:</strong> 15 kg (autonomía de hasta 24 horas).</p>
<p><strong>Bajas emisiones:</strong> PM, CO, NOx y compuestos orgánicos dentro de los límites legales. Funcionamiento automático con recarga sencilla. Diseño elegante en negro o blanco. Instalación flexible con salida de humos trasera.</p>
<p><strong>Mantenimiento sencillo:</strong> limpieza periódica de conductos y revisión de componentes.</p>
<p> <strong>Ventajas principales:</strong></p>
<p><strong>Máxima eficiencia y ahorro:</strong> Certificación energética A+ y cumplimiento Ecodesign 2022 que por un bajo consumo y un rendimiento óptimo.</p>
<p><strong>Comodidad y autonomía:</strong> Funcionamiento automático con depósito de gran capacidad que permite hasta 24 horas de uso continuo sin necesidad de recarga frecuente.</p>
<p><strong>Sostenibilidad y limpieza:</strong> Utiliza pellets 100 % naturales y cuenta con un sistema de combustión limpia que reduce significativamente el impacto ambiental.</p>
<p><strong>Diseño y versatilidad:</strong> Acabado en negro o blanco que se adapta a cualquier estilo de interior, con opciones de instalación flexibles para mayor comodidad.</p>
<p><strong>Tranquilidad y fiabilidad:</strong> Incluye por de 2 años y un mantenimiento sencillo que asegura un funcionamiento seguro y duradero.</p>","","","taxable","","1","10","","0","0","","","","","1","","","599.00","Estufas","","","https://cdn.shopify.com/s/files/1/0764/8503/4036/files/LTs-l400-300x300-LBlj.jpg?v=1779853705","","","","","","","","","0","SANNOVER"
"simple","estufa-sannover-k7","Estufa de pellets SANNOVER K7","1","0","visible","Estufa de pellets diseñada para viviendas de 40 a 60 m², con encendido piezoeléctrico y panel de control LCD. Ofrece calor estable, bajo mantenimiento y un diseño compacto que se adapta fácilmente a salones, salas o pequeños apartamentos.","<p>La estufa de pellets K7 es una solución de calefacción eficiente, limpia y práctica, diseñada para hogares medianos de 40 a 60 m². Funciona con pellets 100 % naturales, ofreciendo un calor estable y confortable con bajo mantenimiento. Su encendido piezoeléctrico, panel de control con pantalla LCD y compatibilidad con pellets estándar facilitan su uso diario, permitiendo ajustar la intensidad y programar el temporizador según las necesidades del usuario. Su depósito interno de 7 kg proporciona una autonomía suficiente para el uso diario, mientras que su diseño compacto permite ubicarla fácilmente en distintos espacios. Ideal para salones, salas o pequeños apartamentos, combina comodidad, eficiencia y respeto por el medio ambiente gracias a su funcionamiento con un combustible renovable y ecológico.</p>
<p><strong>Características:</strong></p>
<p><strong>Superficie recomendada:</strong> 40 a 60 m²</p>
<p><strong>Depósito de pellets:</strong> 7 kg de capacidad Encendido: piezoeléctrico, rápido e inmediato <strong>Control:</strong> panel con pantalla LCD para ajuste de intensidad y temporizador Alta eficiencia energética: consumo moderado y ahorro de combustible</p>
<p><strong>Compatibilidad:</strong> pellets estándar de madera natural con bajo contenido de humedad</p>
<p><strong>Diseño:</strong> compacto, fácil de ubicar en distintos espacios Instalación y mantenimiento: sencillos, accesibles para uso doméstico</p>
<p><strong>Ventajas principales:</strong> Calefacción eficaz para espacios medianos con un calor estable y uniforme, ideal para estancias principales del hogar. Fácil manejo diario gracias al encendido piezoeléctrico, la pantalla LCD y la compatibilidad con pellets estándar. Autonomía práctica con depósito de 7 kg que cubre las necesidades de uso diario sin recargas constantes. Diseño compacto y versátil que se adapta fácilmente a salones, salas o pequeños apartamentos. Combustible ecológico y renovable que combina confort, eficiencia y respeto por el medio ambiente.</p>","","","taxable","","1","10","","0","0","","","","","1","","","410.00","Estufas","","","https://cdn.shopify.com/s/files/1/0764/8503/4036/files/pedllet10-LBlj.webp?v=1779853836","","","","","","","","","0","SANNOVER"
"simple","estufa-de-pellets-sannover-wifi-8-kw","Estufa de Pellets SANNOVER WiFi 8 kW","1","0","visible","Estufa de pellets con control WiFi y clase energética A+, diseñada para ofrecer calefacción eficiente y ecológica en espacios de 70 a 100 m². Su tecnología de conexión remota permite gestionar la temperatura y la programación desde cualquier lugar, combinando confort, ahorro y sostenibilidad.","<p>La estufa de pellets SANNOVER WiFi 8 kW es una solución de calefacción avanzada que integra eficiencia energética, tecnología inteligente y respeto medioambiental. Con una potencia nominal de 8 kW y un alto rendimiento térmico superior al 89 %, está indicada para calefaccionar superficies de 70 a 100 m². Funciona con pellets de madera natural certificados (granulometría aproximada de 6 mm y humedad inferior al 10 %), por una combustión limpia con emisiones controladas conforme a la normativa Ecodesign 2022. Su diseño compacto facilita la instalación y el mantenimiento, mientras que el control remoto con WiFi permite el encendido, la regulación y la programación a distancia, aportando comodidad y versatilidad. Incluye manual, accesorios de instalación, etiqueta energética y certificación oficial.</p>
<p><strong>Características:</strong> Potencia nominal: 8 kW (ideal para superficies de 70–100 m²). <strong>Rendimiento térmico:</strong> ≥ 89 % (clase energética A+).</p>
<p><strong>Depósito de pellets:</strong> 20 kg de capacidad (buena autonomía por carga).</p>
<p><strong>Combustible:</strong> pellets de madera natural (≈ 6 mm, humedad &lt; 10 %).</p>
<p><strong>Control remoto con WiFi:</strong> encendido, regulación y programación a distancia. Cumple normativa Ecodesign 2022 y clase energética A+. Calefacción estable, eficiente y con bajo consumo.</p>
<p><strong>Diseño compacto:</strong> instalación flexible y mantenimiento sencillo. Compatible con pellets certificados (combustible renovable y ecológico). Incluye: manual, accesorios de instalación, etiqueta energética y certificación.</p>
<p><strong>Ventajas principales:</strong> Control inteligente: Sistema WiFi que permite gestionar la estufa de forma remota, programando el encendido y la temperatura desde cualquier lugar para mayor comodidad.</p>
<p><strong>Alta eficiencia y ahorro:</strong> Clase energética A+ con rendimiento superior al 89 %, lo que se traduce en un bajo consumo y una reducción de los costes energéticos a largo plazo.</p>
<p><strong>Sostenibilidad y cumplimiento normativo:</strong> Funciona con pellets de madera natural y cumple la estricta normativa Ecodesign 2022, por emisiones controladas y mínimo impacto ambiental.</p>
<p><strong>Versatilidad y autonomía:</strong> Depósito de 20 kg que proporciona una excelente autonomía, ideal para viviendas, apartamentos o chalets de hasta 100 m².</p>
<p><strong>Instalación y mantenimiento sencillos:</strong> Diseño compacto que facilita una instalación flexible y un mantenimiento sin complicaciones, respaldado por una por de 2 años.</p>","","","taxable","","1","9","","0","0","","","","","1","","","2110.00","Estufas","","","https://cdn.shopify.com/s/files/1/0764/8503/4036/files/LT12-300x300-LBlj.jpg?v=1779852956","","","","","","","","","0","SANNOVER"
"simple","lena-30-cm-alto-rendimiento-2-m","Leña 30 cm – Alto rendimiento 2 m³","1","0","visible","Palé de madera dura compuesto por troncos limpios de 30 cm, descortezados y de sección pequeña, ideales para estufas e insertables de tamaño reducido. Su secado en horno y acabado en tambor descortezador por un alto poder calorífico, bajas emisiones y un mantenimiento mínimo.","<p>Este palé de madera dura ofrece una solución de calefacción eficiente, limpia y de alta calidad. Los troncos, de 30 cm de longitud y sección pequeña (5–15 cm), están elaborados exclusivamente con maderas nobles certificadas NF: roble, carpe, haya y fresno. Gracias a un proceso de secado en horno y cepillado en tambor descortezador, la leña presenta un bajo nivel de polvo, una humedad inferior al 20 % y un contenido de cenizas menor al 1,5 %, lo que favorece una combustión óptima, reduce las obstrucciones y simplifica el mantenimiento de estufas e insertables. Con un poder calorífico superior a 3,9 kWh/kg, proporciona un calor constante y eficiente con bajas emisiones de partículas. El embalaje en palé de 100 × 120 × 185 cm contiene un volumen de 2 m³ (equivalentes a aproximadamente 2,24 estéreos), facilitando el almacenamiento y la manipulación.</p>
<p><strong>Características: </strong></p>
<p><strong>Composición:</strong> 100 % maderas nobles (roble, carpe, haya y fresno).</p>
<p><strong>Longitud de los troncos:</strong> 30 cm.</p>
<p><strong>Sección:</strong> pequeña (5–15 cm), fácil de manipular.</p>
<p><strong>Secado:</strong> en horno con cepillado en tambor descortezador (menor producción de polvo y obstrucciones).</p>
<p><strong>Poder calorífico:</strong> &gt; 3,9 kWh/kg (calefacción eficiente y constante).</p>
<p><strong>Humedad:</strong> &lt; 20 % (combustión óptima).</p>
<p><strong>Contenido de cenizas:</strong> &lt; 1,5 % (menor mantenimiento de estufas). *</p>
<p><strong>Volumen total:</strong> 2 m³ (≈ 2,24 estéreos).</p>
<p><strong>Dimensiones del palé:</strong> 100 × 120 × 185 cm.</p>
<p><strong>Certificación:</strong> NF (calidad y seguridad).</p>
<p><strong>Uso recomendado:</strong> estufas e insertables de pequeño tamaño.</p>
<p><strong>Ventajas principales:</strong> Alta eficiencia energética: Elaborada con maderas duras de alto poder calorífico (&gt;3,9 kWh/kg) que por un calor constante y duradero con menor consumo.</p>
<p><strong>Máxima limpieza y bajo mantenimiento:</strong> El secado en horno, el descortezado y la baja producción de cenizas (&lt;1,5 %) reducen las obstrucciones y facilitan la limpieza de estufas e insertables.</p>
<p><strong>Combustión óptima y ecológica:</strong> La humedad controlada (&lt;20 %) y la composición de maderas nobles certificadas NF aseguran una combustión limpia con bajas emisiones de partículas.</p>
<p><strong>Comodidad y facilidad de uso:</strong> Troncos de 30 cm con sección pequeña, fáciles de manipular y almacenar, presentados en un práctico palé con un volumen de 2 m³ (≈2,24 estéreos).</p>
<p><strong>Calidad:</strong> Certificación NF que respalda la procedencia, el proceso de fabricación y el rendimiento térmico del producto.</p>","","","taxable","","1","11","","0","0","","","","","1","","","290.00","Leña","","","https://cdn.shopify.com/s/files/1/0764/8503/4036/files/lena-30-cm-alto-rendimiento-LBlj.jpg?v=1779830111","","","","","","","","","0","Leñas Garros Sl"
"simple","lena-de-haya-madera-dura-y-densa-alto-poder-calorifico","Leña de haya (madera dura y densa) – Alto poder calorífico","1","0","visible","Leña de haya procedente de los montes de Navarra, compuesta por troncos de madera dura y densa que ofrecen un alto poder calorífico y llamas abundantes. Su secado natural al sol durante al menos seis meses por un bajo contenido de humedad, un encendido fácil y una combustión óptima","<p>La leña de haya es una de las opciones de biomasa más eficientes para calefacción doméstica. Elaborada con madera dura y densa, proporciona un alto poder calorífico y genera llamas abundantes y vivas, ideales para chimeneas abiertas, estufas, hogares e insertables. Los troncos, de dimensiones aproximadas de 40 × 20 cm, se adaptan fácilmente a cualquier tipo de aparato. Procedente de los montes de Navarra, esta leña se seca de forma natural al sol durante un mínimo de 6 meses, lo que por un bajo contenido de humedad, un encendido rápido y una combustión constante y eficiente. Su presentación en formato paletizado facilita el transporte, el almacenamiento y la extracción según las necesidades del usuario. Disponible en palé de 1 m³ (aproximadamente 500 kg) o 2 m³ (aproximadamente 1000 kg), se entrega lista para usar, sin necesidad de preparación adicional.</p>
<p><strong>Características:</strong></p>
<p><strong>Tipo de madera:</strong> haya (madera dura y densa).</p>
<p><strong>Dimensiones de los troncos:</strong> aproximadamente 40 × 20 cm (adaptables a cualquier aparato).</p>
<p><strong>Secado:</strong> natural al sol durante mínimo 6 meses.</p>
<p><strong>Procedencia:</strong> montes de Navarra (origen sostenible).</p>
<p><strong>Poder calorífico:</strong> alto (gracias a la densidad de la madera).</p>
<p><strong>Tipo de llama:</strong> abundante, viva y brillante.</p>
<p><strong>Humedad:</strong> baja (encendido fácil y combustión óptima).</p>
<p><strong>Presentación:</strong> formato paletizado (limpio, práctico). Formatos disponibles: palé de 1 m³ (~500 kg) o 2 m³ (~1000 kg) según necesidades.</p>
<p><strong>Uso recomendado:</strong> chimeneas abiertas, estufas, hogares e insertables.</p>
<p><strong>Preparación:</strong> lista para usar.</p>
<p><strong>Ventajas principales: </strong></p>
<p><strong>Alto rendimiento energético:</strong> La densidad y dureza de la madera de haya proporcionan un poder calorífico superior, por un calor constante y duradero con menor consumo.</p>
<p><strong>Combustión limpia y fácil manejo:</strong> El secado natural al sol durante más de 6 meses asegura un bajo contenido de humedad, facilitando el encendido rápido y reduciendo las emisiones durante la combustión.</p>
<p><strong>Origen sostenible y calidad:</strong> Procedente de los montes de Navarra, esta leña ofrece trazabilidad y respaldo en cuanto a su procedencia y sostenibilidad.</p>
<p><strong>Versatilidad y adaptabilidad:</strong> Troncos de tamaño estándar (40 × 20 cm) compatibles con chimeneas abiertas, estufas, hogares e insertables de diferentes tipos.</p>
<p><strong>Comodidad logística:</strong> Formato paletizado que facilita el transporte, almacenamiento y extracción, disponible en dos volúmenes para adaptarse a las necesidades de cada usuario.</p>","","","taxable","","1","7","","0","0","","","","","1","","","196.00","Leña","","","https://cdn.shopify.com/s/files/1/0764/8503/4036/files/haya-LBlj.webp?v=1779853351","","","","","","","","","0","Leñas Garros Sl"
"simple","madera-densa-palet-960-kg","Madera Densa Palet 960 kg","1","0","visible","Madera densificada en formato compacto, ideal para espacios reducidos o consumos moderados. Su bajo contenido de humedad y alto poder calorífico por una combustión prolongada y eficiente con mínima producción de cenizas.","<p>La madera densificada en formato compacto es la solución perfecta para quienes buscan una calefacción limpia, económica y respetuosa con el medio ambiente, especialmente cuando se dispone de espacio limitado o se tiene un consumo moderado de leña. Gracias a su secado óptimo y una humedad inferior al 8 %, esta madera ofrece un alto poder calorífico, de 3 a 4 veces superior al de la leña tradicional, con una combustión prolongada de 1,5 a 2 horas de calor constante. Su mínimo contenido de cenizas (menos del 1,5 %) reduce las obstrucciones y simplifica el mantenimiento de estufas y chimeneas. El embalaje, compuesto únicamente por una banda de sujeción, minimiza el uso de plásticos y facilita el almacenamiento. Se recomienda conservarla en un lugar interior y seco para mantener todas sus propiedades.</p>
<p><strong>Características: </strong></p>
<p><strong>Tipo de producto:</strong> madera densificada en formato compacto. Humedad: &lt; 8 % (secado óptimo).</p>
<p><strong>Poder calorífico:</strong> 3–4 veces superior a la leña tradicional.</p>
<p><strong>Duración de la combustión:</strong> 1,5–2 horas de calor constante.</p>
<p><strong>Contenido de cenizas:</strong> &lt; 1,5 % (mínimo mantenimiento).</p>
<p><strong>Embalaje:</strong> ecológico, con apenas una banda de sujeción (mínimo uso de plásticos). <strong></strong></p>
<p><strong>Almacenamiento:</strong> recomendado en lugar interior y seco. Uso ideal: espacios reducidos y consumos moderados de leña.</p>
<p><strong>Perfil:</strong> leña limpia, económica y respetuosa con el medio ambiente.</p>
<p><strong>Ventajas principales: </strong></p>
<p><strong>Máxima eficiencia energética:</strong> Su alto poder calorífico, de 3 a 4 veces superior al de la leña tradicional, permite obtener más calor con menos cantidad de producto, optimizando el consumo.</p>
<p><strong>Combustión prolongada y estable:</strong> Con una duración de 1,5 a 2 horas por carga, proporciona un calor constante y de calidad, reduciendo la frecuencia de recarga.</p>
<p><strong>Mínimo mantenimiento:</strong> El bajo contenido de cenizas (&lt; 1,5 %) disminuye las obstrucciones y simplifica la limpieza de estufas y chimeneas.</p>
<p><strong>Formato práctico y ecológico:</strong> Su presentación compacta con embalaje mínimo (casi sin plástico) facilita el almacenamiento en espacios reducidos y reduce el impacto ambiental.</p>
<p><strong>Limpieza y comodidad:</strong> Al ser una leña densificada con baja humedad, genera menos suciedad y polvo, ofreciendo una experiencia de uso más limpia y agradable.</p>","","","taxable","","1","7","","0","0","","","","","1","","","188.00","Madera comprimida","","","https://cdn.shopify.com/s/files/1/0764/8503/4036/files/c51bd90f57cmv2-300x300-LBlj.webp?v=1779853297","","","","","","","","","0","Leñas Garros Sl"
"simple","madera-densificada-pale-1-tonelada","Madera Densificada Palé 1 Tonelada","1","0","visible","Troncos de combustión lenta diseñados para proporcionar calor constante durante 6 a 8 horas, ideales para las últimas etapas del fuego. Con una humedad inferior al 7 % y un poder calorífico de 4,9 kWh/kg, por una combustión eficiente, limpia y prolongada.","<p>Estos troncos de combustión lenta están especialmente diseñados para ofrecer calor constante durante las últimas etapas del fuego. Colocados sobre un lecho de brasas y con las entradas de aire cerradas, proporcionan entre 6 y 8 horas de calor continuo, maximizando la autonomía. Fabricados con una mezcla de madera dura y astillas, presentan un contenido de humedad inferior al 7 % y un alto poder calorífico de 4,9 kWh/kg, lo que por una combustión eficiente, limpia y prolongada. Su formato en troncos de 28–29 cm de longitud y 8,5 cm de diámetro asegura uniformidad y facilidad de manejo. El embalaje minimalista, con cada tronco atado alrededor del perímetro tipo disco, reduce significativamente el uso de plástico y facilita el almacenamiento. Con un bajo contenido de cenizas (&lt; 1,5 %), contribuye a mantener limpio el sistema de chimenea y simplifica el mantenimiento. De origen francés, este producto por calidad y procedencia controlada.</p>
<p><strong>Características: </strong></p>
<p><strong>Tipo de producto:</strong> troncos de combustión lenta. Composición: mezcla de madera dura y astillas.</p>
<p><strong>Poder calorífico:</strong> 4,9 kWh/kg (calor intenso y constante).</p>
<p><strong>Humedad:</strong> &lt; 7 % (combustión eficiente y estable).</p>
<p><strong>Contenido de cenizas: </strong>&lt; 1,5 % (menor mantenimiento).</p>
<p><strong>Dimensiones de los troncos:</strong> 28–29 cm de longitud × 8,5 cm de diámetro.</p>
<p><strong>Autonomía:</strong> 6–8 horas de calor continuo.</p>
<p><strong>Embalaje:</strong> mínimo tipo disco, cada tronco atado alrededor del perímetro (reducción de plásticos, fácil manejo).</p>
<p><strong>Uso recomendado:</strong> sobre lecho de brasas con entradas de aire cerradas.</p>
<p><strong>Beneficio adicional:</strong> contribuye al mantenimiento y limpieza del conducto de chimenea.</p>
<p><strong>Origen:</strong> Francia (calidad y procedencia controlada).</p>
<p><strong>Ventajas principales: </strong></p>
<p><strong>Autonomía prolongada:</strong> Proporciona entre 6 y 8 horas de calor continuo, ideal para mantener el confort térmico durante toda la noche sin necesidad de recarga.</p>
<p><strong>Máxima eficiencia energética:</strong> Su alto poder calorífico de 4,9 kWh/kg y su humedad inferior al 7 % por una combustión óptima, estable y de alto rendimiento.</p>
<p><strong>Mínimo mantenimiento:</strong> El bajo contenido de cenizas (&lt; 1,5 %) reduce las obstrucciones y facilita la limpieza de la chimenea, contribuyendo además a mantener limpio el sistema de evacuación.</p>
<p><strong>Formato práctico y ecológico:</strong> Troncos uniformes de 28–29 cm con embalaje minimalista tipo disco que minimiza el uso de plásticos, facilita el manejo y optimiza el almacenamiento.</p>
<p><strong>Calidad:</strong> Producto de origen francés con trazabilidad y control de calidad, que asegura un rendimiento constante y fiable.</p>","","","taxable","","1","8","","0","0","","","","","1","","","198.00","Madera comprimida","","","https://cdn.shopify.com/s/files/1/0764/8503/4036/files/1776-LBlj.webp?v=1779853097","","","","","","","","","0","Leñas Garros Sl"
"simple","madera-densificada-y-resinosa-palet-960-kg","Madera densificada y resinosa Palet 960 kg","1","0","visible","Combustible ultraseco elaborado con una mezcla de maderas frondosas y coníferas, que ofrece un alto poder calorífico de 4,9 kWh/kg y una combustión constante de 1,5 a 2 horas. Su formato compacto y embalaje mínimo lo convierten en una opción limpia, económica y respetuosa con el medio ambiente.","<p>La madera densificada Kali es un combustible limpio, económico y ecológico, diseñado para proporcionar calor constante y un confort estable en el hogar. Con un contenido de humedad inferior al 8 %, es un producto ultraseco que alcanza un poder calorífico de 4,9 kWh/kg, entre 3 y 4 veces superior al de la leña tradicional. Su combustión, con una duración de 1,5 a 2 horas, es eficiente y genera pocas cenizas (&lt; 1,5 %), lo que evita obstrucciones en estufas o chimeneas y reduce la frecuencia de mantenimiento. Fabricada a partir de una mezcla de maderas frondosas y coníferas, por un rendimiento estable y uniforme. Los troncos, de 26 a 29 cm de longitud, presentan un formato práctico que facilita su manejo y almacenamiento. El embalaje es mínimo, con los troncos sujetos únicamente por una brida perimetral, reduciendo significativamente el uso de plástico. Se recomienda almacenar el producto en un lugar interior, protegido de la humedad, para conservar todas sus propiedades.</p>
<p><strong>Características: </strong></p>
<p><strong>Tipo de producto:</strong> madera densificada (combustible ultraseco).</p>
<p><strong>Composición:</strong> mezcla de maderas frondosas y coníferas.</p>
<p><strong>Humedad:</strong> &lt; 8 %.</p>
<p><strong>Poder calorífico:</strong> 4,9 kWh/kg (3–4 veces superior a la leña tradicional).</p>
<p><strong>Duración de la combustión:</strong> 1,5–2 horas de calor constante.</p>
<p><strong>Contenido de cenizas:</strong> &lt; 1,5 % (evita obstrucciones y mantenimiento frecuente).</p>
<p> <strong>Dimensiones de los troncos:</strong> 26–29 cm de longitud.</p>
<p><strong>Embalaje:</strong> mínimo, con brida perimetral (sin plástico innecesario). Almacenamiento recomendado: interior, protegido de la humedad. Perfil: limpio, económico y ecológico. Ventajas principales:</p>
<p><strong>Rendimiento energético excepcional:</strong> Con un poder calorífico de 4,9 kWh/kg, ofrece entre 3 y 4 veces más calor que la leña tradicional, permitiendo un mayor confort con menor consumo.</p>
<p><strong>Combustión eficiente y prolongada:</strong> Su humedad inferior al 8 % por una combustión estable de 1,5 a 2 horas, con calor constante y de alta calidad.</p>
<p><strong>Mínimo mantenimiento:</strong> El bajo contenido de cenizas (&lt; 1,5 %) reduce las obstrucciones y simplifica la limpieza de estufas y chimeneas.</p>
<p><strong>Formato práctico y ecológico:</strong> Troncos de 26–29 cm con embalaje mínimo mediante brida perimetral, que reduce el uso de plásticos y facilita el manejo y almacenamiento.</p>
<p><strong>Versatilidad de composición:</strong> La mezcla de maderas frondosas y coníferas asegura un rendimiento estable y uniforme, adaptándose a diferentes tipos de equipos de calefacción.</p>","","","taxable","","1","8","","0","0","","","","","1","","","190.00","Madera comprimida","","","https://cdn.shopify.com/s/files/1/0764/8503/4036/files/A13-LBlj.jpg?v=1779853055","","","","","","","","","0","Leñas Garros Sl"
"simple","naturpellet-525-kg-35x15","NaturPellet – Palet 525 kg (35×15 kg)","1","0","visible","ellets de madera natural fabricados con madera virgen, sin aditivos ni tratamientos químicos, que ofrecen un calor limpio, seguro y eficiente. Su combustión genera emisiones de CO₂ muy bajas y no produce olores, por un ambiente confortable y ecológico en el hogar.","<p>NaturPellet es un producto de calefacción responsable que proporciona un calor limpio, seguro y eficiente para el hogar. Fabricado exclusivamente con madera virgen, sin aditivos ni tratamientos químicos, cumple con los estándares de sostenibilidad más exigentes. Su combustión se caracteriza por unas emisiones de CO₂ muy bajas, contribuyendo así a reducir los gases nocivos en la atmósfera, y no genera olores, lo que asegura un ambiente interior confortable y respetuoso con la salud. Cuenta con la certificación EN Plus A1, por la calidad y pureza del producto, así como el sello PEFC, que acredita que la madera procede de bosques gestionados de forma sostenible. Este combustible es seguro tanto para las personas como para el medio ambiente, al estar libre de sustancias peligrosas. El formato en palet completo de 525 kg, compuesto por 35 sacos de 15 kg, resulta práctico para el almacenamiento y el uso doméstico.</p>
<p><strong>Características:</strong> Tipo de producto: pellets de madera natural.</p>
<p><strong>Composición:</strong> madera virgen, sin aditivos ni tratamientos químicos.</p>
<p><strong>Certificaciones:</strong> EN Plus A1 (calidad y pureza) y sello PEFC (bosques gestionados sosteniblemente). <strong>Emisiones:</strong> CO₂ muy bajas (mínimo impacto ambiental).</p>
<p><strong>Combustión:</strong> limpia, sin olores.</p>
<p><strong>Seguridad:</strong> libre de sustancias peligrosas, seguro para personas y entorno.</p>
<p><strong>Formato:</strong> palet de 35 sacos de 15 kg.</p>
<p><strong>Peso total:</strong> 525 kg.</p>
<p><strong>Uso recomendado:</strong> calefacción doméstica eficiente y ecológica.</p>
<p><strong>Ventajas principales:</strong></p>
<p><strong>Respeto medioambiental:</strong> Fabricado con madera virgen certificada PEFC y EN Plus A1, por un origen sostenible, nulos aditivos químicos y unas emisiones de CO₂ muy bajas.</p>
<p><strong>Calor limpio y confortable:</strong> La combustión no produce olores ni sustancias nocivas, ofreciendo un ambiente interior saludable, seguro y agradable.</p>
<p><strong>Alta eficiencia energética:</strong> Su alto poder calorífico asegura un rendimiento constante y eficiente, optimizando el consumo y reduciendo los costes de calefacción.</p>
<p><strong>Formato práctico:</strong> Presentado en un palet de 35 sacos de 15 kg (525 kg total), facilita el almacenamiento, la manipulación y la dosificación según las necesidades del hogar.</p>
<p><strong>Seguridad:</strong> Libre de sustancias peligrosas, es un combustible seguro tanto para las personas como para el medio ambiente, cumpliendo con los estándares de sostenibilidad más exigentes.</p>","","","taxable","","1","15","","0","0","","","","","1","","","139.00","Pellets de madera","","","https://cdn.shopify.com/s/files/1/0764/8503/4036/files/81KXNRjNePL-LB-1200x1200lj.jpg?v=1779833634","","","","","","","","","0","NaturPellet"
"simple","d3-lena-de-haya","Palet 1 m³ – Leña de haya","1","0","visible","Leña 100 % haya procedente de bosques gestionados de forma sostenible, con un secado natural superior a 10 meses por un contenido de humedad óptimo y un poder calorífico excepcional. Presentada en tacos de aproximadamente 33 cm, es ideal para estufas, chimeneas, hogares y bar","<p>Nuestra leña de haya proviene de podas controladas en bosques gestionados de manera sostenible, por un producto responsable con el medio ambiente. Completamente seca tras más de 10 meses de secado natural, ofrece una alta durabilidad y un poder calorífico excepcional, proporcionando un rendimiento prolongado y un calor constante y eficiente. Cortada en tacos de aproximadamente 33 cm (con una variación de ±5 cm), se adapta perfectamente a todo tipo de estufas, chimeneas, hogares y barbacoas. Cada palet, con un volumen de 1 m³ (equivalente a aproximadamente 550 kg en peso verde), está paletizado y envuelto en plástico retráctil, lo que facilita el manejo, el almacenamiento y la limpieza. Este formato está diseñado para cubrir un consumo medio-bajo de forma práctica y lista para usar desde el primer momento.</p>
<p><strong>Características:</strong></p>
<p><strong>Tipo de madera:</strong> 100 % haya.</p>
<p><strong>Procedencia:</strong> bosques gestionados de forma sostenible (podas controladas).</p>
<p><strong>Secado:</strong> natural durante más de 10 meses (ultra seca, lista para combustión inmediata). <strong>Formato:</strong> tacos de aproximadamente 33 cm (±5 cm de variación).</p>
<p><strong>Poder calorífico:</strong> excepcional (alta densidad y rendimiento prolongado).</p>
<p><strong>Volumen por palet:</strong> 1 m³ (~550 kg en peso verde).</p>
<p><strong>Presentación:</strong> paletizado con envoltura de plástico retráctil.</p>
<p><strong>Usos recomendados:</strong> estufas, chimeneas, hogares y barbacoas.</p>
<p><strong>Perfil:</strong> producto ecológico, sostenible y seguro para uso doméstico.</p>
<p><strong>Ventajas principales: </strong></p>
<p><strong>Sostenibilidad:</strong> Procedente de podas controladas en bosques gestionados de forma sostenible, esta leña de haya combina respeto medioambiental y calidad superior.</p>
<p><strong>Óptima preparación para su uso:</strong> Más de 10 meses de secado natural por una humedad mínima, lo que permite una combustión inmediata, eficiente y con alto poder calorífico.</p>
<p><strong>Versatilidad de uso:</strong> Los tacos de aproximadamente 33 cm se adaptan fácilmente a estufas, chimeneas, hogares y barbacoas, ofreciendo un calor constante y eficiente tanto para calefacción como para asados.</p>
<p><strong>Formato práctico y limpio:</strong> Presentación en palet retráctil que facilita el manejo, el almacenamiento y la limpieza, diseñado específicamente para cubrir un consumo medio-bajo de forma cómoda.</p>
<p><strong>Alto rendimiento energético:</strong> La densidad natural de la madera de haya y su secado prolongado proporcionan un poder calorífico excepcional, asegurando una combustión prolongada y un calor homogéneo.</p>","","","taxable","","1","18","","0","0","","","","","1","","","190.00","Leña","","","https://cdn.shopify.com/s/files/1/0764/8503/4036/files/Palet-de-1-m-de-lena-de-haya-LBlj.jpg?v=1779833433","","","","","","","","","0","Leñas Garros Sl"
"simple","c3-lena-de-naranjo","Palet 1 m³ – Leña de naranjo","1","0","visible","Leña de naranjo mediterránea procedente de podas controladas, de alta densidad y excelente poder calorífico. Sus tacos de hasta 33 cm ofrecen una combustión limpia y prolongada con una llama alegre y un aroma característico, ideales para asados, cocina y calefacción.","<p>La leña de naranjo mediterránea proviene de podas controladas de cultivos, lo por un combustible sostenible, de alta densidad y durabilidad, con un excelente rendimiento calorífico. Los tacos, cortados a un máximo de 33 cm, son fáciles de manejar y, al estar completamente secos, producen una llama alegre acompañada de un aroma inconfundible que aporta un toque especial tanto a asados como a preparaciones culinarias. Este producto es ideal tanto para calefacción doméstica como para uso gastronómico. Cada palet, con un volumen de 1 m³ y un peso aproximado de 550 kg (medido en corte verde y cargado con pala), se presenta paletizado y envuelto en plástico retráctil, lo que facilita su almacenamiento y transporte de forma limpia y práctica. Su formato está pensado para cubrir un consumo moderado con total comodidad.</p>
<p><strong>Características:</strong></p>
<p><strong>Tipo de madera:</strong> naranjo mediterráneo.</p>
<p><strong>Procedencia:</strong> podas controladas de cultivos.</p>
<p><strong>Densidad:</strong> alta.</p>
<p><strong>Durabilidad:</strong> excelente.</p>
<p><strong>Poder calorífico:</strong> excepcional.</p>
<p><strong>Formato:</strong> tacos cortados a un máximo de 33 cm.</p>
<p><strong>Combustión:</strong> limpia y prolongada, con llama alegre.</p>
<p><strong>Aroma:</strong> característico e inconfundible.</p>
<p><strong>Usos recomendados:</strong> asados, cocina y calefacción doméstica.</p>
<p><strong>Presentación:</strong> paletizado y envuelto en plástico retráctil.</p>
<p><strong>Volumen por palet:</strong> 1 m³.</p>
<p><strong>Peso aproximado:</strong> 550 kg (medido en corte verde y cargado con pala).</p>
<p><strong>Cantidad ideal para:</strong> consumo moderado.</p>
<p><strong>Ventajas principales:</strong></p>
<p><strong>Sostenibilidad y calidad:</strong> Procedente de podas controladas, esta leña combina el respeto por el medio ambiente con una alta densidad y un poder calorífico excepcional.</p>
<p><strong>Aroma y carácter únicos:</strong> Su combustión desprende un aroma inconfundible que realza el sabor de asados y platos de cocina, convirtiéndola en la elección perfecta para usos gastronómicos.</p>
<p><strong>Combustión limpia y prolongada:</strong> Los tacos, completamente secos y de tamaño uniforme (máximo 33 cm), generan una llama alegre y estable con un rendimiento térmico duradero.</p>
<p><strong>Formato práctico y limpio:</strong> Presentación en palet retráctil que facilita el transporte, el almacenamiento sin residuos y la manipulación, ideal para un consumo moderado.</p>
<p><strong>Versatilidad de uso:</strong> Apta tanto para calefacción doméstica como para cocina y asados, ofrece una solución completa para el hogar con un toque mediterráneo distintivo.</p>","","","taxable","","1","14","","0","0","","","","","1","","","170.00","Leña","","","https://cdn.shopify.com/s/files/1/0764/8503/4036/files/LT6media-LBlj.webp?v=1779833294","","","","","","","","","0","Leñas Garros Sl"
"simple","b31-lena-de-roble","Palet 1 m³ – Leña de roble","1","0","visible","Leña 100 % roble de alta densidad y durabilidad máxima, con un poder calorífico excepcional de 4.606 Kcal/kg por un calor intenso y prolongado. Su combustión viva y luminosa crea una atmósfera acogedora, ideal tanto para asados como para sistemas de calefacción de alto rendimiento.","<p>Esta leña de roble ofrece una alta durabilidad y una densidad máxima, por un calor intenso y prolongado para el hogar. Con un poder calorífico excepcional de 4.606 Kcal/kg, proporciona un rendimiento superior y una combustión viva y luminosa que genera llamas abundantes y acogedoras, creando un ambiente cálido y confortable. Cortada en medidas estándar, se adapta fácilmente a estufas, insertos y chimeneas, siendo ideal tanto para asados —gracias a su aroma característico— como para sistemas de calefacción de alto rendimiento. Cada palet contiene aproximadamente 550 kg de leña en corte verde, curada de forma natural durante más de 8 meses para asegurar una mínima humedad, una ignición rápida y una combustión eficiente. Su formato en palet facilita la manipulación y el almacenamiento.</p>
<p><strong>Características:</strong></p>
<p><strong>Tipo de madera:</strong> 100 % roble.</p>
<p><strong>Densidad:</strong> alta (durabilidad máxima).</p>
<p><strong>Poder calorífico:</strong> 4.606 Kcal/kg (calor intenso y prolongado).</p>
<p><strong>Combustión:</strong> viva, luminosa, con llamas abundantes y acogedoras.</p>
<p><strong>Formato:</strong> medidas estándar (adaptable a estufas, insertos y chimeneas).</p>
<p><strong>Secado:</strong> natural durante más de 8 meses.</p>
<p><strong>Humedad:</strong> mínima (ignición rápida y combustión eficiente).</p>
<p><strong>Peso por palet:</strong> aproximadamente 550 kg en corte verde.</p>
<p><strong>Usos recomendados:</strong> asados (aroma característico) y sistemas de calefacción de alto rendimiento. Presentación: paletizado para fácil manipulación y almacenamiento.</p>
<p><strong>Ventajas principales:</strong></p>
<p><strong>Rendimiento calorífico superior:</strong> Con un poder calorífico excepcional de 4.606 Kcal/kg, esta leña de roble ofrece un calor intenso y prolongado que maximiza el confort térmico con un consumo optimizado.</p>
<p><strong>Combustión limpia y acogedora:</strong> Su combustión viva y luminosa genera llamas abundantes que crean una atmósfera cálida y agradable, ideal para disfrutar del fuego en chimeneas o insertos.</p>
<p><strong>Óptima preparación para su uso:</strong> Más de 8 meses de secado natural por una humedad mínima, lo que permite una ignición rápida y una combustión eficiente desde el primer momento.</p>
<p><strong>Versatilidad de aplicaciones:</strong> Gracias a su formato estándar y a su aroma característico, es perfecta tanto para asados como para calefacción doméstica de alto rendimiento en estufas, insertos y chimeneas.</p>
<p><strong>Durabilidad y densidad máximas:</strong> La madera de roble, reconocida por su alta densidad, asegura una larga duración de la combustión y una resistencia excepcional, ofreciendo un producto de calidad superior.</p>","","","taxable","","1","16","","0","0","","","","","1","","","170.00","Leña","","","https://cdn.shopify.com/s/files/1/0764/8503/4036/files/1-LBlj.png?v=1779833015","","","","","","","","","0","Leñas Garros Sl"
"simple","b3-lena-de-roble","Palet 2 m³ – Leña de roble","1","0","visible","Leña 100 % roble de máxima densidad y poder calorífico excepcional de 4.606 kcal, ideal para calefacción de alto rendimiento y barbacoas gourmet. Su combustión viva y luminosa genera llamas abundantes y acogedoras, mientras que su secado natural superior a 8 meses por un producto completamente seco, libre de cortezas y","<p>Nuestra leña de roble ofrece una alta durabilidad y un máximo rendimiento, con un poder calorífico excepcional de 4.606 kcal y una densidad máxima que asegura un calor intenso y prolongado. Genera un fuego intenso y vibrante, con llamas abundantes que crean un ambiente acogedor, siendo ideal tanto para calefacción doméstica de alto rendimiento como para barbacoas gourmet. Cortada en formato universal, se adapta fácilmente a todo tipo de estufas, insertos y chimeneas. Cada palet de 2 m³ (aproximadamente 1.100 kg en estado verde) facilita el almacenamiento y transporte en viviendas con fácil acceso. La leña ha sido secada de manera natural durante más de 8 meses, por un producto completamente seco, libre de cortezas y raíces, con encendido fácil y combustión prolongada y eficiente.</p>
<p><strong>Características:</strong></p>
<p><strong>Tipo de madera:</strong> 100 % roble.</p>
<p><strong>Densidad:</strong> máxima.</p>
<p><strong>Poder calorífico:</strong> 4.606 kcal (calor intenso y prolongado).</p>
<p><strong>Combustión:</strong> viva, luminosa, con llamas abundantes y acogedoras.</p>
<p><strong>Formato:</strong> corte universal (compatible con estufas, insertos y chimeneas).</p>
<p><strong>Secado:</strong> natural durante más de 8 meses.</p>
<p><strong>Presentación:</strong> completamente seco, libre de cortezas y raíces.</p>
<p><strong>Volumen por palet:</strong> 2 m³.</p>
<p><strong>Peso aproximado:</strong> 1.100 kg en corte verde.</p>
<p><strong>Usos recomendados:</strong> calefacción de alto rendimiento y barbacoas gourmet. Facilidad: encendido fácil, combustión prolongada y eficiente.</p>
<p><strong>Ventajas principales:</strong></p>
<p><strong>Rendimiento calorífico excepcional:</strong> Con un poder calorífico de 4.606 kcal y máxima densidad, esta leña de roble proporciona un calor intenso y prolongado, optimizando el consumo y el confort térmico.</p>
<p><strong>Combustión limpia y acogedora:</strong> Su fuego intenso y vibrante genera llamas abundantes que crean una atmósfera cálida y agradable, perfecta tanto para calefacción como para momentos gourmet.</p>
<p><strong>Óptima preparación para el uso:</strong> Más de 8 meses de secado natural por un producto completamente seco, libre de cortezas y raíces, con encendido fácil y combustión prolongada y eficiente.</p>
<p><strong>Formato práctico de gran volumen:</strong> El palet de 2 m³ (~1.100 kg) facilita el almacenamiento y transporte en viviendas con fácil acceso, ofreciendo una solución cómoda para consumos elevados.</p>
<p><strong>Versatilidad de aplicaciones:</strong> Gracias a su corte universal, es compatible con todo tipo de estufas, insertos y chimeneas, siendo igualmente eficaz para calefacción de alto rendimiento y para barbacoas gourmet que requieren un aroma característico y un calor duradero.</p>","","","taxable","","1","16","","0","0","","","","","1","","","250.00","Leña","","","https://cdn.shopify.com/s/files/1/0764/8503/4036/files/palet-lena-suelta-roble-LBlj.jpg?v=1779832912","","","","","","","","","0","Leñas Garros Sl"
"simple","madera-para-estufa","Palet de madera para estufa","1","0","visible","Leña paletizada compuesta por una mezcla premium de maderas duras (roble, olivo y almendro), cortada en troncos de 40 × 20 cm para una compatibilidad total con estufas, insertos y chimeneas. Totalmente seca y sin raíces, ofrece un encendido rápido, una combustión prolongada y un aroma característico ideal para calefacc","<p>Nuestra leña paletizada ofrece una solución práctica, limpia y lista para usar, diseñada para simplificar la calefacción doméstica. Los troncos, de dimensiones 40 × 20 cm, se adaptan perfectamente a estufas, insertos y chimeneas de cualquier modelo. La mezcla está compuesta por maderas duras premium —roble, olivo y almendro— seleccionadas por su alta densidad y su elevado contenido en carbono, lo que garantiza un fuego intenso, prolongado y aromático, ideal tanto para calefacción como para barbacoas. La madera está completamente seca y libre de raíces, lo que permite un encendido rápido y seguro, protegiendo al mismo tiempo su estufa de alto rendimiento y optimizando el calor generado. El formato paletizado facilita el transporte y el almacenamiento limpio y cómodo: solo es necesario retirar la lámina y extraer los troncos necesarios. Disponible en palé de 1 m³ (aproximadamente 500 kg) o 2 m³ (aproximadamente 1000 kg), este producto se entrega listo para uso doméstico, sin necesidad de preparación adicional.</p>
<p> Características:</p>
<p>Tipo de producto: leña paletizada.</p>
<p>Composición: mezcla premium de maderas duras (roble, olivo y almendro).</p>
<p>Dimensiones de los troncos: 40 × 20 cm. </p>
<p>Compatibilidad: estufas, insertos y chimeneas de cualquier modelo. Densidad: alta (maderas seleccionadas por su contenido en carbono).</p>
<p>Combustión: prolongada, intensa y aromática.</p>
<p>Estado: completamente seca, sin raíces.</p>
<p>Encendido: rápido y seguro. Presentación: paletizada (transporte y almacenamiento limpio y cómodo).</p>
<p>Formatos disponibles: palé de 1 m³ (~500 kg) o 2 m³ (~1000 kg). Uso: listo para usar, sin preparación adicional.</p>
<p>Ventajas principales:</p>
<p>Máxima calidad y rendimiento: La combinación de roble, olivo y almendro ofrece una densidad excepcional, un alto poder calorífico y una combustión prolongada con un aroma distintivo que realza tanto la calefacción como las barbacoas.</p>
<p>Compatibilidad universal: Los troncos de 40 × 20 cm se adaptan perfectamente a cualquier modelo de estufa, inserto o chimenea, garantizando una integración sencilla y eficaz.</p>
<p>Encendido fácil y seguro: La madera, completamente seca y libre de raíces, permite una ignición rápida y una combustión estable, protegiendo además los equipos de alto rendimiento al reducir residuos y obstrucciones. </p>
<p>Práctica y limpia: El formato paletizado facilita el transporte, el almacenamiento y la manipulación: basta con retirar la lámina para acceder a los troncos, sin ensuciar ni generar residuos.</p>
<p>Flexibilidad de volumen: Disponible en palés de 1 m³ o 2 m³, se adapta a las necesidades de consumo de cada hogar, ofreciendo una solución cómoda y lista para usar sin preparación adicional.</p>","","","taxable","","1","16","","0","0","","","","","1","","","190.00","Leña","","","https://cdn.shopify.com/s/files/1/0764/8503/4036/files/palet-color-LBlj.png?v=1779832724","","","","","","","","","0","Leñas Garros Sl"
"simple","1-080-kg-72x15-kg-enplus","Pellets Asturias – Palet 1.080 kg (72×15 kg) ENplus","1","0","visible","Pellets de madera fabricados por el primer productor en España con certificación ENplus A1, por la máxima calidad y sostenibilidad. Su riguroso control de producción y materia prima de alta calidad ofrecen un producto más eficiente, con menos residuos y una combustión limpia, estable y segura.","<p>Pellets Asturias es el primer fabricante en España en obtener la certificación ENplus A1, y actualmente cuenta con todas las certificaciones de calidad y sostenibilidad disponibles en el sector. Esta trayectoria avala un producto que supera ampliamente los estándares de calidad, ofreciendo un pellet más eficiente, con menos residuos y mayor rendimiento energético. Fabricado con materia prima de la mejor calidad y bajo un control riguroso del proceso de producción, por una combustión limpia, estable y segura en todo tipo de estufas y calderas. Cada saco incorpora un alto porcentaje de plástico reciclado, lo que contribuye significativamente a la sostenibilidad del envase. El formato en palet consta de 72 sacos de 15 kg, totalizando 1.080 kg, ideal para un consumo doméstico amplio con total comodidad de almacenamiento.</p>
<p><strong>Características:</strong></p>
<p><strong>Tipo de producto:</strong> pellets de madera.</p>
<p><strong>Certificaciones:</strong> ENplus A1 (primer fabricante en España en obtenerla) y todas las certificaciones de calidad y sostenibilidad disponibles.</p>
<p><strong>Calidad:</strong> superior a los estándares del sector. Rendimiento: más eficiente, menos residuos, menor consumo.</p>
<p><strong>Materia prima:</strong> alta calidad.</p>
<p><strong>Proceso:</strong> control riguroso de fabricación.</p>
<p><strong>Combustión:</strong> limpia, estable y segura.</p>
<p><strong>Envase:</strong> saco con alto porcentaje de plástico reciclado (sostenibilidad del embalaje). <strong>Formato:</strong> palet de 72 sacos de 15 kg. Peso total: 1.080 kg.</p>
<p><strong>Ventajas principales:</strong></p>
<p><strong>Máxima calidad certificada:</strong> Ser el primer fabricante español con certificación ENplus A1, sumado a todas las certificaciones de calidad y sostenibilidad existentes, por un producto de excelencia y total fiabilidad.</p>
<p><strong>Rendimiento energético superior:</strong> Diseñado para ser más eficiente, con menos residuos y menor consumo, optimizando el calor generado y reduciendo los costes de calefacción.</p>
<p><strong>Combustión limpia y segura:</strong> La materia prima de alta calidad y el riguroso control del proceso de producción aseguran una combustión estable, limpia y segura, protegiendo los equipos de calefacción y el medio ambiente.</p>
<p><strong>Compromiso con la sostenibilidad:</strong> Además del origen responsable de la madera, el envase incorpora un alto porcentaje de plástico reciclado, minimizando el impacto ambiental del embalaje. </p>
<p><strong>Formato práctico y económico:</strong> El palet de 72 sacos de 15 kg (1.080 kg total) ofrece una solución de almacenamiento cómoda y una autonomía prolongada, adaptada a las necesidades de los hogares con consumo elevado.</p>","","","taxable","","1","17","","0","0","","","","","1","","","198.00","Pellets de madera","","","https://cdn.shopify.com/s/files/1/0764/8503/4036/files/Pellets-Asturias-LB-1lj.jpg?v=1779832582","","","","","","","","","0","Asturias"
"simple","bioforestal-630","Pellets Bioforestal 630 kg","1","0","visible","Pellets de alta gama con un poder calorífico superior y mínima producción de cenizas, ideales para estufas y calderas de biomasa. Su composición 100% natural y su baja humedad por una combustión limpia, eficiente y un mantenimiento reducido.","<p>Estos pellets destacan por sus especificaciones técnicas de alta gama, diseñadas para ofrecer un rendimiento energético constante y superior. Con un poder calorífico de 18,2 MJ/kg y una humedad extremadamente baja del 4,6 %, por un encendido rápido y una combustión limpia. Su diámetro uniforme de 6 mm y una longitud de 3,15 a 40 mm los hacen compatibles con la mayoría de estufas y calderas automáticas de biomasa. Con solo un 0,55 % de cenizas, reducen la necesidad de limpieza y mantenimiento. Además, presentan un 0,3 % de finos, una durabilidad mecánica del 98,3 % y una densidad de 660 kg/m³, lo que asegura su integridad durante el transporte y la manipulación. Están elaborados con un 90 % de madera de pino (Pinus Pinaster y Pinus Radiata) y un 10 % de maderas frondosas, libres de aditivos, químicos o corteza, por un producto 100 % natural y de máxima calidad.</p>
<p><strong>Características:</strong></p>
<p><strong>Alto poder calorífico:</strong> 18,2 MJ/kg</p>
<p><strong>Humedad muy baja:</strong> 4,6 %</p>
<p><strong>Bajo contenido en cenizas:</strong> 0,55 % Diámetro de 6 mm y longitud de 3,15 a 40 mm</p>
<p><strong>Finos:</strong> &lt;0,3 % y durabilidad mecánica: 98,3 %</p>
<p><strong>Alta densidad energética:</strong> 660 kg/m³</p>
<p><strong>Composición:</strong> 90 % pino y 10 % frondosas, sin corteza ni químicos</p>
<p><strong>Formato:</strong> 1/2 palé con 42 sacos de 15 kg (630 kg total)</p>
<p><strong>Ventajas principales:</strong> Máxima eficiencia energética gracias a su alto poder calorífico y baja humedad. Menor mantenimiento debido a la mínima producción de cenizas. Compatibilidad universal con la mayoría de estufas y calderas automáticas. Producto 100 % natural y ecológico, libre de aditivos y corteza. Gran resistencia mecánica que evita roturas durante el transporte y almacenamiento.</p>","","","taxable","","1","18","","0","0","","","","","1","","","129.00","Pellets de madera","","","https://cdn.shopify.com/s/files/1/0764/8503/4036/files/42sacosLDgl.png?v=1779854162","","","","","","","","","0","Bioforestal"
"simple","050-kg-70x15-kg-enplus-a1","Pellets ENAN Bio – Palet 1.050 kg (70×15 kg) ENplus A1","1","0","visible","El formato en palet consta de 70 sacos de 15 kg, totalizando 1.050 kg, ideal para un consumo doméstico amplio con total comodidad de almacenamiento.","<p>Los pellets ENAN Bio representan la máxima calidad en combustibles para calefacción, cumpliendo y superando ampliamente los estándares ENplus A1 y DINPlus. Con más de 11 años de trayectoria, por un contenido de humedad inferior al 6 %, muy por debajo del límite permitido del 10 %, lo que asegura una combustión eficiente y estable. Su durabilidad mecánica alcanza el 99 %, por un manejo y una alimentación óptimos en estufas y calderas sin riesgo de desintegración. El contenido de finos es de solo el 0,2 % y el de cenizas del 0,4 %, lo que proporciona una combustión limpia, reduce el mantenimiento y prolonga la vida útil de los equipos. Su poder calorífico promedio es de 5,1 kWh/kg en base húmeda y 5,4 kWh/kg en base seca, asegurando un calor constante y de alto rendimiento. El formato en palet consta de 70 sacos de 15 kg, totalizando 1.050 kg, ideal para un consumo doméstico amplio con total comodidad de almacenamiento.</p>
<p><strong>Características:</strong></p>
<p><strong>Tipo de producto:</strong> pellets de madera.</p>
<p><strong>Certificaciones:</strong> ENplus A1 y DINPlus (cumplidas y superadas).</p>
<p><strong>Trayectoria:</strong> más de 11 años por calidad superior.</p>
<p><strong>Humedad:</strong> &lt; 6 % (combustión eficiente y estable).</p>
<p><strong>Durabilidad mecánica:</strong> 99 % (manejo y alimentación óptimos).</p>
<p><strong>Contenido de finos:</strong> 0,2 %.</p>
<p><strong>Contenido de cenizas:</strong> 0,4 % (combustión limpia, bajo mantenimiento).</p>
<p><strong>Poder calorífico:</strong> 5,1 kWh/kg (base húmeda) / 5,4 kWh/kg (base seca).</p>
<p><strong>Formato:</strong> palet de 70 sacos de 15 kg.</p>
<p><strong>Peso total:</strong> 1.050 kg.</p>
<p><strong>Ventajas principales:</strong></p>
<p><strong>Calidad superior certificada:</strong> Cumplimiento y superación de las normas ENplus A1 y DINPlus, respaldado por más de 11 años de experiencia, por un producto de excelencia y total fiabilidad.</p>
<p><strong>Rendimiento energético excepcional:</strong> Con un poder calorífico de hasta 5,4 kWh/kg en base seca, proporciona un calor constante y de alto rendimiento, optimizando el consumo y reduciendo los costes de calefacción.</p>
<p><strong>Mínimo mantenimiento:</strong> El contenido de cenizas de solo el 0,4 % y de finos del 0,2 % reducen drásticamente la frecuencia de limpieza de estufas y calderas, facilitando el mantenimiento diario.</p>
<p><strong>Combustión limpia y estable:</strong> La humedad inferior al 6 % y la durabilidad mecánica del 99 % aseguran una alimentación fluida en los equipos y una combustión estable, limpia y eficiente.</p>
<p><strong>Formato práctico y económico:</strong> El palet de 70 sacos de 15 kg (1.050 kg total) ofrece una solución de almacenamiento cómoda y una autonomía prolongada, ideal para hogares que buscan un suministro fiable y de alta calidad.</p>","","","taxable","","1","17","","0","0","","","","","1","","","229.00","Pellets de madera","","","https://cdn.shopify.com/s/files/1/0764/8503/4036/files/ENAN-Bio-LBlj.jpg?v=1779832468","","","","","","","","","0","ENAN Bio"
"simple","medio-palet-630-kg-42x15-kg","Pellets ENplus A1 Premium – Medio Palet 630 kg (42×15 kg)","1","0","visible","Pellets de madera 100 % natural de pino, certificados ENplus A1, por una combustión limpia, eficiente y con bajo contenido de cenizas. Su formato de medio palet de 42 sacos de 15 kg (630 kg total) es ideal para consumo doméstico medio, facilitando el almacenamiento y el transporte.","<p>Medio palet de pellets de madera 100 % natural, certificados ENplus A1, compuesto por 42 sacos de 15 kg que totalizan aproximadamente 630 kg. Fabricados exclusivamente con madera de pino, sin aditivos ni productos químicos, estos pellets ofrecen una combustión limpia, eficiente y con bajo contenido de cenizas, lo que reduce el mantenimiento de estufas y calderas. Su alto poder calorífico por un calor constante y seguro, proporcionando un rendimiento energético óptimo. El formato de medio palet está especialmente diseñado para un consumo doméstico medio, facilitando el almacenamiento en espacios reducidos y simplificando el transporte. La entrega se realiza sobre palet, listo para usar sin necesidad de preparación adicional.</p>
<p><strong>Características:</strong></p>
<p><strong>Tipo de producto:</strong> pellets de madera 100 % natural.</p>
<p><strong>Composición:</strong> madera de pino, sin aditivos ni productos químicos.</p>
<p><strong>Certificación:</strong> ENplus A1 (máxima calidad y pureza).</p>
<p><strong>Formato:</strong> medio palet. <strong>Número de sacos:</strong> 42 sacos de 15 kg.</p>
<p><strong>Peso total:</strong> aproximadamente 630 kg.</p>
<p><strong>Combustión:</strong> limpia, estable, con bajo nivel de cenizas.</p>
<p><strong>Poder calorífico:</strong> alto (calefacción eficiente).</p>
<p><strong>Uso recomendado:</strong> estufas y calderas de pellets.</p>
<p><strong>Presentación:</strong> entrega sobre palet, listo para usar.</p>
<p><strong>Ventajas principales:</strong></p>
<p><strong>Calidad premium certificada:</strong> La certificación ENplus A1 por la máxima calidad, pureza y trazabilidad de los pellets, fabricados con madera de pino 100 % natural sin aditivos.</p>
<p><strong>Combustión limpia y bajo mantenimiento:</strong> El bajo contenido de cenizas y la ausencia de químicos aseguran una combustión limpia y estable, reduciendo la frecuencia de limpieza de estufas y calderas.</p>
<p><strong>Formato práctico para consumo medio:</strong> El medio palet de 42 sacos (630 kg) es la solución ideal para hogares con consumo doméstico medio, ofreciendo una autonomía equilibrada sin ocupar demasiado espacio de almacenamiento.</p>
<p><strong>Alto rendimiento energético:</strong> Su alto poder calorífico por un calor constante y eficiente, optimizando el consumo y reduciendo los costes de calefacción.</p>
<p><strong>F</strong><strong>acilidad de manejo:</strong> La entrega sobre palet y el formato de sacos de 15 kg facilitan el transporte, el almacenamiento y la manipulación diaria, con el producto listo para usar desde el primer momento.</p>","","","taxable","","1","13","","0","0","","","","","1","","","138.00","Pellets de madera","","","https://cdn.shopify.com/s/files/1/0764/8503/4036/files/MEDIO-PALET-PELLET-ONLINE-LBlj.png?v=1779832291","","","","","","","","","0","Medio"
"simple","155-kg-77x15-kg-enplus-a1","Pellets GME Energy – Palet 1.155 kg (77×15 kg) ENplus A1","1","0","visible","Pellets de madera 100 % pino natural, certificados ENplus A1, que por una combustión limpia, eficiente y sin emisiones nocivas. Su baja humedad, alta densidad y durabilidad mecánica superior al 97,5 % los hacen compatibles con estufas, calderas y hornos para aplicaciones térmicas.","<p>El pellet de madera certificado ENplus A1 de GME Energy es un combustible ecológico de alta calidad, elaborado 100 % con pino natural y sin aditivos. Está diseñado para aplicaciones térmicas como producción de calor, agua caliente sanitaria, vapor o generación de energía, siendo compatible con estufas, calderas y hornos adecuados. Su combustión es limpia y eficiente, sin emisiones nocivas, gracias a sus características técnicas controladas: Humedad inferior al 10 %, contenido de cenizas menor al 0,7 %, densidad superior a 600 kg/m³, durabilidad mecánica mayor al 97,5 % y contenido de finos inferior al 1 %. Su diámetro uniforme de 6 mm asegura una alimentación óptima en los equipos de calefacción. Con un poder calorífico superior a 4.100 Kcal/kg, ofrece un alto rendimiento energético. Se recomienda almacenar en lugares secos a temperaturas inferiores a 40 °C y mantener los sistemas de combustión en buen estado para un rendimiento óptimo. El formato en palet consta de 77 sacos de 15 kg, totalizando 1.155 kg.</p>
<p><strong>Características:</strong></p>
<p><strong>Tipo de producto:</strong> pellets de madera 100 % pino natural.</p>
<p><strong>Aditivos:</strong> sin aditivos.</p>
<p><strong>Certificación:</strong> ENplus A1 (seguridad y eficiencia).</p>
<p><strong>Humedad:</strong> &lt; 10 %.</p>
<p><strong>Contenido de cenizas:</strong> &lt; 0,7 %.</p>
<p><strong>Emisiones:</strong> mínimas.</p>
<p><strong>Diámetro:</strong> 6 mm (uniforme, compatible con estufas, calderas y hornos).</p>
<p><strong>Densidad:</strong> &gt; 600 kg/m³ (combustión prolongada y estable).</p>
<p><strong>Durabilidad mecánica:</strong> &gt; 97,5 % (alta resistencia al manejo y transporte).</p>
<p><strong>Contenido de finos:</strong> &lt; 1 % (menor generación de polvo y residuos).</p>
<p><strong>Poder calorífico:</strong> &gt; 4.100 Kcal/kg (alto rendimiento energético).</p>
<p><strong>Formato:</strong> palet de 77 sacos de 15 kg. Peso total: 1.155 kg.</p>
<p><strong>Almacenamiento recomendado:</strong> lugares secos, temperatura &lt; 40 °C.</p>
<p><strong>Ventajas principales:</strong></p>
<p><strong>Calidad certificada ENplus A1:</strong> La certificación más exigente del sector por un producto de máxima calidad, pureza y trazabilidad, elaborado 100 % con pino natural sin aditivos.</p>
<p><strong>Combustión limpia y ecológica:</strong> Las bajas emisiones, el reducido contenido de cenizas (&lt;0,7 %) y la ausencia de productos químicos aseguran una combustión limpia, segura y respetuosa con el medio ambiente.</p>
<p><strong>Rendimiento energético superior:</strong> Con un poder calorífico superior a 4.100 Kcal/kg y una alta densidad (&gt;600 kg/m³), proporciona un calor constante y eficiente, optimizando el consumo energético.</p>
<p><strong>Manejo y almacenamiento óptimos:</strong> La alta durabilidad mecánica (&gt;97,5 %) y el bajo contenido de finos (&lt;1 %) por una excelente resistencia al transporte y manipulación, reduciendo la generación de polvo y residuos.</p>
<p><strong>Compatibilidad universal:</strong> Su diámetro uniforme de 6 mm y sus características técnicas lo hacen compatible con estufas, calderas y hornos de pellets, adaptándose a diversas aplicaciones térmicas domésticas e industriales.</p>
<p><strong>Formato práctico:</strong> El palet de 77 sacos de 15 kg (1.155 kg total) ofrece una solución de almacenamiento cómoda y una autonomía prolongada para hogares con consumo elevado.</p>","","","taxable","","1","13","","0","0","","","","","1","","","238.00","Pellets de madera","","","https://cdn.shopify.com/s/files/1/0764/8503/4036/files/Pellets-GME-Energy-Palet-de-77-sacos-de-15-kg-LBlj.webp?v=1779832234","","","","","","","","","0","GME Energy"
"simple","palet-750-kg-50x15-kg","Pellets Limouzi – Palet 750 kg (50×15 kg)","1","0","visible","Pellets de alta calidad fabricados con materia prima fresca y constante del propio aserradero, con certificación PEFC y DIN Plus. Su bajo contenido de humedad (&lt;8 %) y alto poder calorífico (4,6–5 kWh/kg) por una combustión lenta, limpia y eficiente, compatible con estufas, insertables y calderas.","<p>Los pellets LIMOUZI destacan por su alta calidad, fabricados a partir de materia prima fresca y constante procedente de su propio aserradero, lo que por un control absoluto sobre la cadena de producción. Con un bajo contenido de humedad inferior al 8 %, ofrecen una combustión lenta y eficiente, sin riesgo de obstruir estufas, insertables ni calderas. Su poder calorífico se sitúa entre 4,6 y 5 kWh/kg, asegurando un calor constante y un menor consumo energético. Proceden de bosques gestionados de manera sostenible, con certificación PEFC, y son 100 % naturales, sin aditivos químicos. La producción está sometida a controles de calidad rigurosos en toda la cadena: secado, prensado, cribado y trazabilidad del producto, con pruebas diarias en laboratorio. Se presentan en bolsas prácticas de polietileno reciclable, resistentes y fáciles de transportar. El formato en palet consta de 50 sacos de 15 kg, totalizando 750 kg.</p>
<p><strong>Características: </strong></p>
<p><strong>Tipo de producto:</strong> pellets de madera 100 % naturales.</p>
<p><strong>Materia prima:</strong> fresca y constante, procedente del propio aserradero.</p>
<p><strong>Humedad:</strong> &lt; 8 % (combustión limpia y estable).</p>
<p><strong>Poder calorífico:</strong> 4,6–5 kWh/kg (menor consumo, calor prolongado).</p>
<p><strong>Certificaciones:</strong> PEFC (gestión forestal sostenible) y DIN Plus.</p>
<p><strong>Composición:</strong> sin aditivos químicos.</p>
<p><strong>Control de calidad:</strong> riguroso en toda la cadena (secado, prensado, cribado, trazabilidad) con pruebas diarias en laboratorio.</p>
<p><strong>Envase:</strong> bolsas de polietileno reciclable, resistentes y fáciles de transportar.</p>
<p><strong>Formato:</strong> palet de 50 sacos de 15 kg. Peso total: 750 kg.</p>
<p><strong>Compatibilidad:</strong> estufas, insertables y calderas de pellets.</p>
<p><strong>Ventajas principales:</strong></p>
<p><strong>Calidad superior:</strong> La procedencia de la materia prima del propio aserradero, junto con los rigurosos controles de calidad en toda la cadena de producción y las pruebas diarias en laboratorio, aseguran un producto constante y de excelencia.</p>
<p><strong>Rendimiento energético óptimo:</strong> Con un poder calorífico de 4,6–5 kWh/kg y una humedad inferior al 8 %, proporcionan un calor constante y prolongado con un menor consumo, maximizando la eficiencia.</p>
<p><strong>Combustión limpia y sin obstrucciones:</strong> La baja humedad y la ausencia de aditivos químicos por una combustión lenta y eficiente, evitando la acumulación de residuos en estufas, insertables y calderas.</p>
<p><strong>Sostenibilidad certificada:</strong> La certificación PEFC acredita que la madera procede de bosques gestionados de manera sostenible, mientras que el envase en polietileno reciclable refuerza el compromiso con el medio ambiente.</p>
<p><strong>Formato práctico y resistente:</strong> Las bolsas de polietileno reciclable son resistentes y fáciles de transportar, y el palet de 50 sacos de 15 kg (750 kg total) ofrece una solución de almacenamiento cómoda para un consumo doméstico equilibrado.</p>","","","taxable","","1","16","","0","0","","","","","1","","","140.00","Pellets de madera","","","https://cdn.shopify.com/s/files/1/0764/8503/4036/files/A-22-LBlj.jpg?v=1779832091","","","","","","","","","0","Limouzi"
"simple","palet-1-155-kg-77x15-kg","Pellets Premium Galpellet – Palet 1.155 kg (77×15 kg)","1","0","visible","Pellets 100% naturales, libres de aditivos y productos químicos, que ofrecen un alto poder calorífico y una baja producción de cenizas. Ideales para cualquier sistema de calefacción de pellets, proporcionan un calor constante, eficiente y limpio.","<p>Los pellets Galpellet están elaborados al 100 % con madera de pino natural, sin aditivos ni productos químicos, lo que los convierte en un combustible ecológico y de alta calidad. Su alto poder calorífico y su baja producción de cenizas los hacen ideales para cualquier sistema de calefacción a pellets, un calor constante, eficiente y limpio con un mantenimiento reducido de estufas y calderas. Este producto está pensado para ofrecer comodidad y rendimiento en el hogar, proporcionando una solución de calefacción sostenible y fiable. El formato en palet consta de 77 sacos de 15 kg, totalizando 1.155 kg. <strong></strong></p>
<p><strong>Características:</strong></p>
<p><strong>Tipo de producto:</strong> pellets de madera 100 % pino natural.</p>
<p><strong>Composición:</strong> sin aditivos ni productos químicos.</p>
<p><strong>Poder calorífico:</strong> alto (máxima eficiencia en la combustión).</p>
<p><strong>Producción de cenizas:</strong> baja (menor mantenimiento de estufas y calderas). Alto poder calorífico (combustión óptima). Baja producción de cenizas (menor mantenimiento de estufas y calderas).</p>
<p><strong>Compatibilidad:</strong> cualquier sistema de calefacción a pellets.</p>
<p><strong>Perfil:</strong> producto ecológico y sostenible.</p>
<p><strong>Formato:</strong> palet de 77 sacos de 15 kg.</p>
<p><strong>Peso total:</strong> 1.155 kg.</p>
<p><strong>Ventajas principales:</strong></p>
<p><strong>Calidad premium y origen natural:</strong> Elaborados 100 % con madera de pino natural, sin aditivos ni químicos, por un combustible puro, ecológico y de alto rendimiento.</p>
<p><strong>Rendimiento energético superior:</strong> Su alto poder calorífico asegura un calor constante y eficiente, optimizando el consumo y reduciendo los costes de calefacción. </p>
<p><strong>Mínimo mantenimiento:</strong> La baja producción de cenizas facilita la limpieza y prolonga la vida útil de estufas y calderas, ofreciendo una experiencia de uso cómoda y sin preocupaciones.</p>
<p><strong>Compatibilidad universal:</strong> Adaptable a cualquier sistema de calefacción a pellets, proporcionando versatilidad y facilidad de uso en todo tipo de hogares. <strong> Comodidad logística y económica:</strong> El palé de 77 sacos de 15 kg (1.155 kg en total) ofrece una excelente autonomía.</p>","","","taxable","","1","12","","0","0","","","","","1","","","219.00","Pellets de madera","","","https://cdn.shopify.com/s/files/1/0764/8503/4036/files/Pellets-Premium-Galpellet-Palet-de-77-sacos-de-15-kg-LBlj.webp?v=1779831810","","","","","","","","","0","Galpellet"
