id,title,description,availability,price,link,image_link,google_product_category,product_type,brand,gtin,condition,sale_price,meta_description
PROD-0001,Pellets de chêne ENplus A1 - 960kg avec livraison offerte,"Avantages principaux :
• Livraison pratique en palette avec sacs de 15kg",in stock,205.00 EUR,https://chiemgaupelletsgmbh.de/produkt/prod-0001/,https://lhagrarservicegmbh.de/wp-content/uploads/2026/05/Design-sans-titre-2.jpg,Furniture > Heating > Heating Fuels,Holzpellets,Chiemgau Pellets GmbH,,new,,Pellets de bois ENplus A1 certifiés 960kg. Découvrez notre offre de pellets de chauffage de qualité.
PROD-0002,Granulés German Flames 6mm ENplus A1 - Qualité supérieure,"Avantages principaux :
• Puissance calorifique élevée pour un chauffage efficace",in stock,219.00 EUR,https://chiemgaupelletsgmbh.de/produkt/prod-0002/,https://lhagrarservicegmbh.de/wp-content/uploads/2026/05/lh-1.jpg,Furniture > Heating > Heating Fuels,Holzpellets,Chiemgau Pellets GmbH,,new,,Pellets de bois ENplus A1 certifiés. Découvrez notre offre de pellets de chauffage de qualité.
PROD-0003,Pellets GREENSTICKS - 990kg en sacs pratiques,"Avantages principaux :
• Certification ENplus A1 garantissant une qualité premium",in stock,249.00 EUR,https://chiemgaupelletsgmbh.de/produkt/prod-0003/,https://lhagrarservicegmbh.de/wp-content/uploads/2026/05/lh-2.jpg,Furniture > Heating > Heating Fuels,Holzpellets,Chiemgau Pellets GmbH,,new,,Pellets de bois 990kg qualité supérieure. Découvrez notre offre de pellets de chauffage de qualité.
PROD-0004,Pellets HEIZFUXX GREY - 6mm bois tendre ENplus A2,"Ils offrent une excellente performance énergétique. La combustion est propre et efficace. \n \n \n Schnelle Zündung & Zuverlässigkeit: Weichholzqualität ermöglicht schnelles Anbrennen und eine störungsfreie Beschickung dank hoher Festigkeit und Formstabilität Ils sont certifiés selon les normes les plus strictes du marché. \n \n \n Praktische Handhabung: Bequem in 15-kg-Säcken zu transportieren, zu lagern und zu dosieren Ces granulés sont fabriqués à partir de bois de qualité supérieure. Mit einem Durchmesser von 6 mm und der Zertifizierung nach ENplus A2 erfüllen sie höchste Qualitätsstandards für Pelletöfen, Zentralheizungen und gewerbliche Heizsysteme Ces Pellets zeichnen sich durch eine sehr hohe Abriebfestigkeit aus, was Feinanteile reduziert und eine zuverlässige Funktion Ihrer Heizanlage sicherstellt Naturfarben, frei von Schadstoffen und in praktischen 15-kg-Säcken verpackt, bieten sie eine saubere, effiziente und benutzerfreundliche Heizlösung für Haushalt und Gewerbe",in stock,212.00 EUR,https://chiemgaupelletsgmbh.de/produkt/prod-0004/,https://lhagrarservicegmbh.de/wp-content/uploads/2026/05/lh-3.jpg,Furniture > Heating > Heating Fuels,Holzpellets,Chiemgau Pellets GmbH,,new,,Pellets de bois ENplus A1 certifiés chauffage efficace combustion propre. Découvrez notre offre de pellets de chauffage de qualité.
PROD-0005,Granulés Hoyer ENplus A1 - Palette 990kg,"Avantages principaux :
• Puissance calorifique élevée pour un chauffage efficace",in stock,219.00 EUR,https://chiemgaupelletsgmbh.de/produkt/prod-0005/,https://lhagrarservicegmbh.de/wp-content/uploads/2026/05/lh-4.jpg,Furniture > Heating > Heating Fuels,Holzpellets,Chiemgau Pellets GmbH,,new,,Pellets de bois ENplus A1 certifiés 990kg. Découvrez notre offre de pellets de chauffage de qualité.
PROD-0006,Pellets PELLINI ENplus A1 - 66 sacs de 15kg,"Avantages principaux :
• Certification ENplus A1 garantissant une qualité premium",in stock,209.00 EUR,https://chiemgaupelletsgmbh.de/produkt/prod-0006/,https://lhagrarservicegmbh.de/wp-content/uploads/2026/05/lh-5.jpg,Furniture > Heating > Heating Fuels,Holzpellets,Chiemgau Pellets GmbH,,new,,Pellets de bois ENplus A1 certifiés 15kg qualité supérieure. Découvrez notre offre de pellets de chauffage de qualité.
PROD-0007,Granulés Pfeifer Premium - Palette 70 sacs,"Avantages principaux :
• Certification ENplus A1 garantissant une qualité premium",in stock,230.00 EUR,https://chiemgaupelletsgmbh.de/produkt/prod-0007/,https://lhagrarservicegmbh.de/wp-content/uploads/2026/05/lh-6.jpg,Furniture > Heating > Heating Fuels,Holzpellets,Chiemgau Pellets GmbH,,new,,Pellets de bois qualité supérieure. Découvrez notre offre de pellets de chauffage de qualité.
