"Handle","Title","Body (HTML)","Vendor","Product Category","Type","Tags","Published","Option1 Name","Option1 Value","Option2 Name","Option2 Value","Option3 Name","Option3 Value","Variant SKU","Variant Grams","Variant Inventory Tracker","Variant Inventory Qty","Variant Inventory Policy","Variant Fulfillment Service","Variant Price","Variant Compare At Price","Variant Requires Shipping","Variant Taxable","Variant Barcode","Image Src","Image Position","Image Alt Text","Gift Card","SEO Title","SEO Description","Google Shopping / Google Product Category","Google Shopping / Gender","Google Shopping / Age Group","Google Shopping / MPN","Google Shopping / Condition","Google Shopping / Custom Product","Variant Image","Variant Weight Unit","Cost per item","Status"
"hartholzbriketts-buche-eiche-rund-im-karton-960kg","Hartholzbriketts Buche – Eiche rund im Karton , 960kg","<div class=""wc-tab-inner wd-scroll-content"">
 

<div class=""content--title"">„Hartholzbriketts Buche/Eiche rund im Karton – 960kg-Palette“</div>
<div class=""product--description"">

<p><span data-mce-mark=""1"">Diese Holzbriketts sind der <strong>Allrounder</strong> in unserem Holzbrikettangebot. Gepresst aus <strong>100% naturbelassenem</strong>, zusatzstoffreien Holz sind sie auf Grund ihrer Form und Größe für <strong>jeden</strong> <strong>Ofen</strong> verwendbar. Die Brenndauer ist im Vergleich zu eckigen Holzbriketts länger, was sie zu ausgezeichneten <strong>Gluthaltern</strong> macht. Die Lieferung erfolgt via Spedition frei Bordsteinkante. Falls Sie kleinere Mengen benötigen, sind diese Hartholzbriketts auch im <strong>praktischen 30kg-Karton</strong> erhältlich.</span></p>
<p><span data-mce-mark=""1""><strong>Überblick:</strong></span></p>
<ul>
<li>Naturbelassene, zusatzstofffreie Holzspäne, in Brikettierpressen unter hohem Druck in Form gepresst</li>
<li>Kontrolliertes und besonders langsames Abbrennen</li>
<li>Hoher Heizwert</li>
<li>Praktische Lagerung</li>
<li>Lieferung frei Bordsteinkante</li>
<li>Ebenfalls in praktischen <strong>30kg-Kartons </strong>verfügbar</li>
<li>Auch Selbstabholung möglich</li>
</ul>
<p><strong>Details:</strong></p>
<ul>
<li>Holzart: Buche / Eiche</li>
<li>Form: Rund</li>
<li>Länge: ca. 26 cm</li>
<li>Durchmesser: ca. 7 cm</li>
<li>Brennwert: ca. 5 kWh/kg</li>
<li>Restfeuchtigkeit: ca. 7-10%</li>
<li>Abbildungen ähnlich</li>
</ul>
</div>
<p>Länge: 120 cm<br>
Breite: 80 cm<br>
Höhe: 140 cm<br>
Gewicht (ca.): 960 kg</p>
 </div>","Chiemgau Pellets GmbH","","Holzbrikett","","TRUE","Title","Default Title","","","","","WC-70","","shopify","27","deny","manual","215.00","","TRUE","TRUE","","https://chiemgaupelletsgmbh.de/wp-content/uploads/2026/03/01.jpg","1","Hartholzbriketts Buche – Eiche rund im Karton , 960kg","FALSE","Hartholzbriketts Buche – Eiche rund im Karton , 960kg","„Hartholzbriketts Buche/Eiche rund im Karton – 960kg-Palette“ Diese Holzbriketts sind der Allrounder in unserem Holzbrikettangebot. Gepresst aus 100% naturbelassenem , zusatzstoffreien Holz sind sie auf Grund ihrer Form und Größe für jeden Ofen verwendbar. Die Brenndauer ist im Vergleich zu eckigen Holzbriketts länger,","","","","WC-70","new","TRUE","https://chiemgaupelletsgmbh.de/wp-content/uploads/2026/03/01.jpg","kg","","active"
"buchenholzbriketts-ruf-960kg","Buchenholzbriketts -RUF/960kg","<div class=""wc-tab-inner wd-scroll-content"">
 

<p>Die Buchenholzbriketts bestehen ausschließlich aus sehr feinen Bestandteilen (Sägemehl und Sägestaub).</p>
<p>Aufgrund des ausgesuchtem Materials und wegen der hohen Kompression (300 – 400 bar), sind die Buchenholzbriketts ein sehr sauberes, kompaktes und universell einsetzbares Produkt. Die Verbrennung erfolgt recht gleichmäßig und ruhig. Das Brikett verhält sich dabei recht starr. Es behält sehr schön die Form und glüht langsam und gleichmäßig durch. Sollten Sie nach etwa 1 Stunde Flammdauer das Flammbild vermissen, dann legen Sie einfach ein neues Brikett, etwas Holz oder ein paar Stückchen Nadelholzbriketts nach. Die Buchenholzbriketts sorgen für die Glutdauer.</p>
<p>Die Holzbriketts sind zertifiziert nach DINplus (DIN EN ISO 17225-3).</p>
 </div>","Chiemgau Pellets GmbH","","Holzbrikett","","TRUE","Title","Default Title","","","","","WC-71","","shopify","29","deny","manual","210.00","","TRUE","TRUE","","https://chiemgaupelletsgmbh.de/wp-content/uploads/2026/03/DV.jpg","1","Buchenholzbriketts -RUF/960kg","FALSE","Buchenholzbriketts -RUF/960kg","Die Buchenholzbriketts bestehen ausschließlich aus sehr feinen Bestandteilen (Sägemehl und Sägestaub). Aufgrund des ausgesuchtem Materials und wegen der hohen Kompression (300 – 400 bar), sind die Buchenholzbriketts ein sehr sauberes, kompaktes und universell einsetzbares Produkt. Die Verbrennung erfolgt recht gleichmä","","","","WC-71","new","TRUE","https://chiemgaupelletsgmbh.de/wp-content/uploads/2026/03/DV.jpg","kg","","active"
"1-palette-holzpellets-red-975-kg","1 Palette – Holzpellets Red , 975 kg","<div class=""wc-tab-inner wd-scroll-content"">
 

<ul>
<li>Sortenreines Hartholz ohne chemische Bindemittel</li>
<li>Hergestellt aus nachwachsenden Holzbestand</li>
<li>FSC®-zertifiziert</li>
<li>CO2-neutral</li>
<li>Schnell anzündbar</li>
<li>Hoher Heizwert</li>
<li>Geringer Ascheanteil</li>
<li>Saubere und staubfreie Aufbewahrung</li>
<li>Bequemes Einfüllen in die Heizungsanlage je nach Bedarf</li>
<li>Einsatz in Pelletanlagen und Pelletöfen</li>
</ul>
<table class=""product--properties-table"">
<tbody>
<tr class=""product--properties-row"">
<td class=""is--bold"">Holzpellets Red</td>
</tr>
<tr class=""product--properties-row"">
<td class=""product--properties-label"">Zertifikat</td>
<td class=""product--properties-value"">FSC®-zertifiziert</td>
</tr>
<tr class=""product--properties-row"">
<td class=""product--properties-label"">Techn. Norm</td>
<td class=""product--properties-value"">DIN EN ISO 17225-2, Klasse A1</td>
</tr>
<tr class=""product--properties-row"">
<td class=""product--properties-label"">Holzart</td>
<td class=""product--properties-value"">Hartholz</td>
</tr>
<tr class=""product--properties-row"">
<td class=""product--properties-label"">Produktion</td>
<td class=""product--properties-value"">Europa</td>
</tr>
<tr class=""product--properties-row"">
<td class=""product--properties-label"">Farbe</td>
<td class=""product--properties-value"">Beige / Natur</td>
</tr>
<tr class=""product--properties-row"">
<td class=""product--properties-label"">Länge (mm)</td>
<td class=""product--properties-value"">3,15 – 40</td>
</tr>
<tr class=""product--properties-row"">
<td class=""product--properties-label"">Durchmesser (mm)</td>
<td class=""product--properties-value"">6 (± 1)</td>
</tr>
<tr class=""product--properties-row"">
<td class=""product--properties-label"">Heizwert (MJ/kg)</td>
<td class=""product--properties-value"">≥ 18,0</td>
</tr>
<tr class=""product--properties-row"">
<td class=""product--properties-label"">Heizwert (kWh/kg)</td>
<td class=""product--properties-value"">≥ 5,0</td>
</tr>
<tr class=""product--properties-row"">
<td class=""product--properties-label"">Aschegehalt (%)</td>
<td class=""product--properties-value"">≤ 0,6</td>
</tr>
<tr class=""product--properties-row"">
<td class=""product--properties-label"">Ascheerweichungstemperatur (°C)</td>
<td class=""product--properties-value"">≥ 1.200</td>
</tr>
<tr class=""product--properties-row"">
<td class=""product--properties-label"">Festigkeit (%)</td>
<td class=""product--properties-value"">≥ 99</td>
</tr>
<tr class=""product--properties-row"">
<td class=""product--properties-label"">Feinanteil (%)</td>
<td class=""product--properties-value"">≤ 0,5</td>
</tr>
<tr class=""product--properties-row"">
<td class=""product--properties-label"">Schüttdichte (kg/m³)</td>
<td class=""product--properties-value"">650</td>
</tr>
<tr class=""product--properties-row"">
<td class=""product--properties-label"">Wassergehalt (%)</td>
<td class=""product--properties-value"">≤ 7,0</td>
</tr>
<tr class=""product--properties-row"">
<td class=""product--properties-label"">Gewicht</td>
<td class=""product--properties-value"">975 kg</td>
</tr>
</tbody>
</table>
 </div>","Chiemgau Pellets GmbH","","Holzpellets","","TRUE","Title","Default Title","","","","","WC-72","","shopify","27","deny","manual","231.99","","TRUE","TRUE","","https://chiemgaupelletsgmbh.de/wp-content/uploads/2026/03/55555555ddd.jpg","1","1 Palette – Holzpellets Red , 975 kg","FALSE","1 Palette – Holzpellets Red , 975 kg","Sortenreines Hartholz ohne chemische Bindemittel Hergestellt aus nachwachsenden Holzbestand FSC®-zertifiziert CO2-neutral Schnell anzündbar Hoher Heizwert Geringer Ascheanteil Saubere und staubfreie Aufbewahrung Bequemes Einfüllen in die Heizungsanlage je nach Bedarf Einsatz in Pelletanlagen und Pelletöfen Holzpellets ","","","","WC-72","new","TRUE","https://chiemgaupelletsgmbh.de/wp-content/uploads/2026/03/55555555ddd.jpg","kg","","active"
"fidipell-pellets-enplus-a1-15-kg-65-sacke-975-kg","Fidipell Pellets ENplus A1 15 kg 65 Säcke, 975 kg","<div class=""wc-tab-inner wd-scroll-content"">
 

<p><strong>Fidipell Pellets ENplus A1 à 15 kg 65 Säcke</strong></p>
<p>Fidipell Premium Holzpellets sind nach ENplus A1 zertifiziert. Fidipell-Pellets werden in Deutschland hergestellt. Sehr <strong>hoher Heizwert von 4,9 KwH/Kg</strong>.</p>
<p>Unsere Premium-Holzpellets sind nach ENplus A1 zertifiziert und garantieren dank bester Qualitätskriterien einen störungsfreien Betrieb der Heizungsanlage.</p>
<table class=""woocommerce-product-attributes shop_attributes"">
<tbody>
<tr class=""woocommerce-product-attributes-item woocommerce-product-attributes-item--attribute_material"">
<th class=""woocommerce-product-attributes-item__label"">Material</th>
<td class=""woocommerce-product-attributes-item__value"">Weichholz</td>
</tr>
<tr class=""woocommerce-product-attributes-item woocommerce-product-attributes-item--attribute_certificering"">
<th class=""woocommerce-product-attributes-item__label"">Certificering</th>
<td class=""woocommerce-product-attributes-item__value"">ENplus A1</td>
</tr>
<tr class=""woocommerce-product-attributes-item woocommerce-product-attributes-item--attribute_verpackung"">
<th class=""woocommerce-product-attributes-item__label"">Verpackung</th>
<td class=""woocommerce-product-attributes-item__value"">120 x 85 x 100 cm</td>
</tr>
<tr class=""woocommerce-product-attributes-item woocommerce-product-attributes-item--attribute_restfeuchte"">
<th class=""woocommerce-product-attributes-item__label"">Restfeuchte</th>
<td class=""woocommerce-product-attributes-item__value"">&lt; 10%</td>
</tr>
<tr class=""woocommerce-product-attributes-item woocommerce-product-attributes-item--attribute_scheitl%c3%a4nge"">
<th class=""woocommerce-product-attributes-item__label"">Scheitlänge</th>
<td class=""woocommerce-product-attributes-item__value"">Ca 11mm</td>
</tr>
<tr class=""woocommerce-product-attributes-item woocommerce-product-attributes-item--attribute_abschnitt"">
<th class=""woocommerce-product-attributes-item__label"">Abschnitt</th>
<td class=""woocommerce-product-attributes-item__value"">6mm</td>
</tr>
<tr class=""woocommerce-product-attributes-item woocommerce-product-attributes-item--attribute_inhalt"">
<th class=""woocommerce-product-attributes-item__label"">Inhalt</th>
<td class=""woocommerce-product-attributes-item__value"">65 Säcke à 15kg</td>
</tr>
<tr class=""woocommerce-product-attributes-item woocommerce-product-attributes-item--attribute_gewicht"">
<th class=""woocommerce-product-attributes-item__label"">Gewicht</th>
<td class=""woocommerce-product-attributes-item__value"">975kg</td>
</tr>
</tbody>
</table>
 </div>","Chiemgau Pellets GmbH","","Holzpellets","","TRUE","Title","Default Title","","","","","WC-73","","shopify","21","deny","manual","220.00","","TRUE","TRUE","","https://chiemgaupelletsgmbh.de/wp-content/uploads/2026/03/MSDDDDDDDDDDD.jpg","1","Fidipell Pellets ENplus A1 15 kg 65 Säcke, 975 kg","FALSE","Fidipell Pellets ENplus A1 15 kg 65 Säcke, 975 kg","Fidipell Pellets ENplus A1 à 15 kg 65 Säcke Fidipell Premium Holzpellets sind nach ENplus A1 zertifiziert. Fidipell-Pellets werden in Deutschland hergestellt. Sehr hoher Heizwert von 4,9 KwH/Kg . Unsere Premium-Holzpellets sind nach ENplus A1 zertifiziert und garantieren dank bester Qualitätskriterien einen störungsfre","","","","WC-73","new","TRUE","https://chiemgaupelletsgmbh.de/wp-content/uploads/2026/03/MSDDDDDDDDDDD.jpg","kg","","active"
"holzbriketts-ruf-weichholz-duplex-1-palette-960-kg","Holzbriketts RUF Weichholz Duplex / 1 Palette, 960 kg","<div class=""wc-tab-inner wd-scroll-content"">
 

<ul>
<li>Reines Holz aus deutschem Sägewerk</li>
<li>Besonders hoher Heizwert mit langer Glimmdauer</li>
<li>Verbesserte Luftzirkulation durch “Knochen – Form”</li>
<li>Geringer Wassergehalt sorgt für schnelles Anzünden</li>
<li>Nach dem Abbrand viel weniger Asche als bei normalem Brennholz</li>
<li>Sauber verpackt und sofort einsetzbar</li>
</ul>
<table class=""product--properties-table"">
<tbody>
<tr class=""product--properties-row"">
<td class=""is--bold"">Holzbriketts RUF Weichholz Duplex</td>
</tr>
<tr class=""product--properties-row"">
<td class=""product--properties-label"">Holzart</td>
<td class=""product--properties-value"">Weichholz</td>
</tr>
<tr class=""product--properties-row"">
<td class=""product--properties-label"">Pressform</td>
<td class=""product--properties-value"">RUF</td>
</tr>
<tr class=""product--properties-row"">
<td class=""product--properties-label"">Brikett</td>
<td class=""product--properties-value"">Typ 7</td>
</tr>
<tr class=""product--properties-row"">
<td class=""product--properties-label"">Heizwert (MJ/kg)</td>
<td class=""product--properties-value"">≥ 17,0</td>
</tr>
<tr class=""product--properties-row"">
<td class=""product--properties-label"">Aschegehalt (%)</td>
<td class=""product--properties-value"">≤ 1,0</td>
</tr>
<tr class=""product--properties-row"">
<td class=""product--properties-label"">Wassergehalt (%)</td>
<td class=""product--properties-value"">≤ 7,0</td>
</tr>
<tr class=""product--properties-row"">
<td class=""product--properties-label"">Partikeldichte (g/cm³)</td>
<td class=""product--properties-value"">≥ 1,0</td>
</tr>
<tr class=""product--properties-row"">
<td class=""product--properties-label"">Äquivalent</td>
<td class=""product--properties-value"">3 Briketts ≈ 5 Holzscheite</td>
</tr>
<tr class=""product--properties-row"">
<td class=""product--properties-label"">Abmessung Produkt, ca. [L x B x H] (mm)</td>
<td class=""product--properties-value"">160 x 90 x 80</td>
</tr>
<tr class=""product--properties-row"">
<td class=""product--properties-label"">Verpackungsvolumen</td>
<td class=""product--properties-value"">10 Stück pro Gebinde</td>
</tr>
<tr class=""product--properties-row"">
<td class=""product--properties-label"">Gewicht</td>
<td class=""product--properties-value"">960 kg</td>
</tr>
</tbody>
</table>
 </div>","Chiemgau Pellets GmbH","","Holzbrikett","","TRUE","Title","Default Title","","","","","CHI-249-001","","shopify","25","deny","manual","249.00","","TRUE","TRUE","","https://chiemgaupelletsgmbh.de/wp-content/uploads/2026/03/MT-3.jpg","1","Holzbriketts RUF Weichholz Duplex / 1 Palette, 960 kg","FALSE","Holzbriketts RUF Weichholz Duplex / 1 Palette, 960 kg","Reines Holz aus deutschem Sägewerk Besonders hoher Heizwert mit langer Glimmdauer Verbesserte Luftzirkulation durch “Knochen – Form” Geringer Wassergehalt sorgt für schnelles Anzünden Nach dem Abbrand viel weniger Asche als bei normalem Brennholz Sauber verpackt und sofort einsetzbar Holzbriketts RUF Weichholz Duplex H","","","","CHI-249-001","new","TRUE","https://chiemgaupelletsgmbh.de/wp-content/uploads/2026/03/MT-3.jpg","kg","","active"
"holzpellets-hoyer-990kg","Holzpellets HOYER – 990kg","<div class=""wc-tab-inner wd-scroll-content"">
 

<div class=""h3 product-detail-description-title"">„Holzpellets HOYER – 990kg“</div>
<div class=""product-detail-description-text"">
<div>HOYER Holzpellets werden aus unbehandeltem, naturbelassenem Holz hergestellt. Das Qualitätsmanagement beginnt schon bei der Rohstoffanlieferung. Die Produktion wird bis hin zur Auslieferung laufend überwacht. So ist eine gleichbleibend hohe Pelletqualität garantiert. HOYER Holzpellets sind nach der „ENplus A1“ Norm zertifiziert. Dabei schneiden HOYER Holzpellets sogar besser ab als die Norm.</div>
</div>
<div></div>
<div>
<table class=""table table-striped product-detail-properties-table"">
<tbody>
<tr class=""properties-row"">
<th class=""properties-label"">Gewicht / Sack:</th>
<td class=""properties-value"">15 kg</td>
</tr>
<tr class=""properties-row"">
<th class=""properties-label"">Gewicht / Verkaufseinheit:</th>
<td class=""properties-value"">990 kg</td>
</tr>
<tr class=""properties-row"">
<th class=""properties-label"">Heizwert in KWh/kg:</th>
<td class=""properties-value"">&gt; 4,9</td>
</tr>
<tr class=""properties-row"">
<th class=""properties-label"">Holzart:</th>
<td class=""properties-value"">Entrindete Nadelhölzer</td>
</tr>
<tr class=""properties-row"">
<th class=""properties-label"">Lagerung:</th>
<td class=""properties-value"">Trocken und in geschlossenen Räumen, Vor Nässe schützen.</td>
</tr>
<tr class=""properties-row"">
<th class=""properties-label"">Marke::</th>
<td class=""properties-value"">HOYER</td>
</tr>
<tr class=""properties-row"">
<th class=""properties-label"">Pelletdurchmesser:</th>
<td class=""properties-value"">Ø 6 mm</td>
</tr>
<tr class=""properties-row"">
<th class=""properties-label"">Pelletlänge:</th>
<td class=""properties-value"">3,15 – 4,0 cm</td>
</tr>
<tr class=""properties-row"">
<th class=""properties-label"">Restfeuchte:</th>
<td class=""properties-value"">6 – 8 %</td>
</tr>
<tr class=""properties-row"">
<th class=""properties-label"">Sack / Palette:</th>
<td class=""properties-value"">66 Säcke</td>
</tr>
<tr class=""properties-row"">
<th class=""properties-label"">Sackabmaße:</th>
<td class=""properties-value"">15 x 25 x 60 cm ( B x H x L )</td>
</tr>
<tr class=""properties-row"">
<th class=""properties-label"">Umverpackung (Palette):</th>
<td class=""properties-value"">mit Folie umwickelt, ungebändert</td>
</tr>
<tr class=""properties-row"">
<th class=""properties-label""></th>
<td class=""properties-value""></td>
</tr>
<tr class=""properties-row"">
<th class=""properties-label"">Zertifikate:</th>
<td class=""properties-value"">ENplus A1 (DE369)</td>
</tr>
<tr class=""properties-row"">
<th class=""properties-label"">Aschegehalt:</th>
<td class=""properties-value"">&lt; 0,5 %</td>
</tr>
</tbody>
</table>
</div>
 </div>","Chiemgau Pellets GmbH","","Holzpellets","","TRUE","Title","Default Title","","","","","CHI-220-001","","shopify","20","deny","manual","220.00","","TRUE","TRUE","","https://chiemgaupelletsgmbh.de/wp-content/uploads/2026/03/IMG_2415_frei_2000x_1920x1920-700x764-1.jpg","1","Holzpellets HOYER – 990kg","FALSE","Holzpellets HOYER – 990kg","„Holzpellets HOYER – 990kg“ HOYER Holzpellets werden aus unbehandeltem, naturbelassenem Holz hergestellt. Das Qualitätsmanagement beginnt schon bei der Rohstoffanlieferung. Die Produktion wird bis hin zur Auslieferung laufend überwacht. So ist eine gleichbleibend hohe Pelletqualität garantiert. HOYER Holzpellets sind n","","","","CHI-220-001","new","TRUE","https://chiemgaupelletsgmbh.de/wp-content/uploads/2026/03/IMG_2415_frei_2000x_1920x1920-700x764-1.jpg","kg","","active"
"mischholz-holzbriketts-palette-ruf-960kg","Mischholz Holzbriketts Palette-RUF – 960kg","<div class=""wc-tab-inner wd-scroll-content"">
 

<p>Die RUF Mischholzbriketts sind das eigentliche Standardprodukt unter den Holzbriketts. Das Rohmaterial kommt aus Sägewerken, die zumeist ein sehr breit gefächertes Produktesortiment aufweisen. Daher können die Briketts im Aussehen und in der Zusammensetzung variieren.</p>
<p>Holzbriketts werden aus natürlichen Rohstoffen produziert und so gleicht sich bei dieser Sorte meist keine Palette der anderen.</p>
<p>Aufgrund der Mischung aus Laub- und Nadelhölzern werden die guten Eigenschaften der Laubhölzer (lange Glut) mit denen der Nadelhölzer (schöne Flamme, lange Flammdauer) vereint und es entsteht ein ausgewogenes Mittel.</p>
<p>Da die Mischholzbriketts kein sortenreines Produkt sind, sondern alle Sägespäne, Hobelspäne und Hackschnitzel verarbeitet werden, kann auch eine günstigere Verarbeitung sichergestellt werden. Somit haben die Mischholzbriketts das beste Preis-Leistungs-Verhältnis und sind der heimliche Favorit bei vielen Heizern die auf die Geldbörse schauen müssen.</p>
 </div>","Chiemgau Pellets GmbH","","Holzbrikett","","TRUE","Title","Default Title","","","","","CHI","","shopify","21","deny","manual","199.00","","TRUE","TRUE","","https://chiemgaupelletsgmbh.de/wp-content/uploads/2026/03/QPF554SDK65DFD.jpg","1","Mischholz Holzbriketts Palette-RUF – 960kg","FALSE","Mischholz Holzbriketts Palette-RUF – 960kg","Die RUF Mischholzbriketts sind das eigentliche Standardprodukt unter den Holzbriketts. Das Rohmaterial kommt aus Sägewerken, die zumeist ein sehr breit gefächertes Produktesortiment aufweisen. Daher können die Briketts im Aussehen und in der Zusammensetzung variieren. Holzbriketts werden aus natürlichen Rohstoffen prod","","","","CHI","new","TRUE","https://chiemgaupelletsgmbh.de/wp-content/uploads/2026/03/QPF554SDK65DFD.jpg","kg","","active"
"holzbriketts-pinikay-hartholz-octagon-960-kg","Holzbriketts PiniKay Hartholz Octagon ,960 kg","<div class=""wc-tab-inner wd-scroll-content"">
 

<ul>
<li>ENplus A1 zertifiziert (BE-DE-006-02)</li>
<li>100% natürliches Hartholz ohne chemische Bindemittel</li>
<li>8-eckige Form mit Zugloch (Typ 5)</li>
<li>Außen Dunkel, innen hell</li>
<li>FSC®-zertifiziert</li>
<li>Schnell anzündbar</li>
<li>Sehr gute Luftzirkulation</li>
<li>Geruchsneutral beim Verbrennen</li>
<li>Intensives Flammenbild</li>
<li>Einsatz in Dauerbrandofen, Heizkessel, Holzvergaser, Kamin, Ofen, Feuerschale</li>
</ul>
<table class=""product--properties-table"">
<tbody>
<tr class=""product--properties-row"">
<td class=""is--bold"">Holzbriketts PiniKay Hartholz Octagon</td>
</tr>
<tr class=""product--properties-row"">
<td class=""product--properties-label"">Zertifikat</td>
<td class=""product--properties-value"">ENplus</td>
</tr>
<tr class=""product--properties-row"">
<td class=""product--properties-label"">Techn. Norm</td>
<td class=""product--properties-value"">DIN EN ISO 17225-3, Klasse A1</td>
</tr>
<tr class=""product--properties-row"">
<td class=""product--properties-label"">Zertifikat-ID</td>
<td class=""product--properties-value"">BE-DE-006-02</td>
</tr>
<tr class=""product--properties-row"">
<td class=""product--properties-label"">Holzart</td>
<td class=""product--properties-value"">Hartholz</td>
</tr>
<tr class=""product--properties-row"">
<td class=""product--properties-label"">Pressform</td>
<td class=""product--properties-value"">PiniKay</td>
</tr>
<tr class=""product--properties-row"">
<td class=""product--properties-label"">Brikett</td>
<td class=""product--properties-value"">Typ 4</td>
</tr>
<tr class=""product--properties-row"">
<td class=""product--properties-label"">Heizwert (MJ/kg)</td>
<td class=""product--properties-value"">≥ 17,5</td>
</tr>
<tr class=""product--properties-row"">
<td class=""product--properties-label"">Aschegehalt (%)</td>
<td class=""product--properties-value"">≤ 1,0</td>
</tr>
<tr class=""product--properties-row"">
<td class=""product--properties-label"">Wassergehalt (%)</td>
<td class=""product--properties-value"">≤ 5,0</td>
</tr>
<tr class=""product--properties-row"">
<td class=""product--properties-label"">Partikeldichte (g/cm³)</td>
<td class=""product--properties-value"">≥ 1,2</td>
</tr>
<tr class=""product--properties-row"">
<td class=""product--properties-label"">Gewicht</td>
<td class=""product--properties-value"">960 kg</td>
</tr>
</tbody>
</table>
 </div>","Chiemgau Pellets GmbH","","Holzbrikett","","TRUE","Title","Default Title","","","","","CHI-210-001","","shopify","23","deny","manual","210.00","","TRUE","TRUE","","https://chiemgaupelletsgmbh.de/wp-content/uploads/2026/03/VF.jpg","1","Holzbriketts PiniKay Hartholz Octagon ,960 kg","FALSE","Holzbriketts PiniKay Hartholz Octagon ,960 kg","ENplus A1 zertifiziert (BE-DE-006-02) 100% natürliches Hartholz ohne chemische Bindemittel 8-eckige Form mit Zugloch (Typ 5) Außen Dunkel, innen hell FSC®-zertifiziert Schnell anzündbar Sehr gute Luftzirkulation Geruchsneutral beim Verbrennen Intensives Flammenbild Einsatz in Dauerbrandofen, Heizkessel, Holzvergaser, K","","","","CHI-210-001","new","TRUE","https://chiemgaupelletsgmbh.de/wp-content/uploads/2026/03/VF.jpg","kg","","active"
"holzpellets-german-flames-990kg-33sack-x-15-kg-990-kg","Holzpellets GERMAN FLAMES – 990kg (33Sack X 15 kg) 990 kg","<div class=""wc-tab-inner wd-scroll-content"">
 

<div class=""h3 product-detail-description-title""><strong> „Holzpellets GERMAN FLAMES – 990kg“</strong></div>
<div class=""product-detail-description-text"">
<div>GERMAN FLAMES Holzpellets werden aus unbehandeltem, naturbelassenem Holz hergestellt.</div>
<div>Durch den geringen Staubanteil und dem hohen Heizwert der GERMAN FLAMES Holzpellets gehören diese Pellets bis heute zu den führenden Produkten in Deutschland. Der geringe Ascheanteil der Pellets verspricht einen geringen Reinigungs- und Wartungsaufwand am Ofen oder Pelletkessel.</div>
<div>GERMAN FLAMES Holzpellets sind nach der „ENplus A1“ Norm zertifiziert.</div>
</div>
<div></div>
<div>
<table class=""table table-striped product-detail-properties-table"">
<tbody>
<tr class=""properties-row"">
<th class=""properties-label""></th>
<td class=""properties-value""></td>
</tr>
<tr class=""properties-row"">
<th class=""properties-label"">Gewicht / Sack:</th>
<td class=""properties-value"">15 kg</td>
</tr>
<tr class=""properties-row"">
<th class=""properties-label"">Gewicht / Verkaufseinheit:</th>
<td class=""properties-value"">990 kg</td>
</tr>
<tr class=""properties-row"">
<th class=""properties-label"">Heizwert in KWh/kg:</th>
<td class=""properties-value"">&gt; 5,0</td>
</tr>
<tr class=""properties-row"">
<th class=""properties-label"">Holzart:</th>
<td class=""properties-value"">Entrindete Nadelhölzer</td>
</tr>
<tr class=""properties-row"">
<th class=""properties-label"">Lagerung:</th>
<td class=""properties-value"">Trocken und in geschlossenen Räumen, Vor Nässe schützen.</td>
</tr>
<tr class=""properties-row"">
<th class=""properties-label"">Marke::</th>
<td class=""properties-value"">GERMAN FLAMES</td>
</tr>
<tr class=""properties-row"">
<th class=""properties-label"">Pelletdurchmesser:</th>
<td class=""properties-value"">Ø 6 mm</td>
</tr>
<tr class=""properties-row"">
<th class=""properties-label"">Pelletlänge:</th>
<td class=""properties-value"">3,15 – 4,0 cm</td>
</tr>
<tr class=""properties-row"">
<th class=""properties-label"">Restfeuchte:</th>
<td class=""properties-value"">7 – 9 %</td>
</tr>
<tr class=""properties-row"">
<th class=""properties-label"">Sack / Palette:</th>
<td class=""properties-value"">66 Säcke</td>
</tr>
<tr class=""properties-row"">
<th class=""properties-label"">Sackabmaße:</th>
<td class=""properties-value"">15 x 25 x 60 cm ( B x H x L )</td>
</tr>
<tr class=""properties-row"">
<th class=""properties-label"">Umverpackung (Palette):</th>
<td class=""properties-value"">Schrumpffolienhaube, ungebändert</td>
</tr>
<tr class=""properties-row"">
<th class=""properties-label""></th>
<td class=""properties-value""></td>
</tr>
<tr class=""properties-row"">
<th class=""properties-label"">Zertifikate:</th>
<td class=""properties-value"">ENplus A1 (DE056)</td>
</tr>
<tr class=""properties-row"">
<th class=""properties-label"">Aschegehalt:</th>
<td class=""properties-value"">&lt; 0,5 %</td>
</tr>
</tbody>
</table>
</div>
 </div>","Chiemgau Pellets GmbH","","Holzpellets","","TRUE","Title","Default Title","","","","","CHI-215-001","","shopify","22","deny","manual","215.00","","TRUE","TRUE","","https://chiemgaupelletsgmbh.de/wp-content/uploads/2026/03/IMG_1709_gestellt_2000x-700x822-1.jpg","1","Holzpellets GERMAN FLAMES – 990kg (33Sack X 15 kg) 990 kg","FALSE","Holzpellets GERMAN FLAMES – 990kg (33Sack X 15 kg) 990 kg","„Holzpellets GERMAN FLAMES – 990kg“ GERMAN FLAMES Holzpellets werden aus unbehandeltem, naturbelassenem Holz hergestellt. Durch den geringen Staubanteil und dem hohen Heizwert der GERMAN FLAMES Holzpellets gehören diese Pellets bis heute zu den führenden Produkten in Deutschland. Der geringe Ascheanteil der Pellets ver","","","","CHI-215-001","new","TRUE","https://chiemgaupelletsgmbh.de/wp-content/uploads/2026/03/IMG_1709_gestellt_2000x-700x822-1.jpg","kg","","active"
"holzpellets-im-papiersack-eph-65-x-15kg-975-kg","Holzpellets im Papiersack EPH, 65 x 15kg – 975 kg","<div class=""wc-tab-inner wd-scroll-content"">
 

<p>0% PLASTIKMÜLL<br>
Der Sack besteht zu 100% aus Papier.<br>
Der Sack ist zu 100% recyclebar.<br>
Wir liefern 100% Qualität.</p>
<ul>
<li>100% für die Umwelt</li>
<li>100% regional</li>
<li>100% eigene Herstellung</li>
</ul>
<h3>15 kg saubere Wärme!</h3>
<ul>
<li>Sehr hoher Heizwert. Sehr geringer Feinanteil.</li>
<li>100% Holzpellets</li>
<li>100% aus heimischen Wäldern</li>
</ul>
<h4>Bei der Herstellung entsteht weniger CO<sub>2</sub> als bei der Herstellung von Plastiksäcken. Ihre Entsorgung ist zudem unproblematischer und sie stellen keine mögliche Quelle für Plastikabfall oder Mikroplastik dar.</h4>
<p>Dass Holzpellets in der Regel in Plastiksäcke verpackt werden hat sowohl wirtschaftliche als auch technische Gründe. Zum einen sind Plastiksäcke wesentlich billiger als Papiersäcke, da sie sich von einer Folienrolle beliebig abrollen und zu Schlauchbeuteln formen und befüllen lassen. Solche Maschinen haben bei niedrigen Folienkosten eine hohe Absackleistung pro Stunde.</p>
<p>Papiersäcke können nicht von einer Rolle genommen werden, sondern sie müssen vorher schon einzeln zusammengeklebt und nach dem Befüllen zugenäht werden. Das ist wesentlich teurer und aufwändiger als die Folienverpackung mit Schweißtechnik<em>.</em></p>
<ul>
<li>Feinanteile &lt; 0.2%</li>
<li>Heizwert min. 5.1 kWh/kg</li>
<li>Ascheanfall 0.2%</li>
<li>Ascheerweichungstemperatur &gt;1350°C</li>
<li>saubere und handliche Lagerung in 15kg Säcken</li>
<li>komfortable und bequeme Lieferung auf pfandfreien Einwegpaletten mit wetterfester Regenhaube</li>
<li>ausschließliche Verwendung von produktionseigenen Sägespänen, garantiert frei von Rinde</li>
</ul>
 </div>","Chiemgau Pellets GmbH","","Holzpellets","","TRUE","Title","Default Title","","","","","WC-79","","shopify","25","deny","manual","249.00","","TRUE","TRUE","","https://chiemgaupelletsgmbh.de/wp-content/uploads/2026/03/sddddddddd565d45ef5sd56sd56sddsd.jpg","1","Holzpellets im Papiersack EPH, 65 x 15kg – 975 kg","FALSE","Holzpellets im Papiersack EPH, 65 x 15kg – 975 kg","0% PLASTIKMÜLL Der Sack besteht zu 100% aus Papier. Der Sack ist zu 100% recyclebar. Wir liefern 100% Qualität. 100% für die Umwelt 100% regional 100% eigene Herstellung 15 kg saubere Wärme! Sehr hoher Heizwert. Sehr geringer Feinanteil. 100% Holzpellets 100% aus heimischen Wäldern Bei der Herstellung entsteht weniger ","","","","WC-79","new","TRUE","https://chiemgaupelletsgmbh.de/wp-content/uploads/2026/03/sddddddddd565d45ef5sd56sd56sddsd.jpg","kg","","active"
"1-palette-holzpellets-blue-enplus-a1-15kg-x-65-sack-975kg","1 Palette – Holzpellets Blue ENplus A1/ 15kg x 65 Sack 975kg","<div class=""wc-tab-inner wd-scroll-content"">
 

<ul>
<li>Holz ohne chemische Bindemittel</li>
<li>Hergestellt aus nachwachsenden Rohstoffen</li>
<li>ENplus A1 zertifiziert (DE-446)</li>
<li>FSC®-zertifiziert</li>
<li>CO2-neutral</li>
<li>Hoher Heizwert</li>
<li>Geringe Restfeuchte</li>
<li>Geringer Ascheanteil</li>
<li>Lange Brenndauer</li>
<li>Saubere, staubfreie Aufbewahrung</li>
<li>Bequemes Einfüllen in die Heizungsanlage je nach Bedarf</li>
<li>Einsatz in Pelletanlagen und Pelletöfen</li>
</ul>
<table class=""product--properties-table"">
<tbody>
<tr class=""product--properties-row"">
<td class=""is--bold"">Holzpellets Blue ENplus A1</td>
</tr>
<tr class=""product--properties-row"">
<td class=""product--properties-label"">Zertifikat</td>
<td class=""product--properties-value"">ENplus</td>
</tr>
<tr class=""product--properties-row"">
<td class=""product--properties-label"">Techn. Norm</td>
<td class=""product--properties-value"">DIN EN ISO 17225-2, Klasse A1</td>
</tr>
<tr class=""product--properties-row"">
<td class=""product--properties-label"">Zertifikat-ID</td>
<td class=""product--properties-value"">DE-446</td>
</tr>
<tr class=""product--properties-row"">
<td class=""product--properties-label"">Holzart</td>
<td class=""product--properties-value"">Weichholz</td>
</tr>
<tr class=""product--properties-row"">
<td class=""product--properties-label"">Produktion</td>
<td class=""product--properties-value"">Europa</td>
</tr>
<tr class=""product--properties-row"">
<td class=""product--properties-label"">Länge (mm)</td>
<td class=""product--properties-value"">3,15 – 40</td>
</tr>
<tr class=""product--properties-row"">
<td class=""product--properties-label"">Durchmesser (mm)</td>
<td class=""product--properties-value"">6 (± 1)</td>
</tr>
<tr class=""product--properties-row"">
<td class=""product--properties-label"">Heizwert (MJ/kg)</td>
<td class=""product--properties-value"">≥ 17,0</td>
</tr>
<tr class=""product--properties-row"">
<td class=""product--properties-label"">Heizwert (kWh/kg)</td>
<td class=""product--properties-value"">≥ 4,7</td>
</tr>
<tr class=""product--properties-row"">
<td class=""product--properties-label"">Aschegehalt (%)</td>
<td class=""product--properties-value"">≤ 0,7</td>
</tr>
<tr class=""product--properties-row"">
<td class=""product--properties-label"">Ascheerweichungstemperatur (°C)</td>
<td class=""product--properties-value"">≥ 1.300</td>
</tr>
<tr class=""product--properties-row"">
<td class=""product--properties-label"">Festigkeit (%)</td>
<td class=""product--properties-value"">≥ 98</td>
</tr>
<tr class=""product--properties-row"">
<td class=""product--properties-label"">Feinanteil (%)</td>
<td class=""product--properties-value"">≤ 0,5</td>
</tr>
<tr class=""product--properties-row"">
<td class=""product--properties-label"">Schüttdichte (kg/m³)</td>
<td class=""product--properties-value"">650</td>
</tr>
<tr class=""product--properties-row"">
<td class=""product--properties-label"">Wassergehalt (%)</td>
<td class=""product--properties-value"">≤ 10,0</td>
</tr>
<tr class=""product--properties-row"">
<td class=""product--properties-label"">Gewicht</td>
<td class=""product--properties-value"">975 kg</td>
</tr>
</tbody>
</table>
 </div>","Chiemgau Pellets GmbH","","Holzpellets","","TRUE","Title","Default Title","","","","","WC-80","","shopify","25","deny","manual","231.99","","TRUE","TRUE","","https://chiemgaupelletsgmbh.de/wp-content/uploads/2026/03/MT-8FFFFFF4-2.jpg","1","1 Palette – Holzpellets Blue ENplus A1/ 15kg x 65 Sack 975kg","FALSE","1 Palette – Holzpellets Blue ENplus A1/ 15kg x 65 Sack 975kg","Holz ohne chemische Bindemittel Hergestellt aus nachwachsenden Rohstoffen ENplus A1 zertifiziert (DE-446) FSC®-zertifiziert CO2-neutral Hoher Heizwert Geringe Restfeuchte Geringer Ascheanteil Lange Brenndauer Saubere, staubfreie Aufbewahrung Bequemes Einfüllen in die Heizungsanlage je nach Bedarf Einsatz in Pelletanlag","","","","WC-80","new","TRUE","https://chiemgaupelletsgmbh.de/wp-content/uploads/2026/03/MT-8FFFFFF4-2.jpg","kg","","active"
"esche-brennholz-kammergetrocknet-2rm-25-cm","Esche Brennholz Kammergetrocknet – 2rm – 25 cm","<div class=""wc-tab-inner wd-scroll-content"">
 

<p>Esche hat eine warme und ruhige Flamme, es spritzt absolut nicht. Dadurch, dass Esche eine harte Holzsorte ist, kann man es prima in größeren Kaminen und Öfen verwenden. Esche brennt langsam und hat einen herrlichen Duft.</p>
<ul>
<li>Ofengetrocknet</li>
<li>Feuchtigkeitsgehalt &lt; 20 %</li>
<li>Direkt verfeuerbar</li>
<li>Harte Holzsorte, lange Brennzeit</li>
<li>Länge der Scheite 25 cm</li>
<li>für mittelgroße Kamine und Öfen</li>
<li>Palette 200 x 85 x 120 cm</li>
<li>Inhalt: 1,8 Kubikmeter</li>
<li>stabile Kiste, kompakt gestapelt</li>
<li>Innerhalb von 48 Stunden geliefert</li>
<li>sicher bestellen und bezahlen</li>
</ul>
<table id=""product-attribute-specs-table"" class=""data-table"">
<tbody>
<tr class=""manufacturer even"">
<th class=""label"">Marke</th>
<td class=""data last"">Eschenholz</td>
</tr>
<tr class=""afmetingen odd"">
<th class=""label"">Verpackung</th>
<td class=""data last"">120 x 85 x 200 cm (B x T x H) inklusiv Palette</td>
</tr>
<tr class=""humidity even"">
<th class=""label"">Restfeuchte</th>
<td class=""data last"">&lt; 20%</td>
</tr>
<tr class=""intersection_wood_logs odd"">
<th class=""label"">Abschnitt</th>
<td class=""data last"">8 bis 15 cm</td>
</tr>
<tr class=""gewicht even"">
<th class=""label"">Gewicht</th>
<td class=""data last"">900 kg</td>
</tr>
<tr class=""volume odd"">
<th class=""label"">Inhalt</th>
<td class=""data last"">1,8 RM</td>
</tr>
<tr class=""material_haardstel even"">
<th class=""label"">Material</th>
<td class=""data last"">Esche brennholz</td>
</tr>
<tr class=""bijzonderheden odd"">
<th class=""label"">Einzelheiten</th>
<td class=""data last"">Wenn es nach unseren Kunden geht, ist dies das Beste Kaminholz</td>
</tr>
<tr class=""wood_type last even"">
<th class=""label"">Brennholz Arten</th>
<td class=""data last"">Kammergetrocknet Esche</td>
</tr>
</tbody>
</table>
 </div>","Chiemgau Pellets GmbH","","Brennholz","","TRUE","Title","Default Title","","","","","CHI-189-001","","shopify","24","deny","manual","189.00","","TRUE","TRUE","","https://chiemgaupelletsgmbh.de/wp-content/uploads/2026/03/AQ.jpg","1","Esche Brennholz Kammergetrocknet – 2rm – 25 cm","FALSE","Esche Brennholz Kammergetrocknet – 2rm – 25 cm","Esche hat eine warme und ruhige Flamme, es spritzt absolut nicht. Dadurch, dass Esche eine harte Holzsorte ist, kann man es prima in größeren Kaminen und Öfen verwenden. Esche brennt langsam und hat einen herrlichen Duft. Ofengetrocknet Feuchtigkeitsgehalt &lt; 20 % Direkt verfeuerbar Harte Holzsorte, lange Brennzeit L","","","","CHI-189-001","new","TRUE","https://chiemgaupelletsgmbh.de/wp-content/uploads/2026/03/AQ.jpg","kg","","active"
"hartholzbriketts-eckig-in-folie-960kg","Hartholzbriketts eckig in Folie , 960kg","<div class=""wc-tab-inner wd-scroll-content"">
 

<div class=""content--title"">„Hartholzbriketts eckig in Folie – 960kg-Palette“</div>
<div class=""product--description"">

<p>Diese zusatzstofffreien Holzbriketts aus <strong>naturbelassenen</strong> <strong>Hartholzspänen</strong> eignen sich ideal für <strong>kleinere</strong> bis <strong>mittlere</strong> <strong>Öfen</strong>. Sie zeichnen sich durch ihre <strong>schnelle</strong> <strong>Wärmeabgabe</strong> aus und ermöglichen ein besonders <strong>effizientes</strong>, <strong>sauberes</strong> und <strong>nachhaltiges </strong>Heizen mit Holz. Hervorragend geeignet sind diese Briketts zudem zum Anheizen und in der Kombination mit unseren runden Briketts. Die Lieferung erfolgt via Spedition frei Bordsteinkante. Diese Briketts sind auch in <strong>praktischen </strong><strong>30kg-Kartons</strong> verfügbar.</p>
<p><strong>Überblick:</strong></p>
<ul>
<li>Naturbelassene Holzspäne, in Brikettierpressen unter hohem Druck in Form gepresst</li>
<li>Kontrolliertes Abbrennen</li>
<li>Hoher Heizwert</li>
<li>Praktische Lagerung</li>
<li>Lieferung frei Bordsteinkante</li>
<li>Ebenfalls als praktischer <strong>30kg-Karton </strong>verfügbar</li>
<li>Auch Selbstabholung möglich</li>
</ul>
<p><strong>Details:</strong></p>
<ul>
<li>Holzart: Hartholz</li>
<li>Maße: ca. 15 x 6 x 10 cm</li>
<li>Brennwert: ca. 5 kWh/kg</li>
<li>Restfeuchtigkeit: ca. 7-10%</li>
<li>Abbildungen ähnlich</li>
</ul>
</div>
<p>Länge: 120 cm<br>
Breite: 80 cm<br>
Höhe: 140 cm<br>
Gewicht (ca.): 960 kg</p>
 </div>","Chiemgau Pellets GmbH","","Holzbrikett","","TRUE","Title","Default Title","","","","","CHI-199-001","","shopify","25","deny","manual","199.00","","TRUE","TRUE","","https://chiemgaupelletsgmbh.de/wp-content/uploads/2026/03/Harthol-ohne-Folie_600x600.jpg","1","Hartholzbriketts eckig in Folie , 960kg","FALSE","Hartholzbriketts eckig in Folie , 960kg","„Hartholzbriketts eckig in Folie – 960kg-Palette“ Diese zusatzstofffreien Holzbriketts aus naturbelassenen Hartholzspänen eignen sich ideal für kleinere bis mittlere Öfen . Sie zeichnen sich durch ihre schnelle Wärmeabgabe aus und ermöglichen ein besonders effizientes , sauberes und nachhaltiges Heizen mit Holz. Hervor","","","","CHI-199-001","new","TRUE","https://chiemgaupelletsgmbh.de/wp-content/uploads/2026/03/Harthol-ohne-Folie_600x600.jpg","kg","","active"
"holzbriketts-nestro-hartholz-972-kg","Holzbriketts Nestro Hartholz , 972 kg","<div class=""wc-tab-inner wd-scroll-content"">
 

<ul>
<li>100 % natürliches Hartholz ohne chemische Bindemittel</li>
<li>Briketttyp Walze (Typ 1)</li>
<li>Außen Braun, innen hell</li>
<li>FSC®- zertifiziert</li>
<li>Hohe Glutdauer</li>
<li>Ruhiges Flammenbild</li>
<li>Sehr sauber und leicht portionierbar</li>
<li>Sofort einsetzbar</li>
<li>Einsatz in Dauerbrandofen, Heizkessel, Holzvergaser, geschlossener Kamin, Ofen, tiefe Feuerschale</li>
</ul>

<table class=""product--properties-table"">
<tbody>
<tr class=""product--properties-row"">
<td class=""is--bold"">Holzbriketts Nestro Hartholz S</td>
</tr>
<tr class=""product--properties-row"">
<td class=""product--properties-label"">Zertifikat</td>
<td class=""product--properties-value"">Eurofins (Laborgeprüft)</td>
</tr>
<tr class=""product--properties-row"">
<td class=""product--properties-label"">Techn. Norm</td>
<td class=""product--properties-value"">DIN EN ISO 17225-3, Klasse B</td>
</tr>
<tr class=""product--properties-row"">
<td class=""product--properties-label"">Holzart</td>
<td class=""product--properties-value"">Hartholz</td>
</tr>
<tr class=""product--properties-row"">
<td class=""product--properties-label"">Pressform</td>
<td class=""product--properties-value"">Nestro</td>
</tr>
<tr class=""product--properties-row"">
<td class=""product--properties-label"">Brikett</td>
<td class=""product--properties-value"">Typ 1</td>
</tr>
<tr class=""product--properties-row"">
<td class=""product--properties-label"">Heizwert (MJ/kg)</td>
<td class=""product--properties-value"">≥ 17,0</td>
</tr>
<tr class=""product--properties-row"">
<td class=""product--properties-label"">Aschegehalt (%)</td>
<td class=""product--properties-value"">≤ 2,0</td>
</tr>
<tr class=""product--properties-row"">
<td class=""product--properties-label"">Wassergehalt (%)</td>
<td class=""product--properties-value"">≤ 7,0</td>
</tr>
<tr class=""product--properties-row"">
<td class=""product--properties-label"">Partikeldichte (g/cm³)</td>
<td class=""product--properties-value"">≥ 1,0</td>
</tr>
<tr class=""product--properties-row"">
<td class=""product--properties-label"">Äquivalent</td>
<td class=""product--properties-value"">2 Briketts ≈ 3 Holzscheite</td>
</tr>
<tr class=""product--properties-row"">
<td class=""product--properties-label"">Länge Produkt, ca. (mm)</td>
<td class=""product--properties-value"">240</td>
</tr>
<tr class=""product--properties-row"">
<td class=""product--properties-label"">Durchmesser (mm)</td>
<td class=""product--properties-value"">80</td>
</tr>
<tr class=""product--properties-row"">
<td class=""product--properties-label"">Verpackungsvolumen</td>
<td class=""product--properties-value"">5 Stück pro Gebinde</td>
</tr>
<tr class=""product--properties-row"">
<td class=""product--properties-label"">Gewicht</td>
<td class=""product--properties-value"">972 kg</td>
</tr>
</tbody>
</table>
 </div>","Chiemgau Pellets GmbH, Ehs Pellets Gmbh","","Holzbrikett","","TRUE","Title","Default Title","","","","","CHI-209-001","","shopify","20","deny","manual","209.00","","TRUE","TRUE","","https://chiemgaupelletsgmbh.de/wp-content/uploads/2026/03/Q66854P.jpg","1","Holzbriketts Nestro Hartholz , 972 kg","FALSE","Holzbriketts Nestro Hartholz , 972 kg","100 % natürliches Hartholz ohne chemische Bindemittel Briketttyp Walze (Typ 1) Außen Braun, innen hell FSC®- zertifiziert Hohe Glutdauer Ruhiges Flammenbild Sehr sauber und leicht portionierbar Sofort einsetzbar Einsatz in Dauerbrandofen, Heizkessel, Holzvergaser, geschlossener Kamin, Ofen, tiefe Feuerschale Holzbriket","","","","CHI-209-001","new","TRUE","https://chiemgaupelletsgmbh.de/wp-content/uploads/2026/03/Q66854P.jpg","kg","","active"
"holzpellets-6mm-65-x-15kg-palette-olimp-enplus-a1","Holzpellets 6mm , 65 x 15kg Palette-Olimp – ENplus-A1","<div class=""wc-tab-inner wd-scroll-content"">
 

<ul>
<li>die Pellets sind zertifiziert und erfüllen die strengen Anforderungen der Norm ENplusA1</li>
<li>hochkonzentrierte Pelletenergie (Heizwert ca. 5,3 kWh/kg)</li>
<li>niedriger Aschegehalt (&lt;0,4%)</li>
<li>niedrige Feuchtigkeit (ca. 5-7%)</li>
<li>nahezu frei von Abrieb</li>
<li>vollständig erneuerbar</li>
</ul>
<ul>
<li>niedrige CO?-Emission während der Verbrennung</li>
<li>saubere und handliche Lagerung in 15kg Säcken</li>
<li>komfortable und bequeme Lieferung auf pfandfreien Einwegpaletten mit wetterfester Regenhaube</li>
<li>ausschließliche Verwendung von produktionseigenen Sägespänen, garantiert frei von Rinde</li>
<li>leichte und wirtschaftliche Anwendung (1 Heizsaison = 5 ? 8 Tonnen Pellets),</li>
<li>günstige Alternative zu Kohle, Öl oder Gas</li>
<li>Einsparung: das Heizen mit Pellets ist etwa 36 % billiger als mit Erdgas, ca. 54 % billiger als mit Heizöl, und etwa 65 % billiger als mit Flüssiggas</li>
<li>gleichbleibend hochwertige Pellets in Premium Qualität dank ENplus-A1 zertifizierte Produktion</li>
</ul>
<p>Die Pelletproduktion der Firma Stelmet S.A. ist unter Einsatz der weltweit neuesten Technologien für die Herstellung von Holzpellets entstanden. Die jährliche Produktionskapazität der Marken Lava und Olimp Pellets beträgt bis zu 144.000 Tonnen. Die modernen Verarbeitungslinien garantieren ein Produkt von gleichbleibend hoher Qualität. Die Unternehmenstätigkeiten der Firma Stelmet S.A. umfassen den kompletten Herstellungsprozess: vom Kauf des Holzes bis zur Verpackung der fertigen Produkte.</p>
<p>Alle durch Stelmet S.A. produzierten Holzprodukte besitzen das FSC-Zertifikat. Das FSC-Zertifikat ist das Zeichen dafür, dass die Produkte aus Wäldern stammen, in denen die vom Naturschutz und von der lokalen Gemeinschaft vorgegebenen Leitsätze und Kriterien einer nachhaltigen Forstwirtschaft erfüllt werden.</p>
<p>Darüber hinaus besitzen die Olimp Pellets die Zertifikate DINplus, sowie ENPlus A1. Somit wird eine gleichbleibend hochwertige Qualität sichergestellt.</p>
 </div>","Chiemgau Pellets GmbH","","Holzpellets","","TRUE","Title","Default Title","","","","","CHI-205-001","","shopify","24","deny","manual","205.00","","TRUE","TRUE","","https://chiemgaupelletsgmbh.de/wp-content/uploads/2026/03/AQT.jpg","1","Holzpellets 6mm , 65 x 15kg Palette-Olimp – ENplus-A1","FALSE","Holzpellets 6mm , 65 x 15kg Palette-Olimp – ENplus-A1","die Pellets sind zertifiziert und erfüllen die strengen Anforderungen der Norm ENplusA1 hochkonzentrierte Pelletenergie (Heizwert ca. 5,3 kWh/kg) niedriger Aschegehalt (&lt;0,4%) niedrige Feuchtigkeit (ca. 5-7%) nahezu frei von Abrieb vollständig erneuerbar niedrige CO?-Emission während der Verbrennung saubere und hand","","","","CHI-205-001","new","TRUE","https://chiemgaupelletsgmbh.de/wp-content/uploads/2026/03/AQT.jpg","kg","","active"
"holzpellets-green-enplus-a1-975-kg","Holzpellets Green ENplus A1, 975 kg","<div class=""wc-tab-inner wd-scroll-content"">
 

<ul>
<li>Holzpellets im Papiersack – Ökologisch wertvoll –</li>
<li>ENplus A1 zertifiziert</li>
<li>Hoher Heizwert mit langer Brenndauer</li>
<li>Geringer Feinanteil und Aschegehalt</li>
<li>Saubere, staubfreie Aufbewahrung</li>
<li>Bequemes Einfüllen in die Heizungsanlage</li>
</ul>
<table class=""product--properties-table"">
<tbody>
<tr class=""product--properties-row"">
<td class=""is--bold"">Holzpellets Green ENplus A1</td>
</tr>
<tr class=""product--properties-row"">
<td class=""product--properties-label"">Zertifikat</td>
<td class=""product--properties-value"">ENplus</td>
</tr>
<tr class=""product--properties-row"">
<td class=""product--properties-label"">Techn. Norm</td>
<td class=""product--properties-value"">DIN EN ISO 17225-2</td>
</tr>
<tr class=""product--properties-row"">
<td class=""product--properties-label"">Zertifikat-ID</td>
<td class=""product--properties-value"">DE-446</td>
</tr>
<tr class=""product--properties-row"">
<td class=""product--properties-label"">Holzart</td>
<td class=""product--properties-value"">Weichholz</td>
</tr>
<tr class=""product--properties-row"">
<td class=""product--properties-label"">Produktion</td>
<td class=""product--properties-value"">Europa</td>
</tr>
<tr class=""product--properties-row"">
<td class=""product--properties-label"">Länge (mm)</td>
<td class=""product--properties-value"">3,15 – 40</td>
</tr>
<tr class=""product--properties-row"">
<td class=""product--properties-label"">Durchmesser (mm)</td>
<td class=""product--properties-value"">6 (± 1)</td>
</tr>
<tr class=""product--properties-row"">
<td class=""product--properties-label"">Heizwert (MJ/kg)</td>
<td class=""product--properties-value"">≥ 16,5</td>
</tr>
<tr class=""product--properties-row"">
<td class=""product--properties-label"">Heizwert (kWh/kg)</td>
<td class=""product--properties-value"">≥ 4,6</td>
</tr>
<tr class=""product--properties-row"">
<td class=""product--properties-label"">Aschegehalt (%)</td>
<td class=""product--properties-value"">≤ 0,7</td>
</tr>
<tr class=""product--properties-row"">
<td class=""product--properties-label"">Ascheerweichungstemperatur (°C)</td>
<td class=""product--properties-value"">≥ 1.200</td>
</tr>
<tr class=""product--properties-row"">
<td class=""product--properties-label"">Festigkeit (%)</td>
<td class=""product--properties-value"">&gt; 98,0</td>
</tr>
<tr class=""product--properties-row"">
<td class=""product--properties-label"">Feinanteil (%)</td>
<td class=""product--properties-value"">≤ 0,5</td>
</tr>
<tr class=""product--properties-row"">
<td class=""product--properties-label"">Schüttdichte (kg/m³)</td>
<td class=""product--properties-value"">600 ≤ SD ≤ 750</td>
</tr>
<tr class=""product--properties-row"">
<td class=""product--properties-label"">Wassergehalt (%)</td>
<td class=""product--properties-value"">≤ 10,0</td>
</tr>
<tr class=""product--properties-row"">
<td class=""product--properties-label"">Abmessung Sack, ca. [H x B x T] (mm)</td>
<td class=""product--properties-value"">600x350x150</td>
</tr>
<tr class=""product--properties-row"">
<td class=""product--properties-label"">Gewicht</td>
<td class=""product--properties-value"">975 kg</td>
</tr>
<tr class=""product--properties-row"">
<td class=""product--properties-label"">Breite x Höhe x Tiefe (cm)</td>
<td class=""product--properties-value"">100 x 400 x 600</td>
</tr>
</tbody>
</table>
 </div>","Chiemgau Pellets GmbH","","Holzpellets","","TRUE","Title","Default Title","","","","","CHI-231-001","","shopify","22","deny","manual","231.99","","TRUE","TRUE","","https://chiemgaupelletsgmbh.de/wp-content/uploads/2026/03/qsxds54.jpg","1","Holzpellets Green ENplus A1, 975 kg","FALSE","Holzpellets Green ENplus A1, 975 kg","Holzpellets im Papiersack – Ökologisch wertvoll – ENplus A1 zertifiziert Hoher Heizwert mit langer Brenndauer Geringer Feinanteil und Aschegehalt Saubere, staubfreie Aufbewahrung Bequemes Einfüllen in die Heizungsanlage Holzpellets Green ENplus A1 Zertifikat ENplus Techn. Norm DIN EN ISO 17225-2 Zertifikat-ID DE-446 Ho","","","","CHI-231-001","new","TRUE","https://chiemgaupelletsgmbh.de/wp-content/uploads/2026/03/qsxds54.jpg","kg","","active"
"holzpellets-premium-enplus-a1-975-kg","Holzpellets Premium ENplus A1 , 975 kg","<div class=""wc-tab-inner wd-scroll-content"">
 

<ul>
<li>Kiefernholz ohne chemische Bindemittel</li>
<li>Hergestellt aus nachwachsenden Nadelholz</li>
<li>ENplusA1 zertifiziert (DE-433)</li>
<li>CO2-neutral</li>
<li>Geringe Restfeuchte</li>
<li>Geringer Ascheanteil</li>
<li>Lange Brenndauer</li>
<li>Saubere, staubfreie Aufbewahrung</li>
<li>Bequemes Einfüllen in die Heizungsanlage je nach Bedarf</li>
<li>Einsatz in Pelletanlagen und Pelletöfen</li>
</ul>
<table class=""product--properties-table"">
<tbody>
<tr class=""product--properties-row"">
<td class=""is--bold"">Holzpellets Premium ENplus A1</td>
</tr>
<tr class=""product--properties-row"">
<td class=""product--properties-label"">Zertifikat</td>
<td class=""product--properties-value"">ENplus</td>
</tr>
<tr class=""product--properties-row"">
<td class=""product--properties-label"">Techn. Norm</td>
<td class=""product--properties-value"">DIN EN ISO 17225-2, Klasse A1</td>
</tr>
<tr class=""product--properties-row"">
<td class=""product--properties-label"">Zertifikat-ID</td>
<td class=""product--properties-value"">DE-433</td>
</tr>
<tr class=""product--properties-row"">
<td class=""product--properties-label"">Holzart</td>
<td class=""product--properties-value"">Weichholz</td>
</tr>
<tr class=""product--properties-row"">
<td class=""product--properties-label"">Produktion</td>
<td class=""product--properties-value"">Deutschland</td>
</tr>
<tr class=""product--properties-row"">
<td class=""product--properties-label"">Farbe</td>
<td class=""product--properties-value"">Natur</td>
</tr>
<tr class=""product--properties-row"">
<td class=""product--properties-label"">Länge (mm)</td>
<td class=""product--properties-value"">3,15 – 40</td>
</tr>
<tr class=""product--properties-row"">
<td class=""product--properties-label"">Durchmesser (mm)</td>
<td class=""product--properties-value"">6 (± 1)</td>
</tr>
<tr class=""product--properties-row"">
<td class=""product--properties-label"">Heizwert (MJ/kg)</td>
<td class=""product--properties-value"">≥ 16,5</td>
</tr>
<tr class=""product--properties-row"">
<td class=""product--properties-label"">Heizwert (kWh/kg)</td>
<td class=""product--properties-value"">≥ 4,6</td>
</tr>
<tr class=""product--properties-row"">
<td class=""product--properties-label"">Aschegehalt (%)</td>
<td class=""product--properties-value"">≤ 0,7</td>
</tr>
<tr class=""product--properties-row"">
<td class=""product--properties-label"">Ascheerweichungstemperatur (°C)</td>
<td class=""product--properties-value"">≥ 1.200</td>
</tr>
<tr class=""product--properties-row"">
<td class=""product--properties-label"">Festigkeit (%)</td>
<td class=""product--properties-value"">&gt; 98,0</td>
</tr>
<tr class=""product--properties-row"">
<td class=""product--properties-label"">Feinanteil (%)</td>
<td class=""product--properties-value"">≤ 0,5</td>
</tr>
<tr class=""product--properties-row"">
<td class=""product--properties-label"">Schüttdichte (kg/m³)</td>
<td class=""product--properties-value"">≥ 600,00</td>
</tr>
<tr class=""product--properties-row"">
<td class=""product--properties-label"">Wassergehalt (%)</td>
<td class=""product--properties-value"">≤ 10,0</td>
</tr>
<tr class=""product--properties-row"">
<td class=""product--properties-label"">Gewicht</td>
<td class=""product--properties-value"">975 kg</td>
</tr>
</tbody>
</table>
 </div>","Chiemgau Pellets GmbH","","Holzhackschnitzel, Holzpellets","","TRUE","Title","Default Title","","","","","CHI-219-001","","shopify","27","deny","manual","219.00","","TRUE","TRUE","","https://chiemgaupelletsgmbh.de/wp-content/uploads/2026/03/DFKJDF514-700x700-1.jpg","1","Holzpellets Premium ENplus A1 , 975 kg","FALSE","Holzpellets Premium ENplus A1 , 975 kg","Kiefernholz ohne chemische Bindemittel Hergestellt aus nachwachsenden Nadelholz ENplusA1 zertifiziert (DE-433) CO2-neutral Geringe Restfeuchte Geringer Ascheanteil Lange Brenndauer Saubere, staubfreie Aufbewahrung Bequemes Einfüllen in die Heizungsanlage je nach Bedarf Einsatz in Pelletanlagen und Pelletöfen Holzpellet","","","","CHI-219-001","new","TRUE","https://chiemgaupelletsgmbh.de/wp-content/uploads/2026/03/DFKJDF514-700x700-1.jpg","kg","","active"
"pelletkessel-extraflame-pk15-16kw","Pelletkessel – EXTRAFLAME PK15 16kW","Unsere Pelletöfen vereinen Technologie, Design und Leistung und verwandeln Ihr Zuhause in einen warmen und eleganten Raum. Dank intelligenter Steuerungssysteme sorgen sie für eine gleichmäßige Wärmeverteilung bei gleichzeitig optimiertem Pelletverbrauch.

Unsere Öfen sind benutzerfreundlich, programmierbar und sicher und bieten optimalen Wärmekomfort bei exzellenter Energieeffizienz. Ihr modernes Design fügt sich harmonisch in jeden Wohnstil ein.

✔ Programmierbare und automatische Heizung
✔ ​​Hohe Effizienz und optimierter Verbrauch
✔ Einfache Installation und Wartung
✔ ​​Umweltfreundliche und wirtschaftliche Lösung

Genießen Sie leistungsstarke, ästhetisch ansprechende und nachhaltige Heizung für Ihr Zuhause.","Chiemgau Pellets GmbH","","Pelletkessel, Pelletkessel > Pelletkessel2","","TRUE","Title","Default Title","","","","","CHI-2350-001","","shopify","29","deny","manual","2350.00","","TRUE","TRUE","","https://chiemgaupelletsgmbh.de/wp-content/uploads/2026/03/evacalor-ev50-50-kw-1-1-1-600x600-1.jpg","1","Pelletkessel – EXTRAFLAME PK15 16kW","FALSE","Pelletkessel – EXTRAFLAME PK15 16kW","Unsere Pelletöfen vereinen Technologie, Design und Leistung und verwandeln Ihr Zuhause in einen warmen und eleganten Raum. Dank intelligenter Steuerungssysteme sorgen sie für eine gleichmäßige Wärmeverteilung bei gleichzeitig optimiertem Pelletverbrauch. Unsere Öfen sind benutzerfreundlich, programmierbar und sicher un","","","","CHI-2350-001","new","TRUE","https://chiemgaupelletsgmbh.de/wp-content/uploads/2026/03/evacalor-ev50-50-kw-1-1-1-600x600-1.jpg","kg","","active"
"bio-eko-pellet-palette-mit-70-sacken-bei-15-kg","BIO-EKO PELLET – PALETTE MIT 70 SÄCKEN BEI 15 KG","Unsere BIO-EKO PELLET bestehen zu 100 % aus natürlichem Sägemehl – ​​ganz ohne Zusatzstoffe oder chemische Bindemittel. Getrocknet und hochverdichtet garantieren sie eine saubere Verbrennung, hohe Energieeffizienz und minimale Aschebildung.

Dank ihres geringen Feuchtigkeitsgehalts liefern unsere Pellets eine gleichmäßige und sparsame Wärme, die Ihr Heizsystem schont. Sie eignen sich ideal für alle Arten von Pelletöfen und -kesseln und bieten eine zuverlässige und nachhaltige Heizlösung für den Winter.

✔ Hohe Heizleistung
✔ ​​Geringer Aschegehalt
✔ Saubere und umweltfreundliche Verbrennung
✔ ​​Kompatibel mit allen Pelletöfen

Entscheiden Sie sich für effizientes, sparsames und umweltfreundliches Heizen.","Chiemgau Pellets GmbH","","Holzpellets, Pelletkessel > Pelletkessel2","","TRUE","Title","Default Title","","","","","CHI-390-001","","shopify","22","deny","manual","390.00","","TRUE","TRUE","","https://chiemgaupelletsgmbh.de/wp-content/uploads/2026/03/a13-2-600x600-1.jpg","1","BIO-EKO PELLET – PALETTE MIT 70 SÄCKEN BEI 15 KG","FALSE","BIO-EKO PELLET – PALETTE MIT 70 SÄCKEN BEI 15 KG","Unsere BIO-EKO PELLET bestehen zu 100 % aus natürlichem Sägemehl – ​​ganz ohne Zusatzstoffe oder chemische Bindemittel. Getrocknet und hochverdichtet garantieren sie eine saubere Verbrennung, hohe Energieeffizienz und minimale Aschebildung. Dank ihres geringen Feuchtigkeitsgehalts liefern unsere Pellets eine gleichmäßi","","","","CHI-390-001","new","TRUE","https://chiemgaupelletsgmbh.de/wp-content/uploads/2026/03/a13-2-600x600-1.jpg","kg","","active"
"solaris-pellet-palette-mit-65-sacken-zu-15-kg","SOLARIS PELLET – PALETTE MIT 65 SÄCKEN ZU 15 KG","Unsere SOLARIS PELLET bestehen zu 100 % aus natürlichem Sägemehl – ​​ganz ohne Zusatzstoffe oder chemische Bindemittel. Getrocknet und hochverdichtet garantieren sie eine saubere Verbrennung, hohe Energieeffizienz und minimale Aschebildung.

Dank ihres geringen Feuchtigkeitsgehalts liefern unsere Pellets eine gleichmäßige und sparsame Wärme, die Ihr Heizsystem schont. Sie eignen sich ideal für alle Arten von Pelletöfen und -kesseln und bieten eine zuverlässige und nachhaltige Heizlösung für den Winter.

✔ Hohe Heizleistung
✔ ​​Geringer Aschegehalt
✔ Saubere und umweltfreundliche Verbrennung
✔ ​​Kompatibel mit allen Pelletöfen

Entscheiden Sie sich für effizientes, sparsames und umweltfreundliches Heizen.","Chiemgau Pellets GmbH","","Holzpellets, Pelletkessel > Pelletkessel2","","TRUE","Title","Default Title","","","","","CHI-380-001","","shopify","23","deny","manual","380.00","","TRUE","TRUE","","https://chiemgaupelletsgmbh.de/wp-content/uploads/2026/03/a14-600x600-1.jpg","1","SOLARIS PELLET – PALETTE MIT 65 SÄCKEN ZU 15 KG","FALSE","SOLARIS PELLET – PALETTE MIT 65 SÄCKEN ZU 15 KG","Unsere SOLARIS PELLET bestehen zu 100 % aus natürlichem Sägemehl – ​​ganz ohne Zusatzstoffe oder chemische Bindemittel. Getrocknet und hochverdichtet garantieren sie eine saubere Verbrennung, hohe Energieeffizienz und minimale Aschebildung. Dank ihres geringen Feuchtigkeitsgehalts liefern unsere Pellets eine gleichmäßi","","","","CHI-380-001","new","TRUE","https://chiemgaupelletsgmbh.de/wp-content/uploads/2026/03/a14-600x600-1.jpg","kg","","active"
"bio-technik-pellet-palette-zu-50-sacken-zu-15-kg","BIO-TECHNIK PELLET – PALETTE ZU 50 SÄCKEN ZU 15 KG","Unsere BIO-TECHNIK PELLET bestehen zu 100 % aus natürlichem Sägemehl – ​​ganz ohne Zusatzstoffe oder chemische Bindemittel. Getrocknet und hochverdichtet garantieren sie eine saubere Verbrennung, hohe Energieeffizienz und minimale Aschebildung.

Dank ihres geringen Feuchtigkeitsgehalts liefern unsere Pellets eine gleichmäßige und sparsame Wärme, die Ihr Heizsystem schont. Sie eignen sich ideal für alle Arten von Pelletöfen und -kesseln und bieten eine zuverlässige und nachhaltige Heizlösung für den Winter.

✔ Hohe Heizleistung
✔ ​​Geringer Aschegehalt
✔ Saubere und umweltfreundliche Verbrennung
✔ ​​Kompatibel mit allen Pelletöfen

Entscheiden Sie sich für effizientes, sparsames und umweltfreundliches Heizen.","Chiemgau Pellets GmbH","","Holzpellets, Pelletkessel > Pelletkessel2","","TRUE","Title","Default Title","","","","","CHI-470-001","","shopify","25","deny","manual","470.00","","TRUE","TRUE","","https://chiemgaupelletsgmbh.de/wp-content/uploads/2026/03/b88-600x600-1.jpg","1","BIO-TECHNIK PELLET – PALETTE ZU 50 SÄCKEN ZU 15 KG","FALSE","BIO-TECHNIK PELLET – PALETTE ZU 50 SÄCKEN ZU 15 KG","Unsere BIO-TECHNIK PELLET bestehen zu 100 % aus natürlichem Sägemehl – ​​ganz ohne Zusatzstoffe oder chemische Bindemittel. Getrocknet und hochverdichtet garantieren sie eine saubere Verbrennung, hohe Energieeffizienz und minimale Aschebildung. Dank ihres geringen Feuchtigkeitsgehalts liefern unsere Pellets eine gleich","","","","CHI-470-001","new","TRUE","https://chiemgaupelletsgmbh.de/wp-content/uploads/2026/03/b88-600x600-1.jpg","kg","","active"
"verba-pellet-palette-zu-70-sacken-zu-15-kg","VERBA PELLET – PALETTE ZU 70 SÄCKEN ZU 15 KG","Unsere VERBA PELLET bestehen zu 100 % aus natürlichem Sägemehl – ​​ganz ohne Zusatzstoffe oder chemische Bindemittel. Getrocknet und hochverdichtet garantieren sie eine saubere Verbrennung, hohe Energieeffizienz und minimale Aschebildung.

Dank ihres geringen Feuchtigkeitsgehalts liefern unsere Pellets eine gleichmäßige und sparsame Wärme, die Ihr Heizsystem schont. Sie eignen sich ideal für alle Arten von Pelletöfen und -kesseln und bieten eine zuverlässige und nachhaltige Heizlösung für den Winter.

✔ Hohe Heizleistung
✔ ​​Geringer Aschegehalt
✔ Saubere und umweltfreundliche Verbrennung
✔ ​​Kompatibel mit allen Pelletöfen

Entscheiden Sie sich für effizientes, sparsames und umweltfreundliches Heizen.","Chiemgau Pellets GmbH","","Holzpellets, Pelletkessel > Pelletkessel2","","TRUE","Title","Default Title","","","","","CHI-620-001","","shopify","27","deny","manual","620.00","","TRUE","TRUE","","https://chiemgaupelletsgmbh.de/wp-content/uploads/2026/03/a12-3-600x600-1.jpg","1","VERBA PELLET – PALETTE ZU 70 SÄCKEN ZU 15 KG","FALSE","VERBA PELLET – PALETTE ZU 70 SÄCKEN ZU 15 KG","Unsere VERBA PELLET bestehen zu 100 % aus natürlichem Sägemehl – ​​ganz ohne Zusatzstoffe oder chemische Bindemittel. Getrocknet und hochverdichtet garantieren sie eine saubere Verbrennung, hohe Energieeffizienz und minimale Aschebildung. Dank ihres geringen Feuchtigkeitsgehalts liefern unsere Pellets eine gleichmäßige","","","","CHI-620-001","new","TRUE","https://chiemgaupelletsgmbh.de/wp-content/uploads/2026/03/a12-3-600x600-1.jpg","kg","","active"
"pellet-starkes-pellet-palette-zu-70-sacken-zu-15-kg","PELLET STARKES PELLET – PALETTE ZU 70 SÄCKEN ZU 15 KG","Unsere PELLET STARKES PELLET bestehen zu 100 % aus natürlichem Sägemehl – ​​ganz ohne Zusatzstoffe oder chemische Bindemittel. Getrocknet und hochverdichtet garantieren sie eine saubere Verbrennung, hohe Energieeffizienz und minimale Aschebildung.

Dank ihres geringen Feuchtigkeitsgehalts liefern unsere Pellets eine gleichmäßige und sparsame Wärme, die Ihr Heizsystem schont. Sie eignen sich ideal für alle Arten von Pelletöfen und -kesseln und bieten eine zuverlässige und nachhaltige Heizlösung für den Winter.

✔ Hohe Heizleistung
✔ ​​Geringer Aschegehalt
✔ Saubere und umweltfreundliche Verbrennung
✔ ​​Kompatibel mit allen Pelletöfen

Entscheiden Sie sich für effizientes, sparsames und umweltfreundliches Heizen.","Chiemgau Pellets GmbH","","Holzpellets, Pelletkessel > Pelletkessel2","","TRUE","Title","Default Title","","","","","CHI-610-001","","shopify","29","deny","manual","610.00","","TRUE","TRUE","","https://chiemgaupelletsgmbh.de/wp-content/uploads/2026/03/a17-600x600-1.jpg","1","PELLET STARKES PELLET – PALETTE ZU 70 SÄCKEN ZU 15 KG","FALSE","PELLET STARKES PELLET – PALETTE ZU 70 SÄCKEN ZU 15 KG","Unsere PELLET STARKES PELLET bestehen zu 100 % aus natürlichem Sägemehl – ​​ganz ohne Zusatzstoffe oder chemische Bindemittel. Getrocknet und hochverdichtet garantieren sie eine saubere Verbrennung, hohe Energieeffizienz und minimale Aschebildung. Dank ihres geringen Feuchtigkeitsgehalts liefern unsere Pellets eine gle","","","","CHI-610-001","new","TRUE","https://chiemgaupelletsgmbh.de/wp-content/uploads/2026/03/a17-600x600-1.jpg","kg","","active"
"pellet-ausgezeichnete-pellets-pallet-von-65-sacken-von-15-kg","PELLET AUSGEZEICHNETE PELLETS – PALLET VON 65 SÄCKEN VON 15 KG","Unsere PELLET AUSGEZEICHNETE PELLETS bestehen zu 100 % aus natürlichem Sägemehl – ​​ganz ohne Zusatzstoffe oder chemische Bindemittel. Getrocknet und hochverdichtet garantieren sie eine saubere Verbrennung, hohe Energieeffizienz und minimale Aschebildung.

Dank ihres geringen Feuchtigkeitsgehalts liefern unsere Pellets eine gleichmäßige und sparsame Wärme, die Ihr Heizsystem schont. Sie eignen sich ideal für alle Arten von Pelletöfen und -kesseln und bieten eine zuverlässige und nachhaltige Heizlösung für den Winter.

✔ Hohe Heizleistung
✔ ​​Geringer Aschegehalt
✔ Saubere und umweltfreundliche Verbrennung
✔ ​​Kompatibel mit allen Pelletöfen

Entscheiden Sie sich für effizientes, sparsames und umweltfreundliches Heizen.","Chiemgau Pellets GmbH","","Holzpellets, Pelletkessel > Pelletkessel2","","TRUE","Title","Default Title","","","","","CHI-530-001","","shopify","28","deny","manual","530.00","","TRUE","TRUE","","https://chiemgaupelletsgmbh.de/wp-content/uploads/2026/03/a18-2-600x600-1.jpg","1","PELLET AUSGEZEICHNETE PELLETS – PALLET VON 65 SÄCKEN VON 15 KG","FALSE","PELLET AUSGEZEICHNETE PELLETS – PALLET VON 65 SÄCKEN VON 15 KG","Unsere PELLET AUSGEZEICHNETE PELLETS bestehen zu 100 % aus natürlichem Sägemehl – ​​ganz ohne Zusatzstoffe oder chemische Bindemittel. Getrocknet und hochverdichtet garantieren sie eine saubere Verbrennung, hohe Energieeffizienz und minimale Aschebildung. Dank ihres geringen Feuchtigkeitsgehalts liefern unsere Pellets ","","","","CHI-530-001","new","TRUE","https://chiemgaupelletsgmbh.de/wp-content/uploads/2026/03/a18-2-600x600-1.jpg","kg","","active"
"pellet-van-roje-palette-von-65-sacken-von-15-kg","PELLET VAN ROJE – PALETTE VON 65 SÄCKEN VON 15 KG","Unsere PELLET VAN ROJE bestehen zu 100 % aus natürlichem Sägemehl – ​​ganz ohne Zusatzstoffe oder chemische Bindemittel. Getrocknet und hochverdichtet garantieren sie eine saubere Verbrennung, hohe Energieeffizienz und minimale Aschebildung.

Dank ihres geringen Feuchtigkeitsgehalts liefern unsere Pellets eine gleichmäßige und sparsame Wärme, die Ihr Heizsystem schont. Sie eignen sich ideal für alle Arten von Pelletöfen und -kesseln und bieten eine zuverlässige und nachhaltige Heizlösung für den Winter.

✔ Hohe Heizleistung
✔ ​​Geringer Aschegehalt
✔ Saubere und umweltfreundliche Verbrennung
✔ ​​Kompatibel mit allen Pelletöfen

Entscheiden Sie sich für effizientes, sparsames und umweltfreundliches Heizen.","Chiemgau Pellets GmbH","","Holzpellets, Pelletkessel > Pelletkessel2","","TRUE","Title","Default Title","","","","","CHI-570-001","","shopify","24","deny","manual","570.00","","TRUE","TRUE","","https://chiemgaupelletsgmbh.de/wp-content/uploads/2026/03/a15-1-600x600-1.jpg","1","PELLET VAN ROJE – PALETTE VON 65 SÄCKEN VON 15 KG","FALSE","PELLET VAN ROJE – PALETTE VON 65 SÄCKEN VON 15 KG","Unsere PELLET VAN ROJE bestehen zu 100 % aus natürlichem Sägemehl – ​​ganz ohne Zusatzstoffe oder chemische Bindemittel. Getrocknet und hochverdichtet garantieren sie eine saubere Verbrennung, hohe Energieeffizienz und minimale Aschebildung. Dank ihres geringen Feuchtigkeitsgehalts liefern unsere Pellets eine gleichmäß","","","","CHI-570-001","new","TRUE","https://chiemgaupelletsgmbh.de/wp-content/uploads/2026/03/a15-1-600x600-1.jpg","kg","","active"
"enerbio-pellet-palette-mit-77-sacken-zu-15-kg","ENERBIO-PELLET – PALETTE MIT 77 SÄCKEN ZU 15 KG","Unsere ENERBIO-PELLET bestehen zu 100 % aus natürlichem Sägemehl – ​​ganz ohne Zusatzstoffe oder chemische Bindemittel. Getrocknet und hochverdichtet garantieren sie eine saubere Verbrennung, hohe Energieeffizienz und minimale Aschebildung.

Dank ihres geringen Feuchtigkeitsgehalts liefern unsere Pellets eine gleichmäßige und sparsame Wärme, die Ihr Heizsystem schont. Sie eignen sich ideal für alle Arten von Pelletöfen und -kesseln und bieten eine zuverlässige und nachhaltige Heizlösung für den Winter.

✔ Hohe Heizleistung
✔ ​​Geringer Aschegehalt
✔ Saubere und umweltfreundliche Verbrennung
✔ ​​Kompatibel mit allen Pelletöfen

Entscheiden Sie sich für effizientes, sparsames und umweltfreundliches Heizen.","Chiemgau Pellets GmbH","","Holzpellets, Pelletkessel > Pelletkessel2","","TRUE","Title","Default Title","","","","","WC-95","","shopify","22","deny","manual","450.00","","TRUE","TRUE","","https://chiemgaupelletsgmbh.de/wp-content/uploads/2026/03/a16-1-600x600-1.jpg","1","ENERBIO-PELLET – PALETTE MIT 77 SÄCKEN ZU 15 KG","FALSE","ENERBIO-PELLET – PALETTE MIT 77 SÄCKEN ZU 15 KG","Unsere ENERBIO-PELLET bestehen zu 100 % aus natürlichem Sägemehl – ​​ganz ohne Zusatzstoffe oder chemische Bindemittel. Getrocknet und hochverdichtet garantieren sie eine saubere Verbrennung, hohe Energieeffizienz und minimale Aschebildung. Dank ihres geringen Feuchtigkeitsgehalts liefern unsere Pellets eine gleichmäßi","","","","WC-95","new","TRUE","https://chiemgaupelletsgmbh.de/wp-content/uploads/2026/03/a16-1-600x600-1.jpg","kg","","active"
"comfy-cosy-pellet-palette-mit-65-sacken-von-18-1-kg","COMFY COSY PELLET – PALETTE MIT 65 SÄCKEN VON 18,1 KG","Unsere COMFY COSY PELLET bestehen zu 100 % aus natürlichem Sägemehl – ​​ganz ohne Zusatzstoffe oder chemische Bindemittel. Getrocknet und hochverdichtet garantieren sie eine saubere Verbrennung, hohe Energieeffizienz und minimale Aschebildung.

Dank ihres geringen Feuchtigkeitsgehalts liefern unsere Pellets eine gleichmäßige und sparsame Wärme, die Ihr Heizsystem schont. Sie eignen sich ideal für alle Arten von Pelletöfen und -kesseln und bieten eine zuverlässige und nachhaltige Heizlösung für den Winter.

✔ Hohe Heizleistung
✔ ​​Geringer Aschegehalt
✔ Saubere und umweltfreundliche Verbrennung
✔ ​​Kompatibel mit allen Pelletöfen

Entscheiden Sie sich für effizientes, sparsames und umweltfreundliches Heizen.","Chiemgau Pellets GmbH","","Holzpellets, Pelletkessel > Pelletkessel2","","TRUE","Title","Default Title","","","","","CHI-8899-001","","shopify","24","deny","manual","899.00","","TRUE","TRUE","","https://chiemgaupelletsgmbh.de/wp-content/uploads/2026/03/b87-600x600-1.jpg","1","COMFY COSY PELLET – PALETTE MIT 65 SÄCKEN VON 18,1 KG","FALSE","COMFY COSY PELLET – PALETTE MIT 65 SÄCKEN VON 18,1 KG","Unsere COMFY COSY PELLET bestehen zu 100 % aus natürlichem Sägemehl – ​​ganz ohne Zusatzstoffe oder chemische Bindemittel. Getrocknet und hochverdichtet garantieren sie eine saubere Verbrennung, hohe Energieeffizienz und minimale Aschebildung. Dank ihres geringen Feuchtigkeitsgehalts liefern unsere Pellets eine gleichm","","","","CHI-8899-001","new","TRUE","https://chiemgaupelletsgmbh.de/wp-content/uploads/2026/03/b87-600x600-1.jpg","kg","","active"
"pellet-dachs-palette-mit-65-sacken-zu-15-kg","PELLET-DACHS – PALETTE MIT 65 SÄCKEN ZU 15 KG","Unsere PELLET-DACHS bestehen zu 100 % aus natürlichem Sägemehl – ​​ganz ohne Zusatzstoffe oder chemische Bindemittel. Getrocknet und hochverdichtet garantieren sie eine saubere Verbrennung, hohe Energieeffizienz und minimale Aschebildung.

Dank ihres geringen Feuchtigkeitsgehalts liefern unsere Pellets eine gleichmäßige und sparsame Wärme, die Ihr Heizsystem schont. Sie eignen sich ideal für alle Arten von Pelletöfen und -kesseln und bieten eine zuverlässige und nachhaltige Heizlösung für den Winter.

✔ Hohe Heizleistung
✔ ​​Geringer Aschegehalt
✔ Saubere und umweltfreundliche Verbrennung
✔ ​​Kompatibel mit allen Pelletöfen

Entscheiden Sie sich für effizientes, sparsames und umweltfreundliches Heizen.","Chiemgau Pellets GmbH","","Holzpellets, Pelletkessel > Pelletkessel2","","TRUE","Title","Default Title","","","","","CHI-780-001","","shopify","25","deny","manual","780.00","","TRUE","TRUE","","https://chiemgaupelletsgmbh.de/wp-content/uploads/2026/03/b81-600x600-1.jpg","1","PELLET-DACHS – PALETTE MIT 65 SÄCKEN ZU 15 KG","FALSE","PELLET-DACHS – PALETTE MIT 65 SÄCKEN ZU 15 KG","Unsere PELLET-DACHS bestehen zu 100 % aus natürlichem Sägemehl – ​​ganz ohne Zusatzstoffe oder chemische Bindemittel. Getrocknet und hochverdichtet garantieren sie eine saubere Verbrennung, hohe Energieeffizienz und minimale Aschebildung. Dank ihres geringen Feuchtigkeitsgehalts liefern unsere Pellets eine gleichmäßige","","","","CHI-780-001","new","TRUE","https://chiemgaupelletsgmbh.de/wp-content/uploads/2026/03/b81-600x600-1.jpg","kg","","active"
"pellet-starkes-pellet-palette-zu-70-sacken-zu-15-kg-98","PELLET STARKES PELLET – PALETTE ZU 70 SÄCKEN ZU 15 KG","Unsere PELLET STARKES PELLET bestehen zu 100 % aus natürlichem Sägemehl – ​​ganz ohne Zusatzstoffe oder chemische Bindemittel. Getrocknet und hochverdichtet garantieren sie eine saubere Verbrennung, hohe Energieeffizienz und minimale Aschebildung.

Dank ihres geringen Feuchtigkeitsgehalts liefern unsere Pellets eine gleichmäßige und sparsame Wärme, die Ihr Heizsystem schont. Sie eignen sich ideal für alle Arten von Pelletöfen und -kesseln und bieten eine zuverlässige und nachhaltige Heizlösung für den Winter.

✔ Hohe Heizleistung
✔ ​​Geringer Aschegehalt
✔ Saubere und umweltfreundliche Verbrennung
✔ ​​Kompatibel mit allen Pelletöfen

Entscheiden Sie sich für effizientes, sparsames und umweltfreundliches Heizen.","Chiemgau Pellets GmbH","","Holzpellets","","TRUE","Title","Default Title","","","","","CHI-740-001","","shopify","23","deny","manual","740.00","","TRUE","TRUE","","https://chiemgaupelletsgmbh.de/wp-content/uploads/2026/03/b82-600x600-1.jpg","1","PELLET STARKES PELLET – PALETTE ZU 70 SÄCKEN ZU 15 KG","FALSE","PELLET STARKES PELLET – PALETTE ZU 70 SÄCKEN ZU 15 KG","Unsere PELLET STARKES PELLET bestehen zu 100 % aus natürlichem Sägemehl – ​​ganz ohne Zusatzstoffe oder chemische Bindemittel. Getrocknet und hochverdichtet garantieren sie eine saubere Verbrennung, hohe Energieeffizienz und minimale Aschebildung. Dank ihres geringen Feuchtigkeitsgehalts liefern unsere Pellets eine gle","","","","CHI-740-001","new","TRUE","https://chiemgaupelletsgmbh.de/wp-content/uploads/2026/03/b82-600x600-1.jpg","kg","","active"
"pellet-pynauja-palette-mit-70-sacken-zu-15-kg","PELLET PYNAUJA – PALETTE MIT 70 SÄCKEN ZU 15 KG","Unsere PELLET PYNAUJA bestehen zu 100 % aus natürlichem Sägemehl – ​​ganz ohne Zusatzstoffe oder chemische Bindemittel. Getrocknet und hochverdichtet garantieren sie eine saubere Verbrennung, hohe Energieeffizienz und minimale Aschebildung.

Dank ihres geringen Feuchtigkeitsgehalts liefern unsere Pellets eine gleichmäßige und sparsame Wärme, die Ihr Heizsystem schont. Sie eignen sich ideal für alle Arten von Pelletöfen und -kesseln und bieten eine zuverlässige und nachhaltige Heizlösung für den Winter.

✔ Hohe Heizleistung
✔ ​​Geringer Aschegehalt
✔ Saubere und umweltfreundliche Verbrennung
✔ ​​Kompatibel mit allen Pelletöfen

Entscheiden Sie sich für effizientes, sparsames und umweltfreundliches Heizen.","Chiemgau Pellets GmbH","","Holzpellets","","TRUE","Title","Default Title","","","","","CHI-784-001","","shopify","26","deny","manual","784.00","","TRUE","TRUE","","https://chiemgaupelletsgmbh.de/wp-content/uploads/2026/03/b79-600x600-1.jpg","1","PELLET PYNAUJA – PALETTE MIT 70 SÄCKEN ZU 15 KG","FALSE","PELLET PYNAUJA – PALETTE MIT 70 SÄCKEN ZU 15 KG","Unsere PELLET PYNAUJA bestehen zu 100 % aus natürlichem Sägemehl – ​​ganz ohne Zusatzstoffe oder chemische Bindemittel. Getrocknet und hochverdichtet garantieren sie eine saubere Verbrennung, hohe Energieeffizienz und minimale Aschebildung. Dank ihres geringen Feuchtigkeitsgehalts liefern unsere Pellets eine gleichmäßi","","","","CHI-784-001","new","TRUE","https://chiemgaupelletsgmbh.de/wp-content/uploads/2026/03/b79-600x600-1.jpg","kg","","active"
"pellet-olczyk-palette-zu-70-sacken-zu-15-kg","PELLET OLCZYK – PALETTE ZU 70 SÄCKEN ZU 15 KG","Unsere PELLET OLCZYK bestehen zu 100 % aus natürlichem Sägemehl – ​​ganz ohne Zusatzstoffe oder chemische Bindemittel. Getrocknet und hochverdichtet garantieren sie eine saubere Verbrennung, hohe Energieeffizienz und minimale Aschebildung.

Dank ihres geringen Feuchtigkeitsgehalts liefern unsere Pellets eine gleichmäßige und sparsame Wärme, die Ihr Heizsystem schont. Sie eignen sich ideal für alle Arten von Pelletöfen und -kesseln und bieten eine zuverlässige und nachhaltige Heizlösung für den Winter.

✔ Hohe Heizleistung
✔ ​​Geringer Aschegehalt
✔ Saubere und umweltfreundliche Verbrennung
✔ ​​Kompatibel mit allen Pelletöfen

Entscheiden Sie sich für effizientes, sparsames und umweltfreundliches Heizen.","Chiemgau Pellets GmbH","","Holzpellets","","TRUE","Title","Default Title","","","","","CHI-718-001","","shopify","24","deny","manual","718.00","","TRUE","TRUE","","https://chiemgaupelletsgmbh.de/wp-content/uploads/2026/03/b80-600x600-1.jpg","1","PELLET OLCZYK – PALETTE ZU 70 SÄCKEN ZU 15 KG","FALSE","PELLET OLCZYK – PALETTE ZU 70 SÄCKEN ZU 15 KG","Unsere PELLET OLCZYK bestehen zu 100 % aus natürlichem Sägemehl – ​​ganz ohne Zusatzstoffe oder chemische Bindemittel. Getrocknet und hochverdichtet garantieren sie eine saubere Verbrennung, hohe Energieeffizienz und minimale Aschebildung. Dank ihres geringen Feuchtigkeitsgehalts liefern unsere Pellets eine gleichmäßig","","","","CHI-718-001","new","TRUE","https://chiemgaupelletsgmbh.de/wp-content/uploads/2026/03/b80-600x600-1.jpg","kg","","active"
"landwirtschaftspellet-palette-mit-70-sacken-zu-15-kg","LANDWIRTSCHAFTSPELLET – PALETTE MIT 70 SÄCKEN ZU 15 KG","Unsere LANDWIRTSCHAFTSPELLET bestehen zu 100 % aus natürlichem Sägemehl – ​​ganz ohne Zusatzstoffe oder chemische Bindemittel. Getrocknet und hochverdichtet garantieren sie eine saubere Verbrennung, hohe Energieeffizienz und minimale Aschebildung.

Dank ihres geringen Feuchtigkeitsgehalts liefern unsere Pellets eine gleichmäßige und sparsame Wärme, die Ihr Heizsystem schont. Sie eignen sich ideal für alle Arten von Pelletöfen und -kesseln und bieten eine zuverlässige und nachhaltige Heizlösung für den Winter.

✔ Hohe Heizleistung
✔ ​​Geringer Aschegehalt
✔ Saubere und umweltfreundliche Verbrennung
✔ ​​Kompatibel mit allen Pelletöfen

Entscheiden Sie sich für effizientes, sparsames und umweltfreundliches Heizen.","Chiemgau Pellets GmbH","","Holzpellets","","TRUE","Title","Default Title","","","","","CHI-587-001","","shopify","25","deny","manual","587.00","","TRUE","TRUE","","https://chiemgaupelletsgmbh.de/wp-content/uploads/2026/03/b85-600x600-1.jpg","1","LANDWIRTSCHAFTSPELLET – PALETTE MIT 70 SÄCKEN ZU 15 KG","FALSE","LANDWIRTSCHAFTSPELLET – PALETTE MIT 70 SÄCKEN ZU 15 KG","Unsere LANDWIRTSCHAFTSPELLET bestehen zu 100 % aus natürlichem Sägemehl – ​​ganz ohne Zusatzstoffe oder chemische Bindemittel. Getrocknet und hochverdichtet garantieren sie eine saubere Verbrennung, hohe Energieeffizienz und minimale Aschebildung. Dank ihres geringen Feuchtigkeitsgehalts liefern unsere Pellets eine gle","","","","CHI-587-001","new","TRUE","https://chiemgaupelletsgmbh.de/wp-content/uploads/2026/03/b85-600x600-1.jpg","kg","","active"
"bio-energie-pellet-mit-66-sacken-palette-zu-15-kg","BIO-ENERGIE-PELLET – MIT 66 SÄCKEN PALETTE ZU 15 KG","Unsere BIO-ENERGIE-PELLET bestehen zu 100 % aus natürlichem Sägemehl – ​​ganz ohne Zusatzstoffe oder chemische Bindemittel. Getrocknet und hochverdichtet garantieren sie eine saubere Verbrennung, hohe Energieeffizienz und minimale Aschebildung.

Dank ihres geringen Feuchtigkeitsgehalts liefern unsere Pellets eine gleichmäßige und sparsame Wärme, die Ihr Heizsystem schont. Sie eignen sich ideal für alle Arten von Pelletöfen und -kesseln und bieten eine zuverlässige und nachhaltige Heizlösung für den Winter.

✔ Hohe Heizleistung
✔ ​​Geringer Aschegehalt
✔ Saubere und umweltfreundliche Verbrennung
✔ ​​Kompatibel mit allen Pelletöfen

Entscheiden Sie sich für effizientes, sparsames und umweltfreundliches Heizen.","Chiemgau Pellets GmbH","","Holzpellets","","TRUE","Title","Default Title","","","","","CHI-788-001","","shopify","20","deny","manual","788.00","","TRUE","TRUE","","https://chiemgaupelletsgmbh.de/wp-content/uploads/2026/03/b86-600x600-1.jpg","1","BIO-ENERGIE-PELLET – MIT 66 SÄCKEN PALETTE ZU 15 KG","FALSE","BIO-ENERGIE-PELLET – MIT 66 SÄCKEN PALETTE ZU 15 KG","Unsere BIO-ENERGIE-PELLET bestehen zu 100 % aus natürlichem Sägemehl – ​​ganz ohne Zusatzstoffe oder chemische Bindemittel. Getrocknet und hochverdichtet garantieren sie eine saubere Verbrennung, hohe Energieeffizienz und minimale Aschebildung. Dank ihres geringen Feuchtigkeitsgehalts liefern unsere Pellets eine gleich","","","","CHI-788-001","new","TRUE","https://chiemgaupelletsgmbh.de/wp-content/uploads/2026/03/b86-600x600-1.jpg","kg","","active"
"coterram-pellet-palette-von-70-sacken-mit-15-kg","COTERRAM PELLET – PALETTE VON 70 SÄCKEN MIT 15 KG","Unsere COTERRAM PELLET bestehen zu 100 % aus natürlichem Sägemehl – ​​ganz ohne Zusatzstoffe oder chemische Bindemittel. Getrocknet und hochverdichtet garantieren sie eine saubere Verbrennung, hohe Energieeffizienz und minimale Aschebildung.

Dank ihres geringen Feuchtigkeitsgehalts liefern unsere Pellets eine gleichmäßige und sparsame Wärme, die Ihr Heizsystem schont. Sie eignen sich ideal für alle Arten von Pelletöfen und -kesseln und bieten eine zuverlässige und nachhaltige Heizlösung für den Winter.

✔ Hohe Heizleistung
✔ ​​Geringer Aschegehalt
✔ Saubere und umweltfreundliche Verbrennung
✔ ​​Kompatibel mit allen Pelletöfen

Entscheiden Sie sich für effizientes, sparsames und umweltfreundliches Heizen.","Chiemgau Pellets GmbH","","Holzpellets","","TRUE","Title","Default Title","","","","","CHI-794-001","","shopify","22","deny","manual","794.00","","TRUE","TRUE","","https://chiemgaupelletsgmbh.de/wp-content/uploads/2026/03/b83-600x600-1.jpg","1","COTERRAM PELLET – PALETTE VON 70 SÄCKEN MIT 15 KG","FALSE","COTERRAM PELLET – PALETTE VON 70 SÄCKEN MIT 15 KG","Unsere COTERRAM PELLET bestehen zu 100 % aus natürlichem Sägemehl – ​​ganz ohne Zusatzstoffe oder chemische Bindemittel. Getrocknet und hochverdichtet garantieren sie eine saubere Verbrennung, hohe Energieeffizienz und minimale Aschebildung. Dank ihres geringen Feuchtigkeitsgehalts liefern unsere Pellets eine gleichmäß","","","","CHI-794-001","new","TRUE","https://chiemgaupelletsgmbh.de/wp-content/uploads/2026/03/b83-600x600-1.jpg","kg","","active"
