Handle,Title,Body (HTML),Vendor,Type,Tags,Published,Option1 Name,Option1 Value,Variant SKU,Variant Price,Variant Grams,Variant Inventory Qty,Variant Inventory Policy,Variant Requires Shipping,Variant Taxable,Variant Barcode,Image Src,Image Position,URL
conjunto-de-mercado-tela-suspensa-70-s-110-cm-lin-multicolore,"MARKET SET Tela Suspensa 70's, Ø 110 cm, lin, multicolore","Pendente de chama única Tela dos anos 70 Painéis de lona

Este candeeiro excepcional da marca francesa MARKET SET combina na perfeição originalidade e harmonia. O encaixe central é circundado por diversos painéis de lona em tons neutros, dispostos em diferentes orientações e distâncias. Os elementos de tecido são ligeiramente translúcidos e criam um jogo de luz e sombra que muda a cada novo ângulo de visão. A roseta e a estrutura metálica, bem como o cabo revestido em tecido, são de cor preta.",,,,TRUE,Title,"MARKET SET Suspension Screen 70's, Ø 110 cm, lin, multicolore",10010819,,,,deny,TRUE,TRUE,,https://lw-cdn.com/images/F41D3BD6455B/k_f2967a52b6cfdffa2bde95e9e3382710;w_1600;h_1600;q_100/10010819.jpg,1,https://www.luminaire.fr/p/market-set-suspension-screen-70-s-o-110-cm-lin-multicolore-10010819.html
conjunto-de-mercado-tela-suspensa-70-s-110-cm-lin-multicolore,,,,,,,,,,,,,,,,,https://lw-cdn.com/images/7BC3DBC3B52A/k_889f64efda7c445db8d556d5ffb226ea;w_1600;h_1600;q_100/10010819.jpg,2,
conjunto-de-mercado-tela-suspensa-70-s-110-cm-lin-multicolore,,,,,,,,,,,,,,,,,https://lw-cdn.com/images/EFDF25ED4FE3/k_1877d6867377d520c82c12f12645ed13;w_1600;h_1600;q_100/10010819.jpg,3,
conjunto-de-mercado-tela-suspensa-70-s-110-cm-lin-multicolore,,,,,,,,,,,,,,,,,https://lw-cdn.com/images/4A24F4DB464F/k_258f88807db66720cfac7f6cf8acf289;w_1600;h_1600;q_100/10010819.jpg,4,
conjunto-de-mercado-tela-suspensa-70-s-110-cm-lin-multicolore,,,,,,,,,,,,,,,,,https://lw-cdn.com/images/D86E733F9FEF/k_cdfec3c20b7a359eb53b2d99fa263334;w_1600;h_1600;q_100/10010819.jpg,5,
conjunto-de-mercado-tela-suspensa-70-s-110-cm-lin-multicolore,,,,,,,,,,,,,,,,,https://lw-cdn.com/images/8858BCA5195D/k_0c7761d38d820a0858b212b339c63ed2;w_1600;h_1600;q_100/10010819.jpg,6,
conjunto-de-mercado-tela-suspensa-70-s-110-cm-lin-multicolore,,,,,,,,,,,,,,,,,https://lw-cdn.com/images/C8A93161D2A7/k_22924ee5b3f7ae4839ff0a837d2ea4ab;w_1600;h_1600;q_100/10010819.jpg,7,
conjunto-de-mercado-tela-suspensa-70-s-110-cm-lin-multicolore,,,,,,,,,,,,,,,,,https://lw-cdn.com/images/CA1E5FEB4C1D/k_0340b2605eb9d714e03abe29044b2c3e;w_1600;h_1600;q_100/10010819.jpg,8,
conjunto-de-mercado-tela-suspensa-70-s-110-cm-lin-multicolore,,,,,,,,,,,,,,,,,https://lw-cdn.com/images/E1434EB4364A/k_0429800b4e84192f3b4296f61102a650;w_1600;h_1600;q_100/10010819.jpg,9,
conjunto-de-mercado-tela-suspensa-70-s-110-cm-lin-multicolore,,,,,,,,,,,,,,,,,https://lw-cdn.com/images/341B67CF0DF0/k_f2967a52b6cfdffa2bde95e9e3382710;w_535;h_535;q_90/10010819.jpg,10,
lindby-elamira-luminária-pendente-metal-preto-133cm-3-luzes,"Pendente Lindby Elamira, preta, metal, 133cm, 3 luzes","Candeeiro suspenso Elamira 3-Light Preto e Dourado para Sala de Jantar Elamira é um difusor de luz muito elegante para a sala de jantar e tem, como candeeiro suspenso para exterior, três abajures de formato perfeito com exterior preto mate e dourado no interior. O resultado é um contraste de cores harmonioso que combina tons frios e quentes. A luz pode ser difundida de forma muito quente e confortável, pois a tonalidade dourada no interior dos abajures reflete a luz de uma forma particularmente acolhedora e acentuada. Três cabos têxteis pretos completam harmoniosamente o design elegante.",,,,TRUE,Title,"Lindby suspension Elamira, noir, métal, 133cm, 3 lampes",9627803,,,,deny,TRUE,TRUE,,https://lw-cdn.com/images/DDED37F04DAF/k_ffcdda709c9c64d1281be6eca5ca5b97;w_1600;h_1600;q_100/9627803.jpg,1,https://www.luminaire.fr/p/lindby-suspension-elamira-noir-metal-133cm-3-lampes-9627803.html
lindby-elamira-luminária-pendente-metal-preto-133cm-3-luzes,,,,,,,,,,,,,,,,,https://lw-cdn.com/images/3C04E82E26C9/k_7cc682f973f3964d29685f79b50762a0;w_1600;h_1600;q_100/9627803.jpg,2,
lindby-elamira-luminária-pendente-metal-preto-133cm-3-luzes,,,,,,,,,,,,,,,,,https://lw-cdn.com/images/FA9DD63740F4/k_0a4b20323024f7a4f18a5023d2a14625;w_1600;h_1600;q_100/9627803.jpg,3,
lindby-elamira-luminária-pendente-metal-preto-133cm-3-luzes,,,,,,,,,,,,,,,,,https://lw-cdn.com/images/6490E221D88C/k_99b0adfb0a8eadbbd0722b79d86f46b0;w_1600;h_1600;q_100/9627803.jpg,4,
lindby-elamira-luminária-pendente-metal-preto-133cm-3-luzes,,,,,,,,,,,,,,,,,https://lw-cdn.com/images/E77437A1F63D/k_437eb66bc447225cf0c99d6a992d642a;w_1600;h_1600;q_100/9627803.jpg,5,
lindby-elamira-luminária-pendente-metal-preto-133cm-3-luzes,,,,,,,,,,,,,,,,,https://lw-cdn.com/images/49038EA2EAA6/k_67d4ec64836123d79199d96b1b50c5c7;w_1600;h_1600;q_100/9627803.jpg,6,
lindby-elamira-luminária-pendente-metal-preto-133cm-3-luzes,,,,,,,,,,,,,,,,,https://lw-cdn.com/images/FF650FC98CFF/k_f5228a16408c886d1f7434ef1f3fb27b;w_1600;h_1600;q_100/9627803.jpg,7,
lindby-elamira-luminária-pendente-metal-preto-133cm-3-luzes,,,,,,,,,,,,,,,,,https://lw-cdn.com/images/3A86F1FE5F61/k_287040bd17f52383b2ce0d7857b905e0;w_1600;h_1600;q_100/9627803.jpg,8,
lindby-elamira-luminária-pendente-metal-preto-133cm-3-luzes,,,,,,,,,,,,,,,,,https://lw-cdn.com/images/A3879A577667/k_7ef36b2d8489bafa4342538685051bf9;w_1600;h_1600;q_100/9627803.jpg,9,
lindby-elamira-luminária-pendente-metal-preto-133cm-3-luzes,,,,,,,,,,,,,,,,,https://lw-cdn.com/images/11932A766145/k_5894e62eec008563924e8d841d394d01;w_1600;h_1600;q_100/9627803.jpg,10,
luminária-pendente-cubus-74-cm-6-lâmpadas-vidro-transparente-marrom-mel,"Luminária pendente Cubus, 74 cm, 6 luzes, transparente/mel/marrom, vidro","Candeeiro suspenso Cubus: a elegância encontra a funcionalidade no seu interior Descubra como o candeeiro suspenso Cubus, com o seu design de 6 lâmpadas e cores atraentes em claro, mel e castanho, cria uma atmosfera de elegância moderna nos seus quartos. Os elementos de vidro de alta qualidade refletem a luz de uma forma que transforma a sala de estar, cozinha ou sala de jantar em espaços acolhedores e elegantes. A luminária suspensa foi concebida para lâmpadas E27, que oferecem a possibilidade de modular a intensidade da luz de acordo com os seus desejos - ideal para cada situação, seja um momento de convívio ou um trabalho concentrado. Embora não seja fornecido um dimmer, a luminária pendente Cubus pode ser facilmente combinada com um dimmer externo para adaptar o brilho conforme necessário. As linhas limpas e os tons quentes do vidro adaptam-se perfeitamente aos estilos de mobiliário moderno e sublinham o carácter contemporâneo das suas instalações. Faça uma declaração de estilo e funcionalidade com a luminária pendente Cubus e desfrute da flexibilidade e do ambiente que ela traz para sua casa.",,,,TRUE,Title,"Suspension Cubus, 74 cm, 6 lampes, transparent/miel/brun, verre",9050007,,,,deny,TRUE,TRUE,,https://lw-cdn.com/images/8FC57FFC0A4C/k_3d1357c1c38b75c2d3bc6bbf3a96d628;w_1600;h_1600;q_100/9050007.jpg,1,https://www.luminaire.fr/p/suspension-cubus-74-cm-6-lampes-transparent-miel-brun-verre-9050007.html
luminária-pendente-cubus-74-cm-6-lâmpadas-vidro-transparente-marrom-mel,,,,,,,,,,,,,,,,,https://lw-cdn.com/images/E0D65DAFFA2E/k_2066d504e35dfc231372dffaedb603be;w_1600;h_1600;q_100/9050007.jpg,2,
luminária-pendente-cubus-74-cm-6-lâmpadas-vidro-transparente-marrom-mel,,,,,,,,,,,,,,,,,https://lw-cdn.com/images/A028BAF686BD/k_6ab327e0d4714d22d1f323ec45f79d5a;w_1600;h_1600;q_100/9050007.jpg,3,
luminária-pendente-cubus-74-cm-6-lâmpadas-vidro-transparente-marrom-mel,,,,,,,,,,,,,,,,,https://lw-cdn.com/images/43BDE3FFC9B4/k_eb24387d35892d84276f617fa91cd165;w_1600;h_1600;q_100/9050007.jpg,4,
luminária-pendente-cubus-74-cm-6-lâmpadas-vidro-transparente-marrom-mel,,,,,,,,,,,,,,,,,https://lw-cdn.com/images/5F82D9C3168C/k_845541e128c12bebd2a6db9504f59c4d;w_1600;h_1600;q_100/9050007.jpg,5,
luminária-pendente-cubus-74-cm-6-lâmpadas-vidro-transparente-marrom-mel,,,,,,,,,,,,,,,,,https://lw-cdn.com/images/7FA0165BD736/k_b617c045544f684946263a5ab25d7a64;w_1600;h_1600;q_100/9050007.jpg,6,
