Handle,Title,Body (HTML),Vendor,Product Category,Type,Tags,Published,Option1 Name,Option1 Value,Option2 Name,Option2 Value,Option3 Name,Option3 Value,SKU,Grams,Weight Unit,Inventory Qty,Inventory Policy,Fulfillment Service,Price,Compare At Price,Requires Shipping,Taxable,Barcode,Image Src,Image Position,Image Alt Text,Gift Card,SEO Title,SEO Description,Google Shopping / Google Product Category,Google Shopping / Gender,Google Shopping / Age Group,Google Shopping / MPN,Google Shopping / AdWords Grouping,Google Shopping / AdWords Labels,Google Shopping / Condition,Google Shopping / Custom Product,Google Shopping / Custom Label 0,Google Shopping / Custom Label 1,Google Shopping / Custom Label 2,Google Shopping / Custom Label 3,Google Shopping / Custom Label 4,Variant Image,Variant Weight Unit,Variant Tax Code,Cost per item,Status
pool-001,Container-Spa-Pool 3.0 x 2.5 m mit Whirlpool - Komplettset,"<div class=""product-description"">
  <h1>Container-Spa-Pool 3.0 x 2.5 m mit Whirlpool - Komplettset</h1>
  
  <h2>Premium-Qualitaet fuer deutsche Gaerten</h2>
  <ul>
    <li>Wetterfest und winterfest</li>
    <li>Einfache Selbstmontage</li>
    <li>5 Jahre Herstellergarantie</li>
    <li>TUEV-gepruefte Sicherheit</li>
    <li>Kostenlose Lieferung nach DE/AT</li>
  </ul>
  
  <h2>Perfekt fuer:</h2>
  <ul>
    <li>Hausgaerten und Terrassen</li>
    <li>Fitness und Erholung</li>
    <li>Familien mit Kindern</li>
    <li>Ganzjaehrige Nutzung</li>
  </ul>
  
  <h2>Technische Daten:</h2>
  <table border=""0"" cellspacing=""0"" cellpadding=""5"">
    <tr><td><strong>Material:</strong></td><td>Stahl-Kunststoff</td></tr>
    <tr><td><strong>Farbe:</strong></td><td>Anthrazit</td></tr>
    <tr><td><strong>Garantie:</strong></td><td>5 Jahre</td></tr>
    <tr><td><strong>Lieferung:</strong></td><td>Kostenlos</td></tr>
  </table>
  
  <p><strong>Hochwertiger Container-Spa-Pool mit integriertem Whirlpool. Perfekt fuer Garten und Terrasse. Inklusive Heizung, Filteranlage und Abdeckung. Einfache Installation, sofort einsatzbereit.</strong></p>
  
  <h2>Unser Service-Paket:</h2>
  <ul>
    <li>Kostenlose Lieferung und Aufbau</li>
    <li>5 Jahre Herstellergarantie</li>
    <li>TUEV-Zertifizierung</li>
    <li>Deutscher Kundenservice</li>
    <li>30 Tage Rueckgaberecht</li>
  </ul>
</div>",GSHandels,Pools & Spas,Container Pool,"Pool, Schwimmbad, Garten, Container, Wellness, Fitness, Erholung, Luxus, GSHandels, Stahl Kunststoff, Deutschland, Premium, Qualitaet",TRUE,Title,Default Title,,,,,pool-001,,,5,deny,manual,8999.00,,TRUE,TRUE,,https://gshandels.com/wp-content/uploads/2026/02/container-spa-pool-3x2-5.jpg,1,Container-Spa-Pool 3.0 x 2.5 m mit Whirlpool - Komplettset,FALSE,Container-Spa-Pool 3.0 x 2.5 m mit Whirlpool - Komplettset | Deutsche Premium-Produkte,"Hochwertiger Container-Spa-Pool mit integriertem Whirlpool. Perfekt fuer Garten und Terrasse. Inklusive Heizung, Filteranlage und Abdeckung. Einfache Installation, sofort einsatzbereit.",594,Unisex,Adult,pool-001,,,new,,,,,,,,,,,active
pool-001,,,,,,,FALSE,,,,,,,,,,,,,,,,,,https://gshandels.com/wp-content/uploads/2026/02/container-spa-pool-3x2-5-2.jpg,2,Container-Spa-Pool 3.0 x 2.5 m mit Whirlpool - Image 2,FALSE,,,,,,,,,,,,,,,,,,,,active
pool-001,,,,,,,FALSE,,,,,,,,,,,,,,,,,,https://gshandels.com/wp-content/uploads/2026/02/container-spa-pool-3x2-5-3.jpg,3,Container-Spa-Pool 3.0 x 2.5 m mit Whirlpool - Image 3,FALSE,,,,,,,,,,,,,,,,,,,,active
pool-001,,,,,,,FALSE,,,,,,,,,,,,,,,,,,https://gshandels.com/wp-content/uploads/2026/02/container-spa-pool-3x2-5-4.jpg,4,Container-Spa-Pool 3.0 x 2.5 m mit Whirlpool - Image 4,FALSE,,,,,,,,,,,,,,,,,,,,active
pool-001,,,,,,,FALSE,,,,,,,,,,,,,,,,,,https://gshandels.com/wp-content/uploads/2026/02/container-spa-pool-3x2-5-5.jpg,5,Container-Spa-Pool 3.0 x 2.5 m mit Whirlpool - Image 5,FALSE,,,,,,,,,,,,,,,,,,,,active
pool-001,,,,,,,FALSE,,,,,,,,,,,,,,,,,,https://gshandels.com/wp-content/uploads/2026/02/container-spa-pool-3x2-5-6.jpg,6,Container-Spa-Pool 3.0 x 2.5 m mit Whirlpool - Image 6,FALSE,,,,,,,,,,,,,,,,,,,,active
pool-001,,,,,,,FALSE,,,,,,,,,,,,,,,,,,https://gshandels.com/wp-content/uploads/2026/02/container-spa-pool-3x2-5-7.jpg,7,Container-Spa-Pool 3.0 x 2.5 m mit Whirlpool - Image 7,FALSE,,,,,,,,,,,,,,,,,,,,active
pool-001,,,,,,,FALSE,,,,,,,,,,,,,,,,,,https://gshandels.com/wp-content/uploads/2026/02/container-spa-pool-3x2-5-8.jpg,8,Container-Spa-Pool 3.0 x 2.5 m mit Whirlpool - Image 8,FALSE,,,,,,,,,,,,,,,,,,,,active
pool-001,,,,,,,FALSE,,,,,,,,,,,,,,,,,,https://gshandels.com/wp-content/uploads/2026/02/container-spa-pool-3x2-5-9.jpg,9,Container-Spa-Pool 3.0 x 2.5 m mit Whirlpool - Image 9,FALSE,,,,,,,,,,,,,,,,,,,,active
pool-001,,,,,,,FALSE,,,,,,,,,,,,,,,,,,https://gshandels.com/wp-content/uploads/2026/02/container-spa-pool-3x2-5-10.jpg,10,Container-Spa-Pool 3.0 x 2.5 m mit Whirlpool - Image 10,FALSE,,,,,,,,,,,,,,,,,,,,active
pool-001,,,,,,,FALSE,,,,,,,,,,,,,,,,,,https://gshandels.com/wp-content/uploads/2026/02/container-spa-pool-3x2-5-11.jpg,11,Container-Spa-Pool 3.0 x 2.5 m mit Whirlpool - Image 11,FALSE,,,,,,,,,,,,,,,,,,,,active
pool-001,,,,,,,FALSE,,,,,,,,,,,,,,,,,,https://gshandels.com/wp-content/uploads/2026/02/container-spa-pool-3x2-5-12.jpg,12,Container-Spa-Pool 3.0 x 2.5 m mit Whirlpool - Image 12,FALSE,,,,,,,,,,,,,,,,,,,,active
pool-001,,,,,,,FALSE,,,,,,,,,,,,,,,,,,https://gshandels.com/wp-content/uploads/2026/02/container-spa-pool-3x2-5-13.jpg,13,Container-Spa-Pool 3.0 x 2.5 m mit Whirlpool - Image 13,FALSE,,,,,,,,,,,,,,,,,,,,active
pool-001,,,,,,,FALSE,,,,,,,,,,,,,,,,,,https://gshandels.com/wp-content/uploads/2026/02/container-spa-pool-3x2-5-14.jpg,14,Container-Spa-Pool 3.0 x 2.5 m mit Whirlpool - Image 14,FALSE,,,,,,,,,,,,,,,,,,,,active
pool-001,,,,,,,FALSE,,,,,,,,,,,,,,,,,,https://gshandels.com/wp-content/uploads/2026/02/container-spa-pool-3x2-5-15.jpg,15,Container-Spa-Pool 3.0 x 2.5 m mit Whirlpool - Image 15,FALSE,,,,,,,,,,,,,,,,,,,,active
pool-002,6.5 m x 2.5 m Polypropylen-Pool mit 4 m Panoramafenster,"<div class=""product-description"">
  <h1>6.5 m x 2.5 m Polypropylen-Pool mit 4 m Panoramafenster</h1>
  
  <h2>Premium-Qualitaet fuer deutsche Gaerten</h2>
  <ul>
    <li>Wetterfest und winterfest</li>
    <li>Einfache Selbstmontage</li>
    <li>5 Jahre Herstellergarantie</li>
    <li>TUEV-gepruefte Sicherheit</li>
    <li>Kostenlose Lieferung nach DE/AT</li>
  </ul>
  
  <h2>Technische Daten:</h2>
  <table border=""0"" cellspacing=""0"" cellpadding=""5"">
    <tr><td><strong>Material:</strong></td><td>Polypropylen</td></tr>
    <tr><td><strong>Farbe:</strong></td><td>Blau</td></tr>
    <tr><td><strong>Garantie:</strong></td><td>5 Jahre</td></tr>
  </table>
  
  <p><strong>Grosser Polypropylen-Pool mit beeindruckendem 4-Meter-Panoramafenster. Langlebiges Material, einfache Wartung. Ideal fuer Schwimmer und Entspannung. Komplett mit Pumpe und Filter.</strong></p>
  
  <h2>Unser Service-Paket:</h2>
  <ul>
    <li>Kostenlose Lieferung und Aufbau</li>
    <li>5 Jahre Herstellergarantie</li>
    <li>TUEV-Zertifizierung</li>
    <li>Deutscher Kundenservice</li>
    <li>30 Tage Rueckgaberecht</li>
  </ul>
</div>",GSHandels,Pools & Spas,Pool,"Pool, Schwimmbad, Garten, Container, Wellness, Fitness, Erholung, Luxus, GSHandels, Polypropylen, Deutschland, Premium, Qualitaet",TRUE,Title,Default Title,,,,,pool-002,,,5,deny,manual,12999.00,,TRUE,TRUE,,https://gshandels.com/wp-content/uploads/2026/02/polypropylen-pool-6-5x2-5.jpg,1,6.5 m x 2.5 m Polypropylen-Pool mit 4 m Panoramafenster,FALSE,6.5 m x 2.5 m Polypropylen-Pool mit 4 m Panoramafenster | Deutsche Premium-Produkte,"Grosser Polypropylen-Pool mit beeindruckendem 4-Meter-Panoramafenster. Langlebiges Material, einfache Wartung. Ideal fuer Schwimmer und Entspannung. Komplett mit Pumpe und Filter.",594,Unisex,Adult,pool-002,,,new,,,,,,,,,,,active
pool-002,,,,,,,FALSE,,,,,,,,,,,,,,,,,,https://gshandels.com/wp-content/uploads/2026/02/polypropylen-pool-6-5x2-5-2.jpg,2,6.5 m x 2.5 m Polypropylen-Pool mit 4 m Panoramafenster - Image 2,FALSE,,,,,,,,,,,,,,,,,,,,active
pool-002,,,,,,,FALSE,,,,,,,,,,,,,,,,,,https://gshandels.com/wp-content/uploads/2026/02/polypropylen-pool-6-5x2-5-3.jpg,3,6.5 m x 2.5 m Polypropylen-Pool mit 4 m Panoramafenster - Image 3,FALSE,,,,,,,,,,,,,,,,,,,,active
pool-002,,,,,,,FALSE,,,,,,,,,,,,,,,,,,https://gshandels.com/wp-content/uploads/2026/02/polypropylen-pool-6-5x2-5-4.jpg,4,6.5 m x 2.5 m Polypropylen-Pool mit 4 m Panoramafenster - Image 4,FALSE,,,,,,,,,,,,,,,,,,,,active
pool-002,,,,,,,FALSE,,,,,,,,,,,,,,,,,,https://gshandels.com/wp-content/uploads/2026/02/polypropylen-pool-6-5x2-5-5.jpg,5,6.5 m x 2.5 m Polypropylen-Pool mit 4 m Panoramafenster - Image 5,FALSE,,,,,,,,,,,,,,,,,,,,active
pool-002,,,,,,,FALSE,,,,,,,,,,,,,,,,,,https://gshandels.com/wp-content/uploads/2026/02/polypropylen-pool-6-5x2-5-6.jpg,6,6.5 m x 2.5 m Polypropylen-Pool mit 4 m Panoramafenster - Image 6,FALSE,,,,,,,,,,,,,,,,,,,,active
pool-002,,,,,,,FALSE,,,,,,,,,,,,,,,,,,https://gshandels.com/wp-content/uploads/2026/02/polypropylen-pool-6-5x2-5-7.jpg,7,6.5 m x 2.5 m Polypropylen-Pool mit 4 m Panoramafenster - Image 7,FALSE,,,,,,,,,,,,,,,,,,,,active
pool-002,,,,,,,FALSE,,,,,,,,,,,,,,,,,,https://gshandels.com/wp-content/uploads/2026/02/polypropylen-pool-6-5x2-5-8.jpg,8,6.5 m x 2.5 m Polypropylen-Pool mit 4 m Panoramafenster - Image 8,FALSE,,,,,,,,,,,,,,,,,,,,active
pool-002,,,,,,,FALSE,,,,,,,,,,,,,,,,,,https://gshandels.com/wp-content/uploads/2026/02/polypropylen-pool-6-5x2-5-9.jpg,9,6.5 m x 2.5 m Polypropylen-Pool mit 4 m Panoramafenster - Image 9,FALSE,,,,,,,,,,,,,,,,,,,,active
pool-002,,,,,,,FALSE,,,,,,,,,,,,,,,,,,https://gshandels.com/wp-content/uploads/2026/02/polypropylen-pool-6-5x2-5-10.jpg,10,6.5 m x 2.5 m Polypropylen-Pool mit 4 m Panoramafenster - Image 10,FALSE,,,,,,,,,,,,,,,,,,,,active
pool-002,,,,,,,FALSE,,,,,,,,,,,,,,,,,,https://gshandels.com/wp-content/uploads/2026/02/polypropylen-pool-6-5x2-5-11.jpg,11,6.5 m x 2.5 m Polypropylen-Pool mit 4 m Panoramafenster - Image 11,FALSE,,,,,,,,,,,,,,,,,,,,active
pool-002,,,,,,,FALSE,,,,,,,,,,,,,,,,,,https://gshandels.com/wp-content/uploads/2026/02/polypropylen-pool-6-5x2-5-12.jpg,12,6.5 m x 2.5 m Polypropylen-Pool mit 4 m Panoramafenster - Image 12,FALSE,,,,,,,,,,,,,,,,,,,,active
pool-003,Containerbecken 6.2 x 2.5 m mit Jet Swim Gegenstromanlage,"<div class=""product-description"">
  <h1>Containerbecken 6.2 x 2.5 m mit Jet Swim Gegenstromanlage</h1>
  
  <h2>Premium-Qualitaet fuer deutsche Gaerten</h2>
  <ul>
    <li>Wetterfest und winterfest</li>
    <li>Einfache Selbstmontage</li>
    <li>5 Jahre Herstellergarantie</li>
    <li>TUEV-gepruefte Sicherheit</li>
    <li>Kostenlose Lieferung nach DE/AT</li>
  </ul>
  
  <h2>Technische Daten:</h2>
  <table border=""0"" cellspacing=""0"" cellpadding=""5"">
    <tr><td><strong>Material:</strong></td><td>Stahl-Fiberglas</td></tr>
    <tr><td><strong>Farbe:</strong></td><td>Grau</td></tr>
    <tr><td><strong>Garantie:</strong></td><td>5 Jahre</td></tr>
  </table>
  
  <p><strong>Modernes Containerbecken mit Jet Swim Gegenstromanlage. Perfekt fuer Fitness-Schwimmen auf kleinem Raum. Hochwertige Verarbeitung und einfache Installation.</strong></p>
  
  <h2>Unser Service-Paket:</h2>
  <ul>
    <li>Kostenlose Lieferung und Aufbau</li>
    <li>5 Jahre Herstellergarantie</li>
    <li>TUEV-Zertifizierung</li>
    <li>Deutscher Kundenservice</li>
    <li>30 Tage Rueckgaberecht</li>
  </ul>
</div>",GSHandels,Pools & Spas,Container Pool,"Pool, Schwimmbad, Garten, Container, Wellness, Fitness, Erholung, Luxus, GSHandels, Stahl Fiberglas, Deutschland, Premium, Qualitaet",TRUE,Title,Default Title,,,,,pool-003,,,5,deny,manual,15999.00,,TRUE,TRUE,,https://gshandels.com/wp-content/uploads/2026/02/containerbecken-jet-swim.jpg,1,Containerbecken 6.2 x 2.5 m mit Jet Swim Gegenstromanlage,FALSE,Containerbecken 6.2 x 2.5 m mit Jet Swim Gegenstromanlage | Deutsche Premium-Produkte,Modernes Containerbecken mit Jet Swim Gegenstromanlage. Perfekt fuer Fitness-Schwimmen auf kleinem Raum. Hochwertige Verarbeitung und einfache Installation.,594,Unisex,Adult,pool-003,,,new,,,,,,,,,,,active
pool-003,,,,,,,FALSE,,,,,,,,,,,,,,,,,,https://gshandels.com/wp-content/uploads/2026/02/containerbecken-jet-swim-2.jpg,2,Containerbecken 6.2 x 2.5 m mit Jet Swim Gegenstromanlage - Image 2,FALSE,,,,,,,,,,,,,,,,,,,,active
pool-003,,,,,,,FALSE,,,,,,,,,,,,,,,,,,https://gshandels.com/wp-content/uploads/2026/02/containerbecken-jet-swim-3.jpg,3,Containerbecken 6.2 x 2.5 m mit Jet Swim Gegenstromanlage - Image 3,FALSE,,,,,,,,,,,,,,,,,,,,active
pool-003,,,,,,,FALSE,,,,,,,,,,,,,,,,,,https://gshandels.com/wp-content/uploads/2026/02/containerbecken-jet-swim-4.jpg,4,Containerbecken 6.2 x 2.5 m mit Jet Swim Gegenstromanlage - Image 4,FALSE,,,,,,,,,,,,,,,,,,,,active
pool-003,,,,,,,FALSE,,,,,,,,,,,,,,,,,,https://gshandels.com/wp-content/uploads/2026/02/containerbecken-jet-swim-5.jpg,5,Containerbecken 6.2 x 2.5 m mit Jet Swim Gegenstromanlage - Image 5,FALSE,,,,,,,,,,,,,,,,,,,,active
pool-003,,,,,,,FALSE,,,,,,,,,,,,,,,,,,https://gshandels.com/wp-content/uploads/2026/02/containerbecken-jet-swim-6.jpg,6,Containerbecken 6.2 x 2.5 m mit Jet Swim Gegenstromanlage - Image 6,FALSE,,,,,,,,,,,,,,,,,,,,active
pool-003,,,,,,,FALSE,,,,,,,,,,,,,,,,,,https://gshandels.com/wp-content/uploads/2026/02/containerbecken-jet-swim-7.jpg,7,Containerbecken 6.2 x 2.5 m mit Jet Swim Gegenstromanlage - Image 7,FALSE,,,,,,,,,,,,,,,,,,,,active
pool-003,,,,,,,FALSE,,,,,,,,,,,,,,,,,,https://gshandels.com/wp-content/uploads/2026/02/containerbecken-jet-swim-8.jpg,8,Containerbecken 6.2 x 2.5 m mit Jet Swim Gegenstromanlage - Image 8,FALSE,,,,,,,,,,,,,,,,,,,,active
pool-003,,,,,,,FALSE,,,,,,,,,,,,,,,,,,https://gshandels.com/wp-content/uploads/2026/02/containerbecken-jet-swim-9.jpg,9,Containerbecken 6.2 x 2.5 m mit Jet Swim Gegenstromanlage - Image 9,FALSE,,,,,,,,,,,,,,,,,,,,active
pool-003,,,,,,,FALSE,,,,,,,,,,,,,,,,,,https://gshandels.com/wp-content/uploads/2026/02/containerbecken-jet-swim-10.jpg,10,Containerbecken 6.2 x 2.5 m mit Jet Swim Gegenstromanlage - Image 10,FALSE,,,,,,,,,,,,,,,,,,,,active
pool-004,Luxus-Poolcontainer 8.0 x 3.0 m mit Überdachung,"<div class=""product-description"">
  <h1>Luxus-Poolcontainer 8.0 x 3.0 m mit Überdachung</h1>
  
  <h2>Premium-Qualitaet fuer deutsche Gaerten</h2>
  <ul>
    <li>Wetterfest und winterfest</li>
    <li>Einfache Selbstmontage</li>
    <li>5 Jahre Herstellergarantie</li>
    <li>TUEV-gepruefte Sicherheit</li>
    <li>Kostenlose Lieferung nach DE/AT</li>
  </ul>
  
  <h2>Technische Daten:</h2>
  <table border=""0"" cellspacing=""0"" cellpadding=""5"">
    <tr><td><strong>Material:</strong></td><td>Stahl-Verblendung</td></tr>
    <tr><td><strong>Farbe:</strong></td><td>Weiss</td></tr>
    <tr><td><strong>Garantie:</strong></td><td>5 Jahre</td></tr>
  </table>
  
  <p><strong>Grosser Luxus-Poolcontainer mit integrierter Überdachung. Premium-Ausstattung mit Whirlpool, Gegenstromanlage und LED-Beleuchtung. Ideal fuer anspruchsvolle Kunden.</strong></p>
  
  <h2>Unser Service-Paket:</h2>
  <ul>
    <li>Kostenlose Lieferung und Aufbau</li>
    <li>5 Jahre Herstellergarantie</li>
    <li>TUEV-Zertifizierung</li>
    <li>Deutscher Kundenservice</li>
    <li>30 Tage Rueckgaberecht</li>
  </ul>
</div>",GSHandels,Pools & Spas,Container Pool,"Pool, Schwimmbad, Garten, Container, Wellness, Fitness, Erholung, Luxus, GSHandels, Stahl Verblendung, Deutschland, Premium, Qualitaet",TRUE,Title,Default Title,,,,,pool-004,,,5,deny,manual,24999.00,,TRUE,TRUE,,https://gshandels.com/wp-content/uploads/2026/02/luxus-poolcontainer-8x3.jpg,1,Luxus-Poolcontainer 8.0 x 3.0 m mit Überdachung,FALSE,Luxus-Poolcontainer 8.0 x 3.0 m mit Überdachung | Deutsche Premium-Produkte,"Grosser Luxus-Poolcontainer mit integrierter Überdachung. Premium-Ausstattung mit Whirlpool, Gegenstromanlage und LED-Beleuchtung. Ideal fuer anspruchsvolle Kunden.",594,Unisex,Adult,pool-004,,,new,,,,,,,,,,,active
pool-004,,,,,,,FALSE,,,,,,,,,,,,,,,,,,https://gshandels.com/wp-content/uploads/2026/02/luxus-poolcontainer-8x3-2.jpg,2,Luxus-Poolcontainer 8.0 x 3.0 m mit Überdachung - Image 2,FALSE,,,,,,,,,,,,,,,,,,,,active
pool-004,,,,,,,FALSE,,,,,,,,,,,,,,,,,,https://gshandels.com/wp-content/uploads/2026/02/luxus-poolcontainer-8x3-3.jpg,3,Luxus-Poolcontainer 8.0 x 3.0 m mit Überdachung - Image 3,FALSE,,,,,,,,,,,,,,,,,,,,active
pool-004,,,,,,,FALSE,,,,,,,,,,,,,,,,,,https://gshandels.com/wp-content/uploads/2026/02/luxus-poolcontainer-8x3-4.jpg,4,Luxus-Poolcontainer 8.0 x 3.0 m mit Überdachung - Image 4,FALSE,,,,,,,,,,,,,,,,,,,,active
pool-004,,,,,,,FALSE,,,,,,,,,,,,,,,,,,https://gshandels.com/wp-content/uploads/2026/02/luxus-poolcontainer-8x3-5.jpg,5,Luxus-Poolcontainer 8.0 x 3.0 m mit Überdachung - Image 5,FALSE,,,,,,,,,,,,,,,,,,,,active
pool-004,,,,,,,FALSE,,,,,,,,,,,,,,,,,,https://gshandels.com/wp-content/uploads/2026/02/luxus-poolcontainer-8x3-6.jpg,6,Luxus-Poolcontainer 8.0 x 3.0 m mit Überdachung - Image 6,FALSE,,,,,,,,,,,,,,,,,,,,active
pool-004,,,,,,,FALSE,,,,,,,,,,,,,,,,,,https://gshandels.com/wp-content/uploads/2026/02/luxus-poolcontainer-8x3-7.jpg,7,Luxus-Poolcontainer 8.0 x 3.0 m mit Überdachung - Image 7,FALSE,,,,,,,,,,,,,,,,,,,,active
pool-004,,,,,,,FALSE,,,,,,,,,,,,,,,,,,https://gshandels.com/wp-content/uploads/2026/02/luxus-poolcontainer-8x3-8.jpg,8,Luxus-Poolcontainer 8.0 x 3.0 m mit Überdachung - Image 8,FALSE,,,,,,,,,,,,,,,,,,,,active
pool-004,,,,,,,FALSE,,,,,,,,,,,,,,,,,,https://gshandels.com/wp-content/uploads/2026/02/luxus-poolcontainer-8x3-9.jpg,9,Luxus-Poolcontainer 8.0 x 3.0 m mit Überdachung - Image 9,FALSE,,,,,,,,,,,,,,,,,,,,active
pool-004,,,,,,,FALSE,,,,,,,,,,,,,,,,,,https://gshandels.com/wp-content/uploads/2026/02/luxus-poolcontainer-8x3-10.jpg,10,Luxus-Poolcontainer 8.0 x 3.0 m mit Überdachung - Image 10,FALSE,,,,,,,,,,,,,,,,,,,,active
pool-004,,,,,,,FALSE,,,,,,,,,,,,,,,,,,https://gshandels.com/wp-content/uploads/2026/02/luxus-poolcontainer-8x3-11.jpg,11,Luxus-Poolcontainer 8.0 x 3.0 m mit Überdachung - Image 11,FALSE,,,,,,,,,,,,,,,,,,,,active
pool-004,,,,,,,FALSE,,,,,,,,,,,,,,,,,,https://gshandels.com/wp-content/uploads/2026/02/luxus-poolcontainer-8x3-12.jpg,12,Luxus-Poolcontainer 8.0 x 3.0 m mit Überdachung - Image 12,FALSE,,,,,,,,,,,,,,,,,,,,active
pool-004,,,,,,,FALSE,,,,,,,,,,,,,,,,,,https://gshandels.com/wp-content/uploads/2026/02/luxus-poolcontainer-8x3-13.jpg,13,Luxus-Poolcontainer 8.0 x 3.0 m mit Überdachung - Image 13,FALSE,,,,,,,,,,,,,,,,,,,,active
pool-004,,,,,,,FALSE,,,,,,,,,,,,,,,,,,https://gshandels.com/wp-content/uploads/2026/02/luxus-poolcontainer-8x3-14.jpg,14,Luxus-Poolcontainer 8.0 x 3.0 m mit Überdachung - Image 14,FALSE,,,,,,,,,,,,,,,,,,,,active
pool-004,,,,,,,FALSE,,,,,,,,,,,,,,,,,,https://gshandels.com/wp-content/uploads/2026/02/luxus-poolcontainer-8x3-15.jpg,15,Luxus-Poolcontainer 8.0 x 3.0 m mit Überdachung - Image 15,FALSE,,,,,,,,,,,,,,,,,,,,active
pool-004,,,,,,,FALSE,,,,,,,,,,,,,,,,,,https://gshandels.com/wp-content/uploads/2026/02/luxus-poolcontainer-8x3-16.jpg,16,Luxus-Poolcontainer 8.0 x 3.0 m mit Überdachung - Image 16,FALSE,,,,,,,,,,,,,,,,,,,,active
pool-004,,,,,,,FALSE,,,,,,,,,,,,,,,,,,https://gshandels.com/wp-content/uploads/2026/02/luxus-poolcontainer-8x3-17.jpg,17,Luxus-Poolcontainer 8.0 x 3.0 m mit Überdachung - Image 17,FALSE,,,,,,,,,,,,,,,,,,,,active
pool-004,,,,,,,FALSE,,,,,,,,,,,,,,,,,,https://gshandels.com/wp-content/uploads/2026/02/luxus-poolcontainer-8x3-18.jpg,18,Luxus-Poolcontainer 8.0 x 3.0 m mit Überdachung - Image 18,FALSE,,,,,,,,,,,,,,,,,,,,active
pool-005,Kompakt-Pool 4.0 x 2.0 m für kleine Gärten,"<div class=""product-description"">
  <h1>Kompakt-Pool 4.0 x 2.0 m für kleine Gärten</h1>
  
  <h2>Premium-Qualitaet fuer deutsche Gaerten</h2>
  <ul>
    <li>Wetterfest und winterfest</li>
    <li>Einfache Selbstmontage</li>
    <li>5 Jahre Herstellergarantie</li>
    <li>TUEV-gepruefte Sicherheit</li>
    <li>Kostenlose Lieferung nach DE/AT</li>
  </ul>
  
  <h2>Technische Daten:</h2>
  <table border=""0"" cellspacing=""0"" cellpadding=""5"">
    <tr><td><strong>Material:</strong></td><td>GFK-Fiberglas</td></tr>
    <tr><td><strong>Farbe:</strong></td><td>Türkis</td></tr>
    <tr><td><strong>Garantie:</strong></td><td>5 Jahre</td></tr>
  </table>
  
  <p><strong>Kompakter Pool für kleine Gärten und Terrassen. Hochwertiges GFK-Material, einfache Installation und geringer Platzbedarf. Perfekt fuer Familien und Wellness.</strong></p>
  
  <h2>Unser Service-Paket:</h2>
  <ul>
    <li>Kostenlose Lieferung und Aufbau</li>
    <li>5 Jahre Herstellergarantie</li>
    <li>TUEV-Zertifizierung</li>
    <li>Deutscher Kundenservice</li>
    <li>30 Tage Rueckgaberecht</li>
  </ul>
</div>",GSHandels,Pools & Spas,Pool,"Pool, Schwimmbad, Garten, Container, Wellness, Fitness, Erholung, Luxus, GSHandels, GFK Fiberglas, Deutschland, Premium, Qualitaet",TRUE,Title,Default Title,,,,,pool-005,,,5,deny,manual,6999.00,,TRUE,TRUE,,https://gshandels.com/wp-content/uploads/2026/02/kompakt-pool-4x2.jpg,1,Kompakt-Pool 4.0 x 2.0 m für kleine Gärten,FALSE,Kompakt-Pool 4.0 x 2.0 m für kleine Gärten | Deutsche Premium-Produkte,"Kompakter Pool für kleine Gärten und Terrassen. Hochwertiges GFK-Material, einfache Installation und geringer Platzbedarf. Perfekt fuer Familien und Wellness.",594,Unisex,Adult,pool-005,,,new,,,,,,,,,,,active
pool-005,,,,,,,FALSE,,,,,,,,,,,,,,,,,,https://gshandels.com/wp-content/uploads/2026/02/kompakt-pool-4x2-2.jpg,2,Kompakt-Pool 4.0 x 2.0 m für kleine Gärten - Image 2,FALSE,,,,,,,,,,,,,,,,,,,,active
pool-005,,,,,,,FALSE,,,,,,,,,,,,,,,,,,https://gshandels.com/wp-content/uploads/2026/02/kompakt-pool-4x2-3.jpg,3,Kompakt-Pool 4.0 x 2.0 m für kleine Gärten - Image 3,FALSE,,,,,,,,,,,,,,,,,,,,active
pool-005,,,,,,,FALSE,,,,,,,,,,,,,,,,,,https://gshandels.com/wp-content/uploads/2026/02/kompakt-pool-4x2-4.jpg,4,Kompakt-Pool 4.0 x 2.0 m für kleine Gärten - Image 4,FALSE,,,,,,,,,,,,,,,,,,,,active
pool-005,,,,,,,FALSE,,,,,,,,,,,,,,,,,,https://gshandels.com/wp-content/uploads/2026/02/kompakt-pool-4x2-5.jpg,5,Kompakt-Pool 4.0 x 2.0 m für kleine Gärten - Image 5,FALSE,,,,,,,,,,,,,,,,,,,,active
pool-005,,,,,,,FALSE,,,,,,,,,,,,,,,,,,https://gshandels.com/wp-content/uploads/2026/02/kompakt-pool-4x2-6.jpg,6,Kompakt-Pool 4.0 x 2.0 m für kleine Gärten - Image 6,FALSE,,,,,,,,,,,,,,,,,,,,active
pool-005,,,,,,,FALSE,,,,,,,,,,,,,,,,,,https://gshandels.com/wp-content/uploads/2026/02/kompakt-pool-4x2-7.jpg,7,Kompakt-Pool 4.0 x 2.0 m für kleine Gärten - Image 7,FALSE,,,,,,,,,,,,,,,,,,,,active
pool-005,,,,,,,FALSE,,,,,,,,,,,,,,,,,,https://gshandels.com/wp-content/uploads/2026/02/kompakt-pool-4x2-8.jpg,8,Kompakt-Pool 4.0 x 2.0 m für kleine Gärten - Image 8,FALSE,,,,,,,,,,,,,,,,,,,,active
van-fautras-oblic-3-2018,Van Fautras Oblic 3 2018,Marque: Fautras Modèle: Oblic 3+ Année: 2018 Première main: Oui Etat: Occasion Capacité:3 Chevaux Poids à vide: 1480 Kilogrammes Chevaux voyagent:De biais Permis spécifique: Oui,Fautras,Trailers & Vehicle Parts,Van équestre,"van, cheval, remorque, transport, équestre",TRUE,Title,Default Title,,,,,V100-001,,,1,deny,manual,14800.00,6.22,TRUE,TRUE,,https://vanducheval.com/wp-content/uploads/2022/02/665695_1627148962_8798.jpg,1,Van Fautras Oblic 3 2018,FALSE,Van Fautras Oblic 3 2018,Marque: Fautras Modèle: Oblic 3+ Année: 2018 Première main: Oui Etat: Occasion Capacité:3 Chevaux Poids à vide: 1480 Kilogrammes Chevaux voyagent:De biais Permi,972,Unisex,Adult,V100-001,,,new,,,,,,,,,,,active
van-fautras-oblic-3-2018,,,,Trailers & Vehicle Parts,,,FALSE,Title,Default Title,,,,,,,,1,deny,manual,,,TRUE,TRUE,,https://vanducheval.com/wp-content/uploads/2022/02/665695_1627148970_1362.jpg,2,Van Fautras Oblic 3 2018 - Image 2,FALSE,,,972,Unisex,Adult,,,,new,,,,,,,,,,,active
van-fautras-oblic-3-2018,,,,Trailers & Vehicle Parts,,,FALSE,Title,Default Title,,,,,,,,1,deny,manual,,,TRUE,TRUE,,https://vanducheval.com/wp-content/uploads/2022/02/665695_1627148974_4514.jpg,3,Van Fautras Oblic 3 2018 - Image 3,FALSE,,,972,Unisex,Adult,,,,new,,,,,,,,,,,active
van-fautras-oblic-3-2018,,,,Trailers & Vehicle Parts,,,FALSE,Title,Default Title,,,,,,,,1,deny,manual,,,TRUE,TRUE,,https://vanducheval.com/wp-content/uploads/2022/02/665695_1627148979_1309.jpg,4,Van Fautras Oblic 3 2018 - Image 4,FALSE,,,972,Unisex,Adult,,,,new,,,,,,,,,,,active
van-fautras-oblic-3-2018,,,,Trailers & Vehicle Parts,,,FALSE,Title,Default Title,,,,,,,,1,deny,manual,,,TRUE,TRUE,,https://vanducheval.com/wp-content/uploads/2022/02/665695_1627148988_1783.jpg,5,Van Fautras Oblic 3 2018 - Image 5,FALSE,,,972,Unisex,Adult,,,,new,,,,,,,,,,,active
van-fautras-oblic-3-2018,,,,Trailers & Vehicle Parts,,,FALSE,Title,Default Title,,,,,,,,1,deny,manual,,,TRUE,TRUE,,https://vanducheval.com/wp-content/uploads/2022/02/665695_1627148994_6571.jpg,6,Van Fautras Oblic 3 2018 - Image 6,FALSE,,,972,Unisex,Adult,,,,new,,,,,,,,,,,active
van-fautras-oblic-3-2018,,,,Trailers & Vehicle Parts,,,FALSE,Title,Default Title,,,,,,,,1,deny,manual,,,TRUE,TRUE,,https://vanducheval.com/wp-content/uploads/2022/02/552706_1615540849-300x300.jpg,7,Van Fautras Oblic 3 2018 - Image 7,FALSE,,,972,Unisex,Adult,,,,new,,,,,,,,,,,active
van-fautras-oblic-3-2018,,,,Trailers & Vehicle Parts,,,FALSE,Title,Default Title,,,,,,,,1,deny,manual,,,TRUE,TRUE,,https://vanducheval.com/wp-content/uploads/2022/02/552706_1615540798-300x300.jpg,8,Van Fautras Oblic 3 2018 - Image 8,FALSE,,,972,Unisex,Adult,,,,new,,,,,,,,,,,active
van-fautras-oblic-3-2018,,,,Trailers & Vehicle Parts,,,FALSE,Title,Default Title,,,,,,,,1,deny,manual,,,TRUE,TRUE,,https://vanducheval.com/wp-content/uploads/2022/02/473976_1549969077_0462-300x300.jpg,9,Van Fautras Oblic 3 2018 - Image 9,FALSE,,,972,Unisex,Adult,,,,new,,,,,,,,,,,active
van-fautras-oblic-3-2018,,,,Trailers & Vehicle Parts,,,FALSE,Title,Default Title,,,,,,,,1,deny,manual,,,TRUE,TRUE,,https://vanducheval.com/wp-content/uploads/2022/02/473976_1549969077_0462-1-300x300.jpg,10,Van Fautras Oblic 3 2018 - Image 10,FALSE,,,972,Unisex,Adult,,,,new,,,,,,,,,,,active
van-fautras-oblic-3-2018,,,,Trailers & Vehicle Parts,,,FALSE,Title,Default Title,,,,,,,,1,deny,manual,,,TRUE,TRUE,,https://vanducheval.com/wp-content/uploads/2022/02/621382_1607705930_796-300x300.jpg,11,Van Fautras Oblic 3 2018 - Image 11,FALSE,,,972,Unisex,Adult,,,,new,,,,,,,,,,,active
van-fautras-oblic-3-2018,,,,Trailers & Vehicle Parts,,,FALSE,Title,Default Title,,,,,,,,1,deny,manual,,,TRUE,TRUE,,https://vanducheval.com/wp-content/uploads/2022/02/621382_1607705722_5767-300x300.jpg,12,Van Fautras Oblic 3 2018 - Image 12,FALSE,,,972,Unisex,Adult,,,,new,,,,,,,,,,,active
van-fautras-oblic-3-2018,,,,Trailers & Vehicle Parts,,,FALSE,Title,Default Title,,,,,,,,1,deny,manual,,,TRUE,TRUE,,https://vanducheval.com/wp-content/uploads/2022/02/666005_1627234431_3778-300x300.jpg,13,Van Fautras Oblic 3 2018 - Image 13,FALSE,,,972,Unisex,Adult,,,,new,,,,,,,,,,,active
van-fautras-oblic-3-2018,,,,Trailers & Vehicle Parts,,,FALSE,Title,Default Title,,,,,,,,1,deny,manual,,,TRUE,TRUE,,https://vanducheval.com/wp-content/uploads/2022/02/666005_1627234431_3778-1-300x300.jpg,14,Van Fautras Oblic 3 2018 - Image 14,FALSE,,,972,Unisex,Adult,,,,new,,,,,,,,,,,active
van-fautras-oblic-3-2018,,,,Trailers & Vehicle Parts,,,FALSE,Title,Default Title,,,,,,,,1,deny,manual,,,TRUE,TRUE,,https://vanducheval.com/wp-content/uploads/2022/02/659022_1623823615_8074-300x300.jpg,15,Van Fautras Oblic 3 2018 - Image 15,FALSE,,,972,Unisex,Adult,,,,new,,,,,,,,,,,active
van-fautras-oblic-3-2018,,,,Trailers & Vehicle Parts,,,FALSE,Title,Default Title,,,,,,,,1,deny,manual,,,TRUE,TRUE,,https://vanducheval.com/wp-content/uploads/2022/02/659022_1623823615_8074-1-300x300.jpg,16,Van Fautras Oblic 3 2018 - Image 16,FALSE,,,972,Unisex,Adult,,,,new,,,,,,,,,,,active
van-fautras-oblic-3-2018,,,,Trailers & Vehicle Parts,,,FALSE,Title,Default Title,,,,,,,,1,deny,manual,,,TRUE,TRUE,,https://vanducheval.com/wp-content/uploads/2022/02/667661_1628067425_8023-2-300x300.jpg,17,Van Fautras Oblic 3 2018 - Image 17,FALSE,,,972,Unisex,Adult,,,,new,,,,,,,,,,,active
van-fautras-oblic-3-2018,,,,Trailers & Vehicle Parts,,,FALSE,Title,Default Title,,,,,,,,1,deny,manual,,,TRUE,TRUE,,https://vanducheval.com/wp-content/uploads/2022/02/667661_1628067425_8023-3-300x300.jpg,18,Van Fautras Oblic 3 2018 - Image 18,FALSE,,,972,Unisex,Adult,,,,new,,,,,,,,,,,active
van-fautras-oblic-3-2018,,,,Trailers & Vehicle Parts,,,FALSE,Title,Default Title,,,,,,,,1,deny,manual,,,TRUE,TRUE,,https://vanducheval.com/wp-content/uploads/2022/02/652205_1620679354_7618-300x300.jpg,19,Van Fautras Oblic 3 2018 - Image 19,FALSE,,,972,Unisex,Adult,,,,new,,,,,,,,,,,active
van-fautras-oblic-3-2018,,,,Trailers & Vehicle Parts,,,FALSE,Title,Default Title,,,,,,,,1,deny,manual,,,TRUE,TRUE,,https://vanducheval.com/wp-content/uploads/2022/02/666015_1627236238_1858-300x300.jpg,20,Van Fautras Oblic 3 2018 - Image 20,FALSE,,,972,Unisex,Adult,,,,new,,,,,,,,,,,active
van-fautras-oblic-3-2018,,,,Trailers & Vehicle Parts,,,FALSE,Title,Default Title,,,,,,,,1,deny,manual,,,TRUE,TRUE,,https://vanducheval.com/wp-content/uploads/2022/02/666015_1627236147_6505-300x300.jpg,21,Van Fautras Oblic 3 2018 - Image 21,FALSE,,,972,Unisex,Adult,,,,new,,,,,,,,,,,active
van-fautras-oblic-3-2018,,,,Trailers & Vehicle Parts,,,FALSE,Title,Default Title,,,,,,,,1,deny,manual,,,TRUE,TRUE,,https://vanducheval.com/wp-content/uploads/2022/02/BFE5F929-6625-4B2A-946F-7AD5F89B1EDF-300x300.jpeg,22,Van Fautras Oblic 3 2018 - Image 22,FALSE,,,972,Unisex,Adult,,,,new,,,,,,,,,,,active
van-fautras-oblic-3-2018,,,,Trailers & Vehicle Parts,,,FALSE,Title,Default Title,,,,,,,,1,deny,manual,,,TRUE,TRUE,,https://vanducheval.com/wp-content/uploads/2022/02/674F8D3F-2E16-4A00-9B7C-4DCE88513A9A-300x300.jpeg,23,Van Fautras Oblic 3 2018 - Image 23,FALSE,,,972,Unisex,Adult,,,,new,,,,,,,,,,,active
van-fautras-oblic-3-2018,,,,Trailers & Vehicle Parts,,,FALSE,Title,Default Title,,,,,,,,1,deny,manual,,,TRUE,TRUE,,https://vanducheval.com/wp-content/uploads/2022/02/331213_1615541350-300x300.jpg,24,Van Fautras Oblic 3 2018 - Image 24,FALSE,,,972,Unisex,Adult,,,,new,,,,,,,,,,,active
van-fautras-oblic-3-2018,,,,Trailers & Vehicle Parts,,,FALSE,Title,Default Title,,,,,,,,1,deny,manual,,,TRUE,TRUE,,https://vanducheval.com/wp-content/uploads/2022/02/331213_1615541341-300x300.jpg,25,Van Fautras Oblic 3 2018 - Image 25,FALSE,,,972,Unisex,Adult,,,,new,,,,,,,,,,,active
van-fautras-oblic-3-2018,,,,Trailers & Vehicle Parts,,,FALSE,Title,Default Title,,,,,,,,1,deny,manual,,,TRUE,TRUE,,https://vanducheval.com/wp-content/uploads/2022/02/617951_1606123031_9817-300x300.jpg,26,Van Fautras Oblic 3 2018 - Image 26,FALSE,,,972,Unisex,Adult,,,,new,,,,,,,,,,,active
van-fautras-oblic-3-2018,,,,Trailers & Vehicle Parts,,,FALSE,Title,Default Title,,,,,,,,1,deny,manual,,,TRUE,TRUE,,https://vanducheval.com/wp-content/uploads/2022/02/617951_1606122942_4367-300x300.jpg,27,Van Fautras Oblic 3 2018 - Image 27,FALSE,,,972,Unisex,Adult,,,,new,,,,,,,,,,,active
van-fautras-oblic-3-2018,,,,Trailers & Vehicle Parts,,,FALSE,Title,Default Title,,,,,,,,1,deny,manual,,,TRUE,TRUE,,https://vanducheval.com/wp-content/uploads/2022/02/645206_1618323194_903-300x300.jpg,28,Van Fautras Oblic 3 2018 - Image 28,FALSE,,,972,Unisex,Adult,,,,new,,,,,,,,,,,active
van-fautras-oblic-3-2018,,,,Trailers & Vehicle Parts,,,FALSE,Title,Default Title,,,,,,,,1,deny,manual,,,TRUE,TRUE,,https://vanducheval.com/wp-content/uploads/2022/02/645206_1618323194_903-1-300x300.jpg,29,Van Fautras Oblic 3 2018 - Image 29,FALSE,,,972,Unisex,Adult,,,,new,,,,,,,,,,,active
van-cheval-liberte-gold-3,VAN CHEVAL LIBERTE GOLD 3,"VAN CHEVAL LIBERTE GOLD 3 Van 2 Places Equipement de série : – Toit et partie avant monocoque polyester renforcé – Suspension Pullman 2 – Assemblage robuste – Châssis en métal galvanisé – Plancher et parois aluminium – Pont/porte arrière et bâche à enrouleur automatique – Train roulant avec grandes roues 14” – Grande porte cavalier – 4 baies coulissantes en verre sécurit avec déflecteur à l’avant – Roue jockey automatique avec poignée de manœuvre – Longueur extérieure : 4,43 m – Largeur extérieure : 2,11 m – Hauteur extérieure : 2,63 m – Longueur intérieure : 3,40 m – Largeur intérieure : 1,67 m – Hauteur intérieure : 2,30 m – Poids à vide tout équipé : 825 kg – Roues : 185/65R14 – PTAC : au choix 1400 à 2600 kg – Coloris au choix : blanc, gris silver, gris anthracite, noir, bordeaux Options supplémentaires (tous nos prix sont TTC) : – Hayon blanc arrière (CZ000776) : 550 € – Séparation de tête, grille métal (CZ000097) : 90 € – Barre d’attache inox sup. (BARREINOX) : 290 € – Barre d’éloignement (BARREELOIGNEMENT) : 420 € – Jantes Alu (max. 2500 kg) (JANTESALU14X4) : 690 € – Roue de secours 185/65R14 (CZ000658) : 300 € – Sur tapis caoutchouc 1,25 x 1,65 m (CZ000033) : 160 € – Caméra WIFI (CAMERA) : 220 € – Antivol coiffant : 47 €",VanDuCheval,Trailers & Vehicle Parts,Van équestre,"van, cheval, remorque, transport, équestre, aluminium, noir",TRUE,Title,Default Title,,,,,V100-002,,,1,deny,manual,7290.00,6.70,TRUE,TRUE,,https://vanducheval.com/wp-content/uploads/2022/02/463256_1569337613.jpg,1,VAN CHEVAL LIBERTE GOLD 3,FALSE,VAN CHEVAL LIBERTE GOLD 3,VAN CHEVAL LIBERTE GOLD 3 Van 2 Places Equipement de série : – Toit et partie avant monocoque polyester renforcé – Suspension Pullman 2 – Assemblage robuste – C,972,Unisex,Adult,V100-002,,,new,,,,,,,,,,,active
van-cheval-liberte-gold-3,,,,Trailers & Vehicle Parts,,,FALSE,Title,Default Title,,,,,,,,1,deny,manual,,,TRUE,TRUE,,https://vanducheval.com/wp-content/uploads/2022/02/463256_1544631640_4521.jpg,2,VAN CHEVAL LIBERTE GOLD 3 - Image 2,FALSE,,,972,Unisex,Adult,,,,new,,,,,,,,,,,active
van-cheval-liberte-gold-3,,,,Trailers & Vehicle Parts,,,FALSE,Title,Default Title,,,,,,,,1,deny,manual,,,TRUE,TRUE,,https://vanducheval.com/wp-content/uploads/2022/02/463256_1544631641_2516.jpg,3,VAN CHEVAL LIBERTE GOLD 3 - Image 3,FALSE,,,972,Unisex,Adult,,,,new,,,,,,,,,,,active
van-cheval-liberte-gold-3,,,,Trailers & Vehicle Parts,,,FALSE,Title,Default Title,,,,,,,,1,deny,manual,,,TRUE,TRUE,,https://vanducheval.com/wp-content/uploads/2022/02/463256_1544631734_8651.jpg,4,VAN CHEVAL LIBERTE GOLD 3 - Image 4,FALSE,,,972,Unisex,Adult,,,,new,,,,,,,,,,,active
van-cheval-liberte-gold-3,,,,Trailers & Vehicle Parts,,,FALSE,Title,Default Title,,,,,,,,1,deny,manual,,,TRUE,TRUE,,https://vanducheval.com/wp-content/uploads/2022/02/463256_1544631752_814.jpg,5,VAN CHEVAL LIBERTE GOLD 3 - Image 5,FALSE,,,972,Unisex,Adult,,,,new,,,,,,,,,,,active
van-cheval-liberte-gold-3,,,,Trailers & Vehicle Parts,,,FALSE,Title,Default Title,,,,,,,,1,deny,manual,,,TRUE,TRUE,,https://vanducheval.com/wp-content/uploads/2022/02/463256_1544631769_7751.jpg,6,VAN CHEVAL LIBERTE GOLD 3 - Image 6,FALSE,,,972,Unisex,Adult,,,,new,,,,,,,,,,,active
van-cheval-liberte-gold-3,,,,Trailers & Vehicle Parts,,,FALSE,Title,Default Title,,,,,,,,1,deny,manual,,,TRUE,TRUE,,https://vanducheval.com/wp-content/uploads/2022/02/463256_1544631778_21.jpg,7,VAN CHEVAL LIBERTE GOLD 3 - Image 7,FALSE,,,972,Unisex,Adult,,,,new,,,,,,,,,,,active
van-cheval-liberte-gold-3,,,,Trailers & Vehicle Parts,,,FALSE,Title,Default Title,,,,,,,,1,deny,manual,,,TRUE,TRUE,,https://vanducheval.com/wp-content/uploads/2022/02/463256_1544631781_722.jpg,8,VAN CHEVAL LIBERTE GOLD 3 - Image 8,FALSE,,,972,Unisex,Adult,,,,new,,,,,,,,,,,active
van-cheval-liberte-gold-3,,,,Trailers & Vehicle Parts,,,FALSE,Title,Default Title,,,,,,,,1,deny,manual,,,TRUE,TRUE,,https://vanducheval.com/wp-content/uploads/2022/02/463256_1544631787_7079.jpg,9,VAN CHEVAL LIBERTE GOLD 3 - Image 9,FALSE,,,972,Unisex,Adult,,,,new,,,,,,,,,,,active
van-cheval-liberte-gold-3,,,,Trailers & Vehicle Parts,,,FALSE,Title,Default Title,,,,,,,,1,deny,manual,,,TRUE,TRUE,,https://vanducheval.com/wp-content/uploads/2022/02/463256_1544631795_6731.jpg,10,VAN CHEVAL LIBERTE GOLD 3 - Image 10,FALSE,,,972,Unisex,Adult,,,,new,,,,,,,,,,,active
van-cheval-liberte-gold-3,,,,Trailers & Vehicle Parts,,,FALSE,Title,Default Title,,,,,,,,1,deny,manual,,,TRUE,TRUE,,https://vanducheval.com/wp-content/uploads/2022/02/463256_1569337247.jpg,11,VAN CHEVAL LIBERTE GOLD 3 - Image 11,FALSE,,,972,Unisex,Adult,,,,new,,,,,,,,,,,active
van-cheval-liberte-gold-3,,,,Trailers & Vehicle Parts,,,FALSE,Title,Default Title,,,,,,,,1,deny,manual,,,TRUE,TRUE,,https://vanducheval.com/wp-content/uploads/2022/02/463256_1569337318.jpg,12,VAN CHEVAL LIBERTE GOLD 3 - Image 12,FALSE,,,972,Unisex,Adult,,,,new,,,,,,,,,,,active
van-cheval-liberte-gold-3,,,,Trailers & Vehicle Parts,,,FALSE,Title,Default Title,,,,,,,,1,deny,manual,,,TRUE,TRUE,,https://vanducheval.com/wp-content/uploads/2022/02/463256_1569337341.jpg,13,VAN CHEVAL LIBERTE GOLD 3 - Image 13,FALSE,,,972,Unisex,Adult,,,,new,,,,,,,,,,,active
van-cheval-liberte-gold-3,,,,Trailers & Vehicle Parts,,,FALSE,Title,Default Title,,,,,,,,1,deny,manual,,,TRUE,TRUE,,https://vanducheval.com/wp-content/uploads/2022/02/463256_1569337429.jpg,14,VAN CHEVAL LIBERTE GOLD 3 - Image 14,FALSE,,,972,Unisex,Adult,,,,new,,,,,,,,,,,active
van-cheval-liberte-gold-3,,,,Trailers & Vehicle Parts,,,FALSE,Title,Default Title,,,,,,,,1,deny,manual,,,TRUE,TRUE,,https://vanducheval.com/wp-content/uploads/2022/02/463256_1569337523.jpg,15,VAN CHEVAL LIBERTE GOLD 3 - Image 15,FALSE,,,972,Unisex,Adult,,,,new,,,,,,,,,,,active
van-cheval-liberte-gold-3,,,,Trailers & Vehicle Parts,,,FALSE,Title,Default Title,,,,,,,,1,deny,manual,,,TRUE,TRUE,,https://vanducheval.com/wp-content/uploads/2022/02/463256_1569337661.jpg,16,VAN CHEVAL LIBERTE GOLD 3 - Image 16,FALSE,,,972,Unisex,Adult,,,,new,,,,,,,,,,,active
van-cheval-liberte-gold-3,,,,Trailers & Vehicle Parts,,,FALSE,Title,Default Title,,,,,,,,1,deny,manual,,,TRUE,TRUE,,https://vanducheval.com/wp-content/uploads/2022/02/463256_1569337711.jpg,17,VAN CHEVAL LIBERTE GOLD 3 - Image 17,FALSE,,,972,Unisex,Adult,,,,new,,,,,,,,,,,active
van-cheval-liberte-gold-3,,,,Trailers & Vehicle Parts,,,FALSE,Title,Default Title,,,,,,,,1,deny,manual,,,TRUE,TRUE,,https://vanducheval.com/wp-content/uploads/2022/02/463256_1569337792.jpg,18,VAN CHEVAL LIBERTE GOLD 3 - Image 18,FALSE,,,972,Unisex,Adult,,,,new,,,,,,,,,,,active
van-cheval-liberte-gold-3,,,,Trailers & Vehicle Parts,,,FALSE,Title,Default Title,,,,,,,,1,deny,manual,,,TRUE,TRUE,,https://vanducheval.com/wp-content/uploads/2022/02/463256_1569337853.jpg,19,VAN CHEVAL LIBERTE GOLD 3 - Image 19,FALSE,,,972,Unisex,Adult,,,,new,,,,,,,,,,,active
van-cheval-liberte-gold-3,,,,Trailers & Vehicle Parts,,,FALSE,Title,Default Title,,,,,,,,1,deny,manual,,,TRUE,TRUE,,https://vanducheval.com/wp-content/uploads/2022/02/463256_1569337868.jpg,20,VAN CHEVAL LIBERTE GOLD 3 - Image 20,FALSE,,,972,Unisex,Adult,,,,new,,,,,,,,,,,active
van-cheval-liberte-gold-3,,,,Trailers & Vehicle Parts,,,FALSE,Title,Default Title,,,,,,,,1,deny,manual,,,TRUE,TRUE,,https://vanducheval.com/wp-content/uploads/2022/02/665864_1627163048_6488-300x300.jpg,21,VAN CHEVAL LIBERTE GOLD 3 - Image 21,FALSE,,,972,Unisex,Adult,,,,new,,,,,,,,,,,active
van-cheval-liberte-gold-3,,,,Trailers & Vehicle Parts,,,FALSE,Title,Default Title,,,,,,,,1,deny,manual,,,TRUE,TRUE,,https://vanducheval.com/wp-content/uploads/2022/02/665864_1627163048_6488-1-300x300.jpg,22,VAN CHEVAL LIBERTE GOLD 3 - Image 22,FALSE,,,972,Unisex,Adult,,,,new,,,,,,,,,,,active
van-cheval-liberte-gold-3,,,,Trailers & Vehicle Parts,,,FALSE,Title,Default Title,,,,,,,,1,deny,manual,,,TRUE,TRUE,,https://vanducheval.com/wp-content/uploads/2022/02/BFE5F929-6625-4B2A-946F-7AD5F89B1EDF-300x300.jpeg,23,VAN CHEVAL LIBERTE GOLD 3 - Image 23,FALSE,,,972,Unisex,Adult,,,,new,,,,,,,,,,,active
van-cheval-liberte-gold-3,,,,Trailers & Vehicle Parts,,,FALSE,Title,Default Title,,,,,,,,1,deny,manual,,,TRUE,TRUE,,https://vanducheval.com/wp-content/uploads/2022/02/674F8D3F-2E16-4A00-9B7C-4DCE88513A9A-300x300.jpeg,24,VAN CHEVAL LIBERTE GOLD 3 - Image 24,FALSE,,,972,Unisex,Adult,,,,new,,,,,,,,,,,active
van-cheval-liberte-gold-3,,,,Trailers & Vehicle Parts,,,FALSE,Title,Default Title,,,,,,,,1,deny,manual,,,TRUE,TRUE,,https://vanducheval.com/wp-content/uploads/2022/02/545281_1612542743-300x300.jpg,25,VAN CHEVAL LIBERTE GOLD 3 - Image 25,FALSE,,,972,Unisex,Adult,,,,new,,,,,,,,,,,active
van-cheval-liberte-gold-3,,,,Trailers & Vehicle Parts,,,FALSE,Title,Default Title,,,,,,,,1,deny,manual,,,TRUE,TRUE,,https://vanducheval.com/wp-content/uploads/2022/02/545281_1574676878_3311-300x300.jpg,26,VAN CHEVAL LIBERTE GOLD 3 - Image 26,FALSE,,,972,Unisex,Adult,,,,new,,,,,,,,,,,active
van-cheval-liberte-gold-3,,,,Trailers & Vehicle Parts,,,FALSE,Title,Default Title,,,,,,,,1,deny,manual,,,TRUE,TRUE,,https://vanducheval.com/wp-content/uploads/2022/02/651996_1620591007_7071-300x300.jpg,27,VAN CHEVAL LIBERTE GOLD 3 - Image 27,FALSE,,,972,Unisex,Adult,,,,new,,,,,,,,,,,active
van-cheval-liberte-gold-3,,,,Trailers & Vehicle Parts,,,FALSE,Title,Default Title,,,,,,,,1,deny,manual,,,TRUE,TRUE,,https://vanducheval.com/wp-content/uploads/2022/02/651996_1620591007_7071-1-300x300.jpg,28,VAN CHEVAL LIBERTE GOLD 3 - Image 28,FALSE,,,972,Unisex,Adult,,,,new,,,,,,,,,,,active
van-cheval-liberte-gold-3,,,,Trailers & Vehicle Parts,,,FALSE,Title,Default Title,,,,,,,,1,deny,manual,,,TRUE,TRUE,,https://vanducheval.com/wp-content/uploads/2022/02/634596_1613663556_8386-300x300.jpg,29,VAN CHEVAL LIBERTE GOLD 3 - Image 29,FALSE,,,972,Unisex,Adult,,,,new,,,,,,,,,,,active
van-cheval-liberte-gold-3,,,,Trailers & Vehicle Parts,,,FALSE,Title,Default Title,,,,,,,,1,deny,manual,,,TRUE,TRUE,,https://vanducheval.com/wp-content/uploads/2022/02/634596_1613663552_5596-300x300.jpg,30,VAN CHEVAL LIBERTE GOLD 3 - Image 30,FALSE,,,972,Unisex,Adult,,,,new,,,,,,,,,,,active
van-cheval-liberte-gold-3,,,,Trailers & Vehicle Parts,,,FALSE,Title,Default Title,,,,,,,,1,deny,manual,,,TRUE,TRUE,,https://vanducheval.com/wp-content/uploads/2022/02/573275_1597161422-300x300.jpg,31,VAN CHEVAL LIBERTE GOLD 3 - Image 31,FALSE,,,972,Unisex,Adult,,,,new,,,,,,,,,,,active
van-cheval-liberte-gold-3,,,,Trailers & Vehicle Parts,,,FALSE,Title,Default Title,,,,,,,,1,deny,manual,,,TRUE,TRUE,,https://vanducheval.com/wp-content/uploads/2022/02/573275_1586267931_183-300x300.jpg,32,VAN CHEVAL LIBERTE GOLD 3 - Image 32,FALSE,,,972,Unisex,Adult,,,,new,,,,,,,,,,,active
van-cheval-liberte-gold-3,,,,Trailers & Vehicle Parts,,,FALSE,Title,Default Title,,,,,,,,1,deny,manual,,,TRUE,TRUE,,https://vanducheval.com/wp-content/uploads/2022/02/642457_1617126019_1484-300x300.jpg,33,VAN CHEVAL LIBERTE GOLD 3 - Image 33,FALSE,,,972,Unisex,Adult,,,,new,,,,,,,,,,,active
van-cheval-liberte-gold-3,,,,Trailers & Vehicle Parts,,,FALSE,Title,Default Title,,,,,,,,1,deny,manual,,,TRUE,TRUE,,https://vanducheval.com/wp-content/uploads/2022/02/642457_1617126019_1484-1-300x300.jpg,34,VAN CHEVAL LIBERTE GOLD 3 - Image 34,FALSE,,,972,Unisex,Adult,,,,new,,,,,,,,,,,active
van-cheval-liberte-gold-3,,,,Trailers & Vehicle Parts,,,FALSE,Title,Default Title,,,,,,,,1,deny,manual,,,TRUE,TRUE,,https://vanducheval.com/wp-content/uploads/2022/02/659250_1623929799_9606-300x300.jpg,35,VAN CHEVAL LIBERTE GOLD 3 - Image 35,FALSE,,,972,Unisex,Adult,,,,new,,,,,,,,,,,active
van-cheval-liberte-gold-3,,,,Trailers & Vehicle Parts,,,FALSE,Title,Default Title,,,,,,,,1,deny,manual,,,TRUE,TRUE,,https://vanducheval.com/wp-content/uploads/2022/02/664966_1626763885_7417-300x300.jpg,36,VAN CHEVAL LIBERTE GOLD 3 - Image 36,FALSE,,,972,Unisex,Adult,,,,new,,,,,,,,,,,active
van-cheval-liberte-gold-3,,,,Trailers & Vehicle Parts,,,FALSE,Title,Default Title,,,,,,,,1,deny,manual,,,TRUE,TRUE,,https://vanducheval.com/wp-content/uploads/2022/02/664966_1626763881_1467-300x300.jpg,37,VAN CHEVAL LIBERTE GOLD 3 - Image 37,FALSE,,,972,Unisex,Adult,,,,new,,,,,,,,,,,active
van-cheval-liberte-gold-3,,,,Trailers & Vehicle Parts,,,FALSE,Title,Default Title,,,,,,,,1,deny,manual,,,TRUE,TRUE,,https://vanducheval.com/wp-content/uploads/2022/02/666015_1627236238_1858-300x300.jpg,38,VAN CHEVAL LIBERTE GOLD 3 - Image 38,FALSE,,,972,Unisex,Adult,,,,new,,,,,,,,,,,active
van-cheval-liberte-gold-3,,,,Trailers & Vehicle Parts,,,FALSE,Title,Default Title,,,,,,,,1,deny,manual,,,TRUE,TRUE,,https://vanducheval.com/wp-content/uploads/2022/02/666015_1627236147_6505-300x300.jpg,39,VAN CHEVAL LIBERTE GOLD 3 - Image 39,FALSE,,,972,Unisex,Adult,,,,new,,,,,,,,,,,active
van-cheval-liberte-gold-3,,,,Trailers & Vehicle Parts,,,FALSE,Title,Default Title,,,,,,,,1,deny,manual,,,TRUE,TRUE,,https://vanducheval.com/wp-content/uploads/2022/02/549171_1612542927-300x300.jpg,40,VAN CHEVAL LIBERTE GOLD 3 - Image 40,FALSE,,,972,Unisex,Adult,,,,new,,,,,,,,,,,active
van-cheval-liberte-gold-3,,,,Trailers & Vehicle Parts,,,FALSE,Title,Default Title,,,,,,,,1,deny,manual,,,TRUE,TRUE,,https://vanducheval.com/wp-content/uploads/2022/02/549171_1612542921-300x300.jpg,41,VAN CHEVAL LIBERTE GOLD 3 - Image 41,FALSE,,,972,Unisex,Adult,,,,new,,,,,,,,,,,active
van-cheval-liberte-gold-3,,,,Trailers & Vehicle Parts,,,FALSE,Title,Default Title,,,,,,,,1,deny,manual,,,TRUE,TRUE,,https://vanducheval.com/wp-content/uploads/2022/02/667661_1628067425_8023-2-300x300.jpg,42,VAN CHEVAL LIBERTE GOLD 3 - Image 42,FALSE,,,972,Unisex,Adult,,,,new,,,,,,,,,,,active
van-cheval-liberte-gold-3,,,,Trailers & Vehicle Parts,,,FALSE,Title,Default Title,,,,,,,,1,deny,manual,,,TRUE,TRUE,,https://vanducheval.com/wp-content/uploads/2022/02/667661_1628067425_8023-3-300x300.jpg,43,VAN CHEVAL LIBERTE GOLD 3 - Image 43,FALSE,,,972,Unisex,Adult,,,,new,,,,,,,,,,,active
van-cheval-liberte-gold-3,VAN CHEVAL LIBERTE GOLD 3,"Equipement de série : – Toit et partie avant monocoque polyester renforcé – Suspension Pullman 2 – Assemblage robuste – Châssis en métal galvanisé – Plancher et parois aluminium – Pont/porte arrière et bâche à enrouleur automatique – Train roulant avec grandes roues 14” – Grande porte cavalier – 4 baies coulissantes en verre sécurit avec déflecteur à l’avant – Roue jockey automatique avec poignée de manoeuvre – Longueur extérieure : 4,43 m – Largeur extérieure : 2,11 m – Hauteur extérieure : 2,63 m – Longueur intérieure : 3,40 m – Largeur intérieure : 1,67 m – Hauteur intérieure : 2,30 m – Poids à vide tout équipé : 825 kg – Roues : 185/65R14 – PTAC : au choix 1400 à 2600 kg – Coloris au choix : blanc, gris silver, gris anthracite, noir, bordeaux Options supplémentaires (tous nos prix sont TTC) : – Hayon blanc arrière (CZ000776) : 550 € – Séparation de tête, grille métal (CZ000097) : 90 € – Barre d’attache inox sup. (BARREINOX) : 290 € – Barre d’éloignement (BARREELOIGNEMENT) : 420 € – Jantes Alu (max. 2500 kg) (JANTESALU14X4) : 690 € – Roue de secours 185/65R14 (CZ000658) : 300 € – Sur tapis caoutchouc 1,25 x 1,65 m (CZ000033) : 160 € – Caméra WIFI (CAMERA) : 220 € – Antivol coiffant : 47 €",VanDuCheval,Trailers & Vehicle Parts,Van équestre,"van, cheval, remorque, transport, équestre, aluminium, noir",TRUE,Title,Default Title,,,,,V100-030,,,1,deny,manual,5200.00,,TRUE,TRUE,,https://vanducheval.com/wp-content/uploads/2022/02/462918_1569336910.jpg,1,VAN CHEVAL LIBERTE GOLD 3,FALSE,VAN CHEVAL LIBERTE GOLD 3,Equipement de série : – Toit et partie avant monocoque polyester renforcé – Suspension Pullman 2 – Assemblage robuste – Châssis en métal galvanisé – Plancher et,972,Unisex,Adult,V100-030,,,new,,,,,,,,,,,active
van-cheval-liberte-gold-3,,,,Trailers & Vehicle Parts,,,FALSE,Title,Default Title,,,,,,,,1,deny,manual,,,TRUE,TRUE,,https://vanducheval.com/wp-content/uploads/2022/02/462918_1544456248_6426.jpg,2,VAN CHEVAL LIBERTE GOLD 3 - Image 2,FALSE,,,972,Unisex,Adult,,,,new,,,,,,,,,,,active
van-cheval-liberte-gold-3,,,,Trailers & Vehicle Parts,,,FALSE,Title,Default Title,,,,,,,,1,deny,manual,,,TRUE,TRUE,,https://vanducheval.com/wp-content/uploads/2022/02/462918_1544456299_0683.jpg,3,VAN CHEVAL LIBERTE GOLD 3 - Image 3,FALSE,,,972,Unisex,Adult,,,,new,,,,,,,,,,,active
van-cheval-liberte-gold-3,,,,Trailers & Vehicle Parts,,,FALSE,Title,Default Title,,,,,,,,1,deny,manual,,,TRUE,TRUE,,https://vanducheval.com/wp-content/uploads/2022/02/462918_1544456373_5828.jpg,4,VAN CHEVAL LIBERTE GOLD 3 - Image 4,FALSE,,,972,Unisex,Adult,,,,new,,,,,,,,,,,active
van-cheval-liberte-gold-3,,,,Trailers & Vehicle Parts,,,FALSE,Title,Default Title,,,,,,,,1,deny,manual,,,TRUE,TRUE,,https://vanducheval.com/wp-content/uploads/2022/02/462918_1569336840.jpg,5,VAN CHEVAL LIBERTE GOLD 3 - Image 5,FALSE,,,972,Unisex,Adult,,,,new,,,,,,,,,,,active
van-cheval-liberte-gold-3,,,,Trailers & Vehicle Parts,,,FALSE,Title,Default Title,,,,,,,,1,deny,manual,,,TRUE,TRUE,,https://vanducheval.com/wp-content/uploads/2022/02/462918_1569336910-1.jpg,6,VAN CHEVAL LIBERTE GOLD 3 - Image 6,FALSE,,,972,Unisex,Adult,,,,new,,,,,,,,,,,active
van-cheval-liberte-gold-3,,,,Trailers & Vehicle Parts,,,FALSE,Title,Default Title,,,,,,,,1,deny,manual,,,TRUE,TRUE,,https://vanducheval.com/wp-content/uploads/2022/02/462918_1569336929.jpg,7,VAN CHEVAL LIBERTE GOLD 3 - Image 7,FALSE,,,972,Unisex,Adult,,,,new,,,,,,,,,,,active
van-cheval-liberte-gold-3,,,,Trailers & Vehicle Parts,,,FALSE,Title,Default Title,,,,,,,,1,deny,manual,,,TRUE,TRUE,,https://vanducheval.com/wp-content/uploads/2022/02/462918_1569337028.jpg,8,VAN CHEVAL LIBERTE GOLD 3 - Image 8,FALSE,,,972,Unisex,Adult,,,,new,,,,,,,,,,,active
van-cheval-liberte-gold-3,,,,Trailers & Vehicle Parts,,,FALSE,Title,Default Title,,,,,,,,1,deny,manual,,,TRUE,TRUE,,https://vanducheval.com/wp-content/uploads/2022/02/462918_1569337080.jpg,9,VAN CHEVAL LIBERTE GOLD 3 - Image 9,FALSE,,,972,Unisex,Adult,,,,new,,,,,,,,,,,active
van-cheval-liberte-gold-3,,,,Trailers & Vehicle Parts,,,FALSE,Title,Default Title,,,,,,,,1,deny,manual,,,TRUE,TRUE,,https://vanducheval.com/wp-content/uploads/2022/02/462918_1569337138.jpg,10,VAN CHEVAL LIBERTE GOLD 3 - Image 10,FALSE,,,972,Unisex,Adult,,,,new,,,,,,,,,,,active
van-cheval-liberte-gold-3,,,,Trailers & Vehicle Parts,,,FALSE,Title,Default Title,,,,,,,,1,deny,manual,,,TRUE,TRUE,,https://vanducheval.com/wp-content/uploads/2022/02/462918_1569337164.jpg,11,VAN CHEVAL LIBERTE GOLD 3 - Image 11,FALSE,,,972,Unisex,Adult,,,,new,,,,,,,,,,,active
van-cheval-liberte-gold-3,,,,Trailers & Vehicle Parts,,,FALSE,Title,Default Title,,,,,,,,1,deny,manual,,,TRUE,TRUE,,https://vanducheval.com/wp-content/uploads/2022/02/462918_1569337185.jpg,12,VAN CHEVAL LIBERTE GOLD 3 - Image 12,FALSE,,,972,Unisex,Adult,,,,new,,,,,,,,,,,active
van-cheval-liberte-gold-3,,,,Trailers & Vehicle Parts,,,FALSE,Title,Default Title,,,,,,,,1,deny,manual,,,TRUE,TRUE,,https://vanducheval.com/wp-content/uploads/2022/02/473971_1549968420_2955-300x300.jpg,13,VAN CHEVAL LIBERTE GOLD 3 - Image 13,FALSE,,,972,Unisex,Adult,,,,new,,,,,,,,,,,active
van-cheval-liberte-gold-3,,,,Trailers & Vehicle Parts,,,FALSE,Title,Default Title,,,,,,,,1,deny,manual,,,TRUE,TRUE,,https://vanducheval.com/wp-content/uploads/2022/02/473971_1549968420_2955-1-300x300.jpg,14,VAN CHEVAL LIBERTE GOLD 3 - Image 14,FALSE,,,972,Unisex,Adult,,,,new,,,,,,,,,,,active
van-cheval-liberte-gold-3,,,,Trailers & Vehicle Parts,,,FALSE,Title,Default Title,,,,,,,,1,deny,manual,,,TRUE,TRUE,,https://vanducheval.com/wp-content/uploads/2022/02/406129_1520850177-300x300.jpg,15,VAN CHEVAL LIBERTE GOLD 3 - Image 15,FALSE,,,972,Unisex,Adult,,,,new,,,,,,,,,,,active
van-cheval-liberte-gold-3,,,,Trailers & Vehicle Parts,,,FALSE,Title,Default Title,,,,,,,,1,deny,manual,,,TRUE,TRUE,,https://vanducheval.com/wp-content/uploads/2022/02/406129_1520850059-300x300.jpg,16,VAN CHEVAL LIBERTE GOLD 3 - Image 16,FALSE,,,972,Unisex,Adult,,,,new,,,,,,,,,,,active
van-cheval-liberte-gold-3,,,,Trailers & Vehicle Parts,,,FALSE,Title,Default Title,,,,,,,,1,deny,manual,,,TRUE,TRUE,,https://vanducheval.com/wp-content/uploads/2022/02/664966_1626763885_7417-300x300.jpg,17,VAN CHEVAL LIBERTE GOLD 3 - Image 17,FALSE,,,972,Unisex,Adult,,,,new,,,,,,,,,,,active
van-cheval-liberte-gold-3,,,,Trailers & Vehicle Parts,,,FALSE,Title,Default Title,,,,,,,,1,deny,manual,,,TRUE,TRUE,,https://vanducheval.com/wp-content/uploads/2022/02/664966_1626763881_1467-300x300.jpg,18,VAN CHEVAL LIBERTE GOLD 3 - Image 18,FALSE,,,972,Unisex,Adult,,,,new,,,,,,,,,,,active
van-cheval-liberte-gold-3,,,,Trailers & Vehicle Parts,,,FALSE,Title,Default Title,,,,,,,,1,deny,manual,,,TRUE,TRUE,,https://vanducheval.com/wp-content/uploads/2022/02/666362_1627398096_3337-300x300.png,19,VAN CHEVAL LIBERTE GOLD 3 - Image 19,FALSE,,,972,Unisex,Adult,,,,new,,,,,,,,,,,active
van-cheval-liberte-gold-3,,,,Trailers & Vehicle Parts,,,FALSE,Title,Default Title,,,,,,,,1,deny,manual,,,TRUE,TRUE,,https://vanducheval.com/wp-content/uploads/2022/02/666362_1627398096_3337-1-1-300x300.png,20,VAN CHEVAL LIBERTE GOLD 3 - Image 20,FALSE,,,972,Unisex,Adult,,,,new,,,,,,,,,,,active
van-cheval-liberte-gold-3,,,,Trailers & Vehicle Parts,,,FALSE,Title,Default Title,,,,,,,,1,deny,manual,,,TRUE,TRUE,,https://vanducheval.com/wp-content/uploads/2022/02/666015_1627236238_1858-300x300.jpg,21,VAN CHEVAL LIBERTE GOLD 3 - Image 21,FALSE,,,972,Unisex,Adult,,,,new,,,,,,,,,,,active
van-cheval-liberte-gold-3,,,,Trailers & Vehicle Parts,,,FALSE,Title,Default Title,,,,,,,,1,deny,manual,,,TRUE,TRUE,,https://vanducheval.com/wp-content/uploads/2022/02/666015_1627236147_6505-300x300.jpg,22,VAN CHEVAL LIBERTE GOLD 3 - Image 22,FALSE,,,972,Unisex,Adult,,,,new,,,,,,,,,,,active
van-cheval-liberte-gold-3,,,,Trailers & Vehicle Parts,,,FALSE,Title,Default Title,,,,,,,,1,deny,manual,,,TRUE,TRUE,,https://vanducheval.com/wp-content/uploads/2022/02/661417_1625039400_9714-300x300.jpg,23,VAN CHEVAL LIBERTE GOLD 3 - Image 23,FALSE,,,972,Unisex,Adult,,,,new,,,,,,,,,,,active
van-cheval-liberte-gold-3,,,,Trailers & Vehicle Parts,,,FALSE,Title,Default Title,,,,,,,,1,deny,manual,,,TRUE,TRUE,,https://vanducheval.com/wp-content/uploads/2022/02/661417_1625039400_9714-1-300x300.jpg,24,VAN CHEVAL LIBERTE GOLD 3 - Image 24,FALSE,,,972,Unisex,Adult,,,,new,,,,,,,,,,,active
van-cheval-liberte-gold-3,,,,Trailers & Vehicle Parts,,,FALSE,Title,Default Title,,,,,,,,1,deny,manual,,,TRUE,TRUE,,https://vanducheval.com/wp-content/uploads/2022/02/651996_1620591007_7071-300x300.jpg,25,VAN CHEVAL LIBERTE GOLD 3 - Image 25,FALSE,,,972,Unisex,Adult,,,,new,,,,,,,,,,,active
van-cheval-liberte-gold-3,,,,Trailers & Vehicle Parts,,,FALSE,Title,Default Title,,,,,,,,1,deny,manual,,,TRUE,TRUE,,https://vanducheval.com/wp-content/uploads/2022/02/651996_1620591007_7071-1-300x300.jpg,26,VAN CHEVAL LIBERTE GOLD 3 - Image 26,FALSE,,,972,Unisex,Adult,,,,new,,,,,,,,,,,active
van-cheval-liberte-gold-3,,,,Trailers & Vehicle Parts,,,FALSE,Title,Default Title,,,,,,,,1,deny,manual,,,TRUE,TRUE,,https://vanducheval.com/wp-content/uploads/2022/02/665864_1627163048_6488-300x300.jpg,27,VAN CHEVAL LIBERTE GOLD 3 - Image 27,FALSE,,,972,Unisex,Adult,,,,new,,,,,,,,,,,active
van-cheval-liberte-gold-3,,,,Trailers & Vehicle Parts,,,FALSE,Title,Default Title,,,,,,,,1,deny,manual,,,TRUE,TRUE,,https://vanducheval.com/wp-content/uploads/2022/02/665864_1627163048_6488-1-300x300.jpg,28,VAN CHEVAL LIBERTE GOLD 3 - Image 28,FALSE,,,972,Unisex,Adult,,,,new,,,,,,,,,,,active
van-cheval-liberte-gold-3,,,,Trailers & Vehicle Parts,,,FALSE,Title,Default Title,,,,,,,,1,deny,manual,,,TRUE,TRUE,,https://vanducheval.com/wp-content/uploads/2022/02/617951_1606123031_9817-300x300.jpg,29,VAN CHEVAL LIBERTE GOLD 3 - Image 29,FALSE,,,972,Unisex,Adult,,,,new,,,,,,,,,,,active
van-cheval-liberte-gold-3,,,,Trailers & Vehicle Parts,,,FALSE,Title,Default Title,,,,,,,,1,deny,manual,,,TRUE,TRUE,,https://vanducheval.com/wp-content/uploads/2022/02/617951_1606122942_4367-300x300.jpg,30,VAN CHEVAL LIBERTE GOLD 3 - Image 30,FALSE,,,972,Unisex,Adult,,,,new,,,,,,,,,,,active
van-cheval-liberte-gold-3,,,,Trailers & Vehicle Parts,,,FALSE,Title,Default Title,,,,,,,,1,deny,manual,,,TRUE,TRUE,,https://vanducheval.com/wp-content/uploads/2022/02/634596_1613663556_8386-300x300.jpg,31,VAN CHEVAL LIBERTE GOLD 3 - Image 31,FALSE,,,972,Unisex,Adult,,,,new,,,,,,,,,,,active
van-cheval-liberte-gold-3,,,,Trailers & Vehicle Parts,,,FALSE,Title,Default Title,,,,,,,,1,deny,manual,,,TRUE,TRUE,,https://vanducheval.com/wp-content/uploads/2022/02/634596_1613663552_5596-300x300.jpg,32,VAN CHEVAL LIBERTE GOLD 3 - Image 32,FALSE,,,972,Unisex,Adult,,,,new,,,,,,,,,,,active
van-cheval-liberte-gold-3,,,,Trailers & Vehicle Parts,,,FALSE,Title,Default Title,,,,,,,,1,deny,manual,,,TRUE,TRUE,,https://vanducheval.com/wp-content/uploads/2022/02/642457_1617126019_1484-300x300.jpg,33,VAN CHEVAL LIBERTE GOLD 3 - Image 33,FALSE,,,972,Unisex,Adult,,,,new,,,,,,,,,,,active
van-cheval-liberte-gold-3,,,,Trailers & Vehicle Parts,,,FALSE,Title,Default Title,,,,,,,,1,deny,manual,,,TRUE,TRUE,,https://vanducheval.com/wp-content/uploads/2022/02/642457_1617126019_1484-1-300x300.jpg,34,VAN CHEVAL LIBERTE GOLD 3 - Image 34,FALSE,,,972,Unisex,Adult,,,,new,,,,,,,,,,,active
van-cheval-liberte-gold-3,,,,Trailers & Vehicle Parts,,,FALSE,Title,Default Title,,,,,,,,1,deny,manual,,,TRUE,TRUE,,https://vanducheval.com/wp-content/uploads/2022/02/549169_1577352815-300x300.jpg,35,VAN CHEVAL LIBERTE GOLD 3 - Image 35,FALSE,,,972,Unisex,Adult,,,,new,,,,,,,,,,,active
van-cheval-liberte-gold-3,,,,Trailers & Vehicle Parts,,,FALSE,Title,Default Title,,,,,,,,1,deny,manual,,,TRUE,TRUE,,https://vanducheval.com/wp-content/uploads/2022/02/549169_1577352521-300x300.jpg,36,VAN CHEVAL LIBERTE GOLD 3 - Image 36,FALSE,,,972,Unisex,Adult,,,,new,,,,,,,,,,,active
fautras-provan-classic,FAUTRAS PROVAN CLASSIC,VAN FAUTRAS PROVAN CLASSIC (2 PLACES) COULEUR GRIS PERLE NEUF EQUIPEMENTS DE SERIE / MODELE POLYESTER INTEGRAL PLANCHER POLYETHYLENE GARANTI A VIE STRUCTURE ET ARCEAU GARANTI 8 ANS PORTES AMERICAINES AVEC VOLETS COULISSANTS 3 POSITIONS GRANDE SORTIE AVANT HUBLOT CENTRAL BARRES POITRAIL ET CROUPE REGLABLES MATELASSAGES DE CONFORT ROUE DE SECOURS ANTIVOL ATTELAGE ROUE JOCKEY AUTOMATIQUE TAPIS DE SOL ANTIDERAPPANT LIBERATION SECURISEE EQUIPEMENT EN OPTION SUR CE VAN / 2 BAIES COULISSANTES + GRILLES PROTECTIONS LATERALES POLYPROPYLENE AID SYSTEME,Fautras,Trailers & Vehicle Parts,Van équestre,"van, cheval, remorque, transport, équestre, polyester, gris",TRUE,Title,Default Title,,,,,V100-007,,,1,deny,manual,10810.00,6.22,TRUE,TRUE,,https://vanducheval.com/wp-content/uploads/2022/02/634596_1613663556_8386.jpg,1,FAUTRAS PROVAN CLASSIC,FALSE,FAUTRAS PROVAN CLASSIC,VAN FAUTRAS PROVAN CLASSIC (2 PLACES) COULEUR GRIS PERLE NEUF EQUIPEMENTS DE SERIE / MODELE POLYESTER INTEGRAL PLANCHER POLYETHYLENE GARANTI A VIE STRUCTURE ET ,972,Unisex,Adult,V100-007,,,new,,,,,,,,,,,active
fautras-provan-classic,,,,Trailers & Vehicle Parts,,,FALSE,Title,Default Title,,,,,,,,1,deny,manual,,,TRUE,TRUE,,https://vanducheval.com/wp-content/uploads/2022/02/634596_1613663552_5596.jpg,2,FAUTRAS PROVAN CLASSIC - Image 2,FALSE,,,972,Unisex,Adult,,,,new,,,,,,,,,,,active
fautras-provan-classic,,,,Trailers & Vehicle Parts,,,FALSE,Title,Default Title,,,,,,,,1,deny,manual,,,TRUE,TRUE,,https://vanducheval.com/wp-content/uploads/2022/02/634596_1613663561_3017.jpg,3,FAUTRAS PROVAN CLASSIC - Image 3,FALSE,,,972,Unisex,Adult,,,,new,,,,,,,,,,,active
fautras-provan-classic,,,,Trailers & Vehicle Parts,,,FALSE,Title,Default Title,,,,,,,,1,deny,manual,,,TRUE,TRUE,,https://vanducheval.com/wp-content/uploads/2022/02/634596_1613663564_4021.jpg,4,FAUTRAS PROVAN CLASSIC - Image 4,FALSE,,,972,Unisex,Adult,,,,new,,,,,,,,,,,active
fautras-provan-classic,,,,Trailers & Vehicle Parts,,,FALSE,Title,Default Title,,,,,,,,1,deny,manual,,,TRUE,TRUE,,https://vanducheval.com/wp-content/uploads/2022/02/634596_1613663569_3586.jpg,5,FAUTRAS PROVAN CLASSIC - Image 5,FALSE,,,972,Unisex,Adult,,,,new,,,,,,,,,,,active
fautras-provan-classic,,,,Trailers & Vehicle Parts,,,FALSE,Title,Default Title,,,,,,,,1,deny,manual,,,TRUE,TRUE,,https://vanducheval.com/wp-content/uploads/2022/02/634596_1613663576_6061.jpg,6,FAUTRAS PROVAN CLASSIC - Image 6,FALSE,,,972,Unisex,Adult,,,,new,,,,,,,,,,,active
fautras-provan-classic,,,,Trailers & Vehicle Parts,,,FALSE,Title,Default Title,,,,,,,,1,deny,manual,,,TRUE,TRUE,,https://vanducheval.com/wp-content/uploads/2022/02/406129_1520850177-300x300.jpg,7,FAUTRAS PROVAN CLASSIC - Image 7,FALSE,,,972,Unisex,Adult,,,,new,,,,,,,,,,,active
fautras-provan-classic,,,,Trailers & Vehicle Parts,,,FALSE,Title,Default Title,,,,,,,,1,deny,manual,,,TRUE,TRUE,,https://vanducheval.com/wp-content/uploads/2022/02/406129_1520850059-300x300.jpg,8,FAUTRAS PROVAN CLASSIC - Image 8,FALSE,,,972,Unisex,Adult,,,,new,,,,,,,,,,,active
fautras-provan-classic,,,,Trailers & Vehicle Parts,,,FALSE,Title,Default Title,,,,,,,,1,deny,manual,,,TRUE,TRUE,,https://vanducheval.com/wp-content/uploads/2022/02/573275_1597161422-300x300.jpg,9,FAUTRAS PROVAN CLASSIC - Image 9,FALSE,,,972,Unisex,Adult,,,,new,,,,,,,,,,,active
fautras-provan-classic,,,,Trailers & Vehicle Parts,,,FALSE,Title,Default Title,,,,,,,,1,deny,manual,,,TRUE,TRUE,,https://vanducheval.com/wp-content/uploads/2022/02/573275_1586267931_183-300x300.jpg,10,FAUTRAS PROVAN CLASSIC - Image 10,FALSE,,,972,Unisex,Adult,,,,new,,,,,,,,,,,active
fautras-provan-classic,,,,Trailers & Vehicle Parts,,,FALSE,Title,Default Title,,,,,,,,1,deny,manual,,,TRUE,TRUE,,https://vanducheval.com/wp-content/uploads/2022/02/473971_1549968420_2955-300x300.jpg,11,FAUTRAS PROVAN CLASSIC - Image 11,FALSE,,,972,Unisex,Adult,,,,new,,,,,,,,,,,active
fautras-provan-classic,,,,Trailers & Vehicle Parts,,,FALSE,Title,Default Title,,,,,,,,1,deny,manual,,,TRUE,TRUE,,https://vanducheval.com/wp-content/uploads/2022/02/473971_1549968420_2955-1-300x300.jpg,12,FAUTRAS PROVAN CLASSIC - Image 12,FALSE,,,972,Unisex,Adult,,,,new,,,,,,,,,,,active
fautras-provan-classic,,,,Trailers & Vehicle Parts,,,FALSE,Title,Default Title,,,,,,,,1,deny,manual,,,TRUE,TRUE,,https://vanducheval.com/wp-content/uploads/2022/02/661417_1625039400_9714-300x300.jpg,13,FAUTRAS PROVAN CLASSIC - Image 13,FALSE,,,972,Unisex,Adult,,,,new,,,,,,,,,,,active
fautras-provan-classic,,,,Trailers & Vehicle Parts,,,FALSE,Title,Default Title,,,,,,,,1,deny,manual,,,TRUE,TRUE,,https://vanducheval.com/wp-content/uploads/2022/02/661417_1625039400_9714-1-300x300.jpg,14,FAUTRAS PROVAN CLASSIC - Image 14,FALSE,,,972,Unisex,Adult,,,,new,,,,,,,,,,,active
fautras-provan-classic,,,,Trailers & Vehicle Parts,,,FALSE,Title,Default Title,,,,,,,,1,deny,manual,,,TRUE,TRUE,,https://vanducheval.com/wp-content/uploads/2022/02/657251_1622961077_2724-300x300.jpg,15,FAUTRAS PROVAN CLASSIC - Image 15,FALSE,,,972,Unisex,Adult,,,,new,,,,,,,,,,,active
fautras-provan-classic,,,,Trailers & Vehicle Parts,,,FALSE,Title,Default Title,,,,,,,,1,deny,manual,,,TRUE,TRUE,,https://vanducheval.com/wp-content/uploads/2022/02/657251_1622961077_2724-1-300x300.jpg,16,FAUTRAS PROVAN CLASSIC - Image 16,FALSE,,,972,Unisex,Adult,,,,new,,,,,,,,,,,active
fautras-provan-classic,,,,Trailers & Vehicle Parts,,,FALSE,Title,Default Title,,,,,,,,1,deny,manual,,,TRUE,TRUE,,https://vanducheval.com/wp-content/uploads/2022/02/549169_1577352815-300x300.jpg,17,FAUTRAS PROVAN CLASSIC - Image 17,FALSE,,,972,Unisex,Adult,,,,new,,,,,,,,,,,active
fautras-provan-classic,,,,Trailers & Vehicle Parts,,,FALSE,Title,Default Title,,,,,,,,1,deny,manual,,,TRUE,TRUE,,https://vanducheval.com/wp-content/uploads/2022/02/549169_1577352521-300x300.jpg,18,FAUTRAS PROVAN CLASSIC - Image 18,FALSE,,,972,Unisex,Adult,,,,new,,,,,,,,,,,active
fautras-provan-classic,,,,Trailers & Vehicle Parts,,,FALSE,Title,Default Title,,,,,,,,1,deny,manual,,,TRUE,TRUE,,https://vanducheval.com/wp-content/uploads/2022/02/271493_1589623901-300x300.jpg,19,FAUTRAS PROVAN CLASSIC - Image 19,FALSE,,,972,Unisex,Adult,,,,new,,,,,,,,,,,active
fautras-provan-classic,,,,Trailers & Vehicle Parts,,,FALSE,Title,Default Title,,,,,,,,1,deny,manual,,,TRUE,TRUE,,https://vanducheval.com/wp-content/uploads/2022/02/271493_1589623898-300x300.jpg,20,FAUTRAS PROVAN CLASSIC - Image 20,FALSE,,,972,Unisex,Adult,,,,new,,,,,,,,,,,active
fautras-provan-classic,,,,Trailers & Vehicle Parts,,,FALSE,Title,Default Title,,,,,,,,1,deny,manual,,,TRUE,TRUE,,https://vanducheval.com/wp-content/uploads/2022/02/667661_1628067425_8023-2-300x300.jpg,21,FAUTRAS PROVAN CLASSIC - Image 21,FALSE,,,972,Unisex,Adult,,,,new,,,,,,,,,,,active
fautras-provan-classic,,,,Trailers & Vehicle Parts,,,FALSE,Title,Default Title,,,,,,,,1,deny,manual,,,TRUE,TRUE,,https://vanducheval.com/wp-content/uploads/2022/02/667661_1628067425_8023-3-300x300.jpg,22,FAUTRAS PROVAN CLASSIC - Image 22,FALSE,,,972,Unisex,Adult,,,,new,,,,,,,,,,,active
fautras-provan-classic,,,,Trailers & Vehicle Parts,,,FALSE,Title,Default Title,,,,,,,,1,deny,manual,,,TRUE,TRUE,,https://vanducheval.com/wp-content/uploads/2022/02/666362_1627398096_3337-300x300.png,23,FAUTRAS PROVAN CLASSIC - Image 23,FALSE,,,972,Unisex,Adult,,,,new,,,,,,,,,,,active
fautras-provan-classic,,,,Trailers & Vehicle Parts,,,FALSE,Title,Default Title,,,,,,,,1,deny,manual,,,TRUE,TRUE,,https://vanducheval.com/wp-content/uploads/2022/02/666362_1627398096_3337-1-1-300x300.png,24,FAUTRAS PROVAN CLASSIC - Image 24,FALSE,,,972,Unisex,Adult,,,,new,,,,,,,,,,,active
fautras-provan-classic,,,,Trailers & Vehicle Parts,,,FALSE,Title,Default Title,,,,,,,,1,deny,manual,,,TRUE,TRUE,,https://vanducheval.com/wp-content/uploads/2022/02/652824_1620979838_3386-300x300.jpg,25,FAUTRAS PROVAN CLASSIC - Image 25,FALSE,,,972,Unisex,Adult,,,,new,,,,,,,,,,,active
fautras-provan-classic,,,,Trailers & Vehicle Parts,,,FALSE,Title,Default Title,,,,,,,,1,deny,manual,,,TRUE,TRUE,,https://vanducheval.com/wp-content/uploads/2022/02/667881_1628150795_8814-300x300.jpg,26,FAUTRAS PROVAN CLASSIC - Image 26,FALSE,,,972,Unisex,Adult,,,,new,,,,,,,,,,,active
fautras-provan-classic,,,,Trailers & Vehicle Parts,,,FALSE,Title,Default Title,,,,,,,,1,deny,manual,,,TRUE,TRUE,,https://vanducheval.com/wp-content/uploads/2022/02/659230_1623924406_4908-300x300.jpg,27,FAUTRAS PROVAN CLASSIC - Image 27,FALSE,,,972,Unisex,Adult,,,,new,,,,,,,,,,,active
fautras-provan-classic,,,,Trailers & Vehicle Parts,,,FALSE,Title,Default Title,,,,,,,,1,deny,manual,,,TRUE,TRUE,,https://vanducheval.com/wp-content/uploads/2022/02/659230_1623924406_4908-1-300x300.jpg,28,FAUTRAS PROVAN CLASSIC - Image 28,FALSE,,,972,Unisex,Adult,,,,new,,,,,,,,,,,active
fautras-provan-classic,FAUTRAS PROVAN CLASSIC,VAN FAUTRAS PROVAN CLASSIC 2021 (2 PLACES) COULEUR BLEU CLAIR NEUF EQUIPEMENTS DE SERIE / MODELE POLYESTER INTEGRAL PLANCHER POLYETHYLENE GARANTI A VIE STRUCTURE ET ARCEAU GARANTI 8 ANS PORTES AMERICAINES AVEC VOLETS COULISSANTS 3 POSITIONS GRANDE SORTIE AVANT HUBLOT CENTRAL BARRES POITRAIL ET CROUPE REGLABLES MATELASSAGES DE CONFORT ROUE DE SECOURS ANTIVOL ATTELAGE ROUE JOCKEY AUTOMATIQUE TAPIS DE SOL ANTIDERAPANT LIBERATION SECURISEE EQUIPEMENT EN OPTION SUR CE VAN / 2 BAIES COULISSANTES + GRILLES PROTECTIONS LATERALES POLYPROPYLENE,Fautras,Trailers & Vehicle Parts,Van équestre,"van, cheval, remorque, transport, équestre, polyester, bleu",TRUE,Title,Default Title,,,,,V100-048,,,1,deny,manual,7100.00,,TRUE,TRUE,,https://vanducheval.com/wp-content/uploads/2022/02/661430_1625039718_4775.jpg,1,FAUTRAS PROVAN CLASSIC,FALSE,FAUTRAS PROVAN CLASSIC,VAN FAUTRAS PROVAN CLASSIC 2021 (2 PLACES) COULEUR BLEU CLAIR NEUF EQUIPEMENTS DE SERIE / MODELE POLYESTER INTEGRAL PLANCHER POLYETHYLENE GARANTI A VIE STRUCTUR,972,Unisex,Adult,V100-048,,,new,,,,,,,,,,,active
fautras-provan-classic,,,,Trailers & Vehicle Parts,,,FALSE,Title,Default Title,,,,,,,,1,deny,manual,,,TRUE,TRUE,,https://vanducheval.com/wp-content/uploads/2022/02/661430_1625039703_448.jpg,2,FAUTRAS PROVAN CLASSIC - Image 2,FALSE,,,972,Unisex,Adult,,,,new,,,,,,,,,,,active
fautras-provan-classic,,,,Trailers & Vehicle Parts,,,FALSE,Title,Default Title,,,,,,,,1,deny,manual,,,TRUE,TRUE,,https://vanducheval.com/wp-content/uploads/2022/02/661430_1625039718_4775-1.jpg,3,FAUTRAS PROVAN CLASSIC - Image 3,FALSE,,,972,Unisex,Adult,,,,new,,,,,,,,,,,active
fautras-provan-classic,,,,Trailers & Vehicle Parts,,,FALSE,Title,Default Title,,,,,,,,1,deny,manual,,,TRUE,TRUE,,https://vanducheval.com/wp-content/uploads/2022/02/661430_1625039740_0229.jpg,4,FAUTRAS PROVAN CLASSIC - Image 4,FALSE,,,972,Unisex,Adult,,,,new,,,,,,,,,,,active
fautras-provan-classic,,,,Trailers & Vehicle Parts,,,FALSE,Title,Default Title,,,,,,,,1,deny,manual,,,TRUE,TRUE,,https://vanducheval.com/wp-content/uploads/2022/02/661430_1625039748_6209.jpg,5,FAUTRAS PROVAN CLASSIC - Image 5,FALSE,,,972,Unisex,Adult,,,,new,,,,,,,,,,,active
fautras-provan-classic,,,,Trailers & Vehicle Parts,,,FALSE,Title,Default Title,,,,,,,,1,deny,manual,,,TRUE,TRUE,,https://vanducheval.com/wp-content/uploads/2022/02/661430_1625039756_6579.jpg,6,FAUTRAS PROVAN CLASSIC - Image 6,FALSE,,,972,Unisex,Adult,,,,new,,,,,,,,,,,active
fautras-provan-classic,,,,Trailers & Vehicle Parts,,,FALSE,Title,Default Title,,,,,,,,1,deny,manual,,,TRUE,TRUE,,https://vanducheval.com/wp-content/uploads/2022/02/271493_1589623901-300x300.jpg,7,FAUTRAS PROVAN CLASSIC - Image 7,FALSE,,,972,Unisex,Adult,,,,new,,,,,,,,,,,active
fautras-provan-classic,,,,Trailers & Vehicle Parts,,,FALSE,Title,Default Title,,,,,,,,1,deny,manual,,,TRUE,TRUE,,https://vanducheval.com/wp-content/uploads/2022/02/271493_1589623898-300x300.jpg,8,FAUTRAS PROVAN CLASSIC - Image 8,FALSE,,,972,Unisex,Adult,,,,new,,,,,,,,,,,active
fautras-provan-classic,,,,Trailers & Vehicle Parts,,,FALSE,Title,Default Title,,,,,,,,1,deny,manual,,,TRUE,TRUE,,https://vanducheval.com/wp-content/uploads/2022/02/661417_1625039400_9714-300x300.jpg,9,FAUTRAS PROVAN CLASSIC - Image 9,FALSE,,,972,Unisex,Adult,,,,new,,,,,,,,,,,active
fautras-provan-classic,,,,Trailers & Vehicle Parts,,,FALSE,Title,Default Title,,,,,,,,1,deny,manual,,,TRUE,TRUE,,https://vanducheval.com/wp-content/uploads/2022/02/661417_1625039400_9714-1-300x300.jpg,10,FAUTRAS PROVAN CLASSIC - Image 10,FALSE,,,972,Unisex,Adult,,,,new,,,,,,,,,,,active
fautras-provan-classic,,,,Trailers & Vehicle Parts,,,FALSE,Title,Default Title,,,,,,,,1,deny,manual,,,TRUE,TRUE,,https://vanducheval.com/wp-content/uploads/2022/02/659250_1623929799_9606-300x300.jpg,11,FAUTRAS PROVAN CLASSIC - Image 11,FALSE,,,972,Unisex,Adult,,,,new,,,,,,,,,,,active
fautras-provan-classic,,,,Trailers & Vehicle Parts,,,FALSE,Title,Default Title,,,,,,,,1,deny,manual,,,TRUE,TRUE,,https://vanducheval.com/wp-content/uploads/2022/02/666015_1627236238_1858-300x300.jpg,12,FAUTRAS PROVAN CLASSIC - Image 12,FALSE,,,972,Unisex,Adult,,,,new,,,,,,,,,,,active
fautras-provan-classic,,,,Trailers & Vehicle Parts,,,FALSE,Title,Default Title,,,,,,,,1,deny,manual,,,TRUE,TRUE,,https://vanducheval.com/wp-content/uploads/2022/02/666015_1627236147_6505-300x300.jpg,13,FAUTRAS PROVAN CLASSIC - Image 13,FALSE,,,972,Unisex,Adult,,,,new,,,,,,,,,,,active
fautras-provan-classic,,,,Trailers & Vehicle Parts,,,FALSE,Title,Default Title,,,,,,,,1,deny,manual,,,TRUE,TRUE,,https://vanducheval.com/wp-content/uploads/2022/02/657251_1622961077_2724-300x300.jpg,14,FAUTRAS PROVAN CLASSIC - Image 14,FALSE,,,972,Unisex,Adult,,,,new,,,,,,,,,,,active
fautras-provan-classic,,,,Trailers & Vehicle Parts,,,FALSE,Title,Default Title,,,,,,,,1,deny,manual,,,TRUE,TRUE,,https://vanducheval.com/wp-content/uploads/2022/02/657251_1622961077_2724-1-300x300.jpg,15,FAUTRAS PROVAN CLASSIC - Image 15,FALSE,,,972,Unisex,Adult,,,,new,,,,,,,,,,,active
fautras-provan-classic,,,,Trailers & Vehicle Parts,,,FALSE,Title,Default Title,,,,,,,,1,deny,manual,,,TRUE,TRUE,,https://vanducheval.com/wp-content/uploads/2022/02/473971_1549968420_2955-300x300.jpg,16,FAUTRAS PROVAN CLASSIC - Image 16,FALSE,,,972,Unisex,Adult,,,,new,,,,,,,,,,,active
fautras-provan-classic,,,,Trailers & Vehicle Parts,,,FALSE,Title,Default Title,,,,,,,,1,deny,manual,,,TRUE,TRUE,,https://vanducheval.com/wp-content/uploads/2022/02/473971_1549968420_2955-1-300x300.jpg,17,FAUTRAS PROVAN CLASSIC - Image 17,FALSE,,,972,Unisex,Adult,,,,new,,,,,,,,,,,active
fautras-provan-classic,,,,Trailers & Vehicle Parts,,,FALSE,Title,Default Title,,,,,,,,1,deny,manual,,,TRUE,TRUE,,https://vanducheval.com/wp-content/uploads/2022/02/652824_1620979838_3386-300x300.jpg,18,FAUTRAS PROVAN CLASSIC - Image 18,FALSE,,,972,Unisex,Adult,,,,new,,,,,,,,,,,active
fautras-provan-classic,,,,Trailers & Vehicle Parts,,,FALSE,Title,Default Title,,,,,,,,1,deny,manual,,,TRUE,TRUE,,https://vanducheval.com/wp-content/uploads/2022/02/665864_1627163048_6488-300x300.jpg,19,FAUTRAS PROVAN CLASSIC - Image 19,FALSE,,,972,Unisex,Adult,,,,new,,,,,,,,,,,active
fautras-provan-classic,,,,Trailers & Vehicle Parts,,,FALSE,Title,Default Title,,,,,,,,1,deny,manual,,,TRUE,TRUE,,https://vanducheval.com/wp-content/uploads/2022/02/665864_1627163048_6488-1-300x300.jpg,20,FAUTRAS PROVAN CLASSIC - Image 20,FALSE,,,972,Unisex,Adult,,,,new,,,,,,,,,,,active
fautras-provan-classic,,,,Trailers & Vehicle Parts,,,FALSE,Title,Default Title,,,,,,,,1,deny,manual,,,TRUE,TRUE,,https://vanducheval.com/wp-content/uploads/2022/02/642457_1617126019_1484-300x300.jpg,21,FAUTRAS PROVAN CLASSIC - Image 21,FALSE,,,972,Unisex,Adult,,,,new,,,,,,,,,,,active
fautras-provan-classic,,,,Trailers & Vehicle Parts,,,FALSE,Title,Default Title,,,,,,,,1,deny,manual,,,TRUE,TRUE,,https://vanducheval.com/wp-content/uploads/2022/02/642457_1617126019_1484-1-300x300.jpg,22,FAUTRAS PROVAN CLASSIC - Image 22,FALSE,,,972,Unisex,Adult,,,,new,,,,,,,,,,,active
fautras-provan-classic,,,,Trailers & Vehicle Parts,,,FALSE,Title,Default Title,,,,,,,,1,deny,manual,,,TRUE,TRUE,,https://vanducheval.com/wp-content/uploads/2022/02/665649_1627044980_3325-300x300.jpg,23,FAUTRAS PROVAN CLASSIC - Image 23,FALSE,,,972,Unisex,Adult,,,,new,,,,,,,,,,,active
fautras-provan-classic,,,,Trailers & Vehicle Parts,,,FALSE,Title,Default Title,,,,,,,,1,deny,manual,,,TRUE,TRUE,,https://vanducheval.com/wp-content/uploads/2022/02/665649_1627044980_3325-1-300x300.jpg,24,FAUTRAS PROVAN CLASSIC - Image 24,FALSE,,,972,Unisex,Adult,,,,new,,,,,,,,,,,active
fautras-provan-classic,,,,Trailers & Vehicle Parts,,,FALSE,Title,Default Title,,,,,,,,1,deny,manual,,,TRUE,TRUE,,https://vanducheval.com/wp-content/uploads/2022/02/625373_1609925651_9726-300x300.jpg,25,FAUTRAS PROVAN CLASSIC - Image 25,FALSE,,,972,Unisex,Adult,,,,new,,,,,,,,,,,active
fautras-provan-classic,,,,Trailers & Vehicle Parts,,,FALSE,Title,Default Title,,,,,,,,1,deny,manual,,,TRUE,TRUE,,https://vanducheval.com/wp-content/uploads/2022/02/625373_1609925651_9726-1-300x300.jpg,26,FAUTRAS PROVAN CLASSIC - Image 26,FALSE,,,972,Unisex,Adult,,,,new,,,,,,,,,,,active
fautras-provan-classic,,,,Trailers & Vehicle Parts,,,FALSE,Title,Default Title,,,,,,,,1,deny,manual,,,TRUE,TRUE,,https://vanducheval.com/wp-content/uploads/2022/02/549169_1577352815-300x300.jpg,27,FAUTRAS PROVAN CLASSIC - Image 27,FALSE,,,972,Unisex,Adult,,,,new,,,,,,,,,,,active
fautras-provan-classic,,,,Trailers & Vehicle Parts,,,FALSE,Title,Default Title,,,,,,,,1,deny,manual,,,TRUE,TRUE,,https://vanducheval.com/wp-content/uploads/2022/02/549169_1577352521-300x300.jpg,28,FAUTRAS PROVAN CLASSIC - Image 28,FALSE,,,972,Unisex,Adult,,,,new,,,,,,,,,,,active
fautras-jms-15-place,"FAUTRAS JMS (1,5 PLACE)","VAN FAUTRAS JMS (1,5 PLACES) ANNEE 2010 COULEUR GRIS PERLE PTAC/ 1200 KG EQUIPEMENTS DE SERIE / MODELE POLYESTER INTEGRAL PLANCHER POLYETHYLENE GARANTI A VIE PORTES AMERICAINES AVEC VOLETS COULISSANTS 3 POSITIONS GRANDE SORTIE AVANT HUBLOT CENTRAL BARRES POITRAIL ET CROUPE REGLABLES MATELASSAGES DE CONFORT ROUE DE SECOURS ANTIVOL ATTELAGE ROUE JOCKEY AUTOMATIQUE TAPIS DE SOL ANTIDERAPANT EQUIPEMENT EN OPTION SUR CE VAN / 1 BAIE COULISSANTE COFFRE SELLERIE",Fautras,Trailers & Vehicle Parts,Van équestre,"van, cheval, remorque, transport, équestre, polyester, gris",TRUE,Title,Default Title,,,,,V100-008,,,1,deny,manual,6200.00,,TRUE,TRUE,,https://vanducheval.com/wp-content/uploads/2022/02/665509_1626964375_5967.jpg,1,"FAUTRAS JMS (1,5 PLACE)",FALSE,"FAUTRAS JMS (1,5 PLACE)","VAN FAUTRAS JMS (1,5 PLACES) ANNEE 2010 COULEUR GRIS PERLE PTAC/ 1200 KG EQUIPEMENTS DE SERIE / MODELE POLYESTER INTEGRAL PLANCHER POLYETHYLENE GARANTI A VIE PO",972,Unisex,Adult,V100-008,,,new,,,,,,,,,,,active
fautras-jms-15-place,,,,Trailers & Vehicle Parts,,,FALSE,Title,Default Title,,,,,,,,1,deny,manual,,,TRUE,TRUE,,https://vanducheval.com/wp-content/uploads/2022/02/665509_1626964373_0395.jpg,2,"FAUTRAS JMS (1,5 PLACE) - Image 2",FALSE,,,972,Unisex,Adult,,,,new,,,,,,,,,,,active
fautras-jms-15-place,,,,Trailers & Vehicle Parts,,,FALSE,Title,Default Title,,,,,,,,1,deny,manual,,,TRUE,TRUE,,https://vanducheval.com/wp-content/uploads/2022/02/665509_1626964380_8231.jpg,3,"FAUTRAS JMS (1,5 PLACE) - Image 3",FALSE,,,972,Unisex,Adult,,,,new,,,,,,,,,,,active
fautras-jms-15-place,,,,Trailers & Vehicle Parts,,,FALSE,Title,Default Title,,,,,,,,1,deny,manual,,,TRUE,TRUE,,https://vanducheval.com/wp-content/uploads/2022/02/665509_1626964387_8924.jpg,4,"FAUTRAS JMS (1,5 PLACE) - Image 4",FALSE,,,972,Unisex,Adult,,,,new,,,,,,,,,,,active
fautras-jms-15-place,,,,Trailers & Vehicle Parts,,,FALSE,Title,Default Title,,,,,,,,1,deny,manual,,,TRUE,TRUE,,https://vanducheval.com/wp-content/uploads/2022/02/406129_1520850177-300x300.jpg,5,"FAUTRAS JMS (1,5 PLACE) - Image 5",FALSE,,,972,Unisex,Adult,,,,new,,,,,,,,,,,active
fautras-jms-15-place,,,,Trailers & Vehicle Parts,,,FALSE,Title,Default Title,,,,,,,,1,deny,manual,,,TRUE,TRUE,,https://vanducheval.com/wp-content/uploads/2022/02/406129_1520850059-300x300.jpg,6,"FAUTRAS JMS (1,5 PLACE) - Image 6",FALSE,,,972,Unisex,Adult,,,,new,,,,,,,,,,,active
fautras-jms-15-place,,,,Trailers & Vehicle Parts,,,FALSE,Title,Default Title,,,,,,,,1,deny,manual,,,TRUE,TRUE,,https://vanducheval.com/wp-content/uploads/2022/02/225806_1435678052-300x300.jpg,7,"FAUTRAS JMS (1,5 PLACE) - Image 7",FALSE,,,972,Unisex,Adult,,,,new,,,,,,,,,,,active
fautras-jms-15-place,,,,Trailers & Vehicle Parts,,,FALSE,Title,Default Title,,,,,,,,1,deny,manual,,,TRUE,TRUE,,https://vanducheval.com/wp-content/uploads/2022/02/225806_1435678052-1-300x300.jpg,8,"FAUTRAS JMS (1,5 PLACE) - Image 8",FALSE,,,972,Unisex,Adult,,,,new,,,,,,,,,,,active
fautras-jms-15-place,,,,Trailers & Vehicle Parts,,,FALSE,Title,Default Title,,,,,,,,1,deny,manual,,,TRUE,TRUE,,https://vanducheval.com/wp-content/uploads/2022/02/665977_1627227842_3633-300x300.jpg,9,"FAUTRAS JMS (1,5 PLACE) - Image 9",FALSE,,,972,Unisex,Adult,,,,new,,,,,,,,,,,active
fautras-jms-15-place,,,,Trailers & Vehicle Parts,,,FALSE,Title,Default Title,,,,,,,,1,deny,manual,,,TRUE,TRUE,,https://vanducheval.com/wp-content/uploads/2022/02/665977_1627227842_3633-1-300x300.jpg,10,"FAUTRAS JMS (1,5 PLACE) - Image 10",FALSE,,,972,Unisex,Adult,,,,new,,,,,,,,,,,active
fautras-jms-15-place,,,,Trailers & Vehicle Parts,,,FALSE,Title,Default Title,,,,,,,,1,deny,manual,,,TRUE,TRUE,,https://vanducheval.com/wp-content/uploads/2022/02/473974_1606139484-300x300.jpg,11,"FAUTRAS JMS (1,5 PLACE) - Image 11",FALSE,,,972,Unisex,Adult,,,,new,,,,,,,,,,,active
fautras-jms-15-place,,,,Trailers & Vehicle Parts,,,FALSE,Title,Default Title,,,,,,,,1,deny,manual,,,TRUE,TRUE,,https://vanducheval.com/wp-content/uploads/2022/02/473974_1549968762_7202-300x300.jpg,12,"FAUTRAS JMS (1,5 PLACE) - Image 12",FALSE,,,972,Unisex,Adult,,,,new,,,,,,,,,,,active
fautras-jms-15-place,,,,Trailers & Vehicle Parts,,,FALSE,Title,Default Title,,,,,,,,1,deny,manual,,,TRUE,TRUE,,https://vanducheval.com/wp-content/uploads/2022/02/652748_1620934711_6012-300x300.jpg,13,"FAUTRAS JMS (1,5 PLACE) - Image 13",FALSE,,,972,Unisex,Adult,,,,new,,,,,,,,,,,active
fautras-jms-15-place,,,,Trailers & Vehicle Parts,,,FALSE,Title,Default Title,,,,,,,,1,deny,manual,,,TRUE,TRUE,,https://vanducheval.com/wp-content/uploads/2022/02/664835_1626692783_2196-300x300.jpg,14,"FAUTRAS JMS (1,5 PLACE) - Image 14",FALSE,,,972,Unisex,Adult,,,,new,,,,,,,,,,,active
fautras-jms-15-place,,,,Trailers & Vehicle Parts,,,FALSE,Title,Default Title,,,,,,,,1,deny,manual,,,TRUE,TRUE,,https://vanducheval.com/wp-content/uploads/2022/02/664835_1626692736_7926-300x300.jpg,15,"FAUTRAS JMS (1,5 PLACE) - Image 15",FALSE,,,972,Unisex,Adult,,,,new,,,,,,,,,,,active
fautras-jms-15-place,,,,Trailers & Vehicle Parts,,,FALSE,Title,Default Title,,,,,,,,1,deny,manual,,,TRUE,TRUE,,https://vanducheval.com/wp-content/uploads/2022/02/573266_1586266181_3461-300x300.jpg,16,"FAUTRAS JMS (1,5 PLACE) - Image 16",FALSE,,,972,Unisex,Adult,,,,new,,,,,,,,,,,active
fautras-jms-15-place,,,,Trailers & Vehicle Parts,,,FALSE,Title,Default Title,,,,,,,,1,deny,manual,,,TRUE,TRUE,,https://vanducheval.com/wp-content/uploads/2022/02/573266_1586266093_3094-300x300.jpg,17,"FAUTRAS JMS (1,5 PLACE) - Image 17",FALSE,,,972,Unisex,Adult,,,,new,,,,,,,,,,,active
fautras-jms-15-place,,,,Trailers & Vehicle Parts,,,FALSE,Title,Default Title,,,,,,,,1,deny,manual,,,TRUE,TRUE,,https://vanducheval.com/wp-content/uploads/2022/02/659251_1623929986_463-300x300.jpg,18,"FAUTRAS JMS (1,5 PLACE) - Image 18",FALSE,,,972,Unisex,Adult,,,,new,,,,,,,,,,,active
fautras-jms-15-place,,,,Trailers & Vehicle Parts,,,FALSE,Title,Default Title,,,,,,,,1,deny,manual,,,TRUE,TRUE,,https://vanducheval.com/wp-content/uploads/2022/02/662779_1625661307_3711-300x300.jpg,19,"FAUTRAS JMS (1,5 PLACE) - Image 19",FALSE,,,972,Unisex,Adult,,,,new,,,,,,,,,,,active
fautras-jms-15-place,,,,Trailers & Vehicle Parts,,,FALSE,Title,Default Title,,,,,,,,1,deny,manual,,,TRUE,TRUE,,https://vanducheval.com/wp-content/uploads/2022/02/662779_1625661307_3711-1-300x300.jpg,20,"FAUTRAS JMS (1,5 PLACE) - Image 20",FALSE,,,972,Unisex,Adult,,,,new,,,,,,,,,,,active
fautras-jms-15-place,,,,Trailers & Vehicle Parts,,,FALSE,Title,Default Title,,,,,,,,1,deny,manual,,,TRUE,TRUE,,https://vanducheval.com/wp-content/uploads/2022/02/567957_1583418328_4992-300x300.jpg,21,"FAUTRAS JMS (1,5 PLACE) - Image 21",FALSE,,,972,Unisex,Adult,,,,new,,,,,,,,,,,active
fautras-jms-15-place,,,,Trailers & Vehicle Parts,,,FALSE,Title,Default Title,,,,,,,,1,deny,manual,,,TRUE,TRUE,,https://vanducheval.com/wp-content/uploads/2022/02/567957_1583418328_4992-1-300x300.jpg,22,"FAUTRAS JMS (1,5 PLACE) - Image 22",FALSE,,,972,Unisex,Adult,,,,new,,,,,,,,,,,active
fautras-jms-15-place,,,,Trailers & Vehicle Parts,,,FALSE,Title,Default Title,,,,,,,,1,deny,manual,,,TRUE,TRUE,,https://vanducheval.com/wp-content/uploads/2022/02/652826_1620980033_2598-300x300.jpg,23,"FAUTRAS JMS (1,5 PLACE) - Image 23",FALSE,,,972,Unisex,Adult,,,,new,,,,,,,,,,,active
fautras-jms-15-place,,,,Trailers & Vehicle Parts,,,FALSE,Title,Default Title,,,,,,,,1,deny,manual,,,TRUE,TRUE,,https://vanducheval.com/wp-content/uploads/2022/02/408279_1521450676_1389-300x300.jpg,24,"FAUTRAS JMS (1,5 PLACE) - Image 24",FALSE,,,972,Unisex,Adult,,,,new,,,,,,,,,,,active
fautras-jms-15-place,,,,Trailers & Vehicle Parts,,,FALSE,Title,Default Title,,,,,,,,1,deny,manual,,,TRUE,TRUE,,https://vanducheval.com/wp-content/uploads/2022/02/408279_1521450667_5309-300x300.jpg,25,"FAUTRAS JMS (1,5 PLACE) - Image 25",FALSE,,,972,Unisex,Adult,,,,new,,,,,,,,,,,active
van-cheval-humbaur,VAN Cheval Humbaur,"Van Humbaur Xanthos -2 places -Châssis Equidrive 2700 kg -Dôme en Polyester avec fenêtre teintés réglables sur 5 positions – Bat-flanc amovible avec bâche souple transparente -Barres de poitrail et recul rembourrés, système anti-panique -Éclairage intérieur -Plancher aluBicomp (aluminium + Polypropylène) de 21mm d’épaisseur -Roue de secours -Séparation de tête – Prise 13 Broches avec feu de recul et anti-brouillard -Porte d’accès avec verrouillage 3 points Van acheter neuf chez Starterre. Première main en excellent état très peu utiliser.",Humbaur,Trailers & Vehicle Parts,Van équestre,"van, cheval, remorque, transport, équestre, aluminium, or",TRUE,Title,Default Title,,,,,V100-003,,,1,deny,manual,6000.00,6.70,TRUE,TRUE,,https://vanducheval.com/wp-content/uploads/2022/02/667870_1628146307_2263.jpg,1,VAN Cheval Humbaur,FALSE,VAN Cheval Humbaur,Van Humbaur Xanthos -2 places -Châssis Equidrive 2700 kg -Dôme en Polyester avec fenêtre teintés réglables sur 5 positions – Bat-flanc amovible avec bâche soupl,972,Unisex,Adult,V100-003,,,new,,,,,,,,,,,active
van-cheval-humbaur,,,,Trailers & Vehicle Parts,,,FALSE,Title,Default Title,,,,,,,,1,deny,manual,,,TRUE,TRUE,,https://vanducheval.com/wp-content/uploads/2022/02/666362_1627398096_3337-300x300.png,2,VAN Cheval Humbaur - Image 2,FALSE,,,972,Unisex,Adult,,,,new,,,,,,,,,,,active
van-cheval-humbaur,,,,Trailers & Vehicle Parts,,,FALSE,Title,Default Title,,,,,,,,1,deny,manual,,,TRUE,TRUE,,https://vanducheval.com/wp-content/uploads/2022/02/666362_1627398096_3337-1-1-300x300.png,3,VAN Cheval Humbaur - Image 3,FALSE,,,972,Unisex,Adult,,,,new,,,,,,,,,,,active
van-cheval-humbaur,,,,Trailers & Vehicle Parts,,,FALSE,Title,Default Title,,,,,,,,1,deny,manual,,,TRUE,TRUE,,https://vanducheval.com/wp-content/uploads/2022/02/271493_1589623901-300x300.jpg,4,VAN Cheval Humbaur - Image 4,FALSE,,,972,Unisex,Adult,,,,new,,,,,,,,,,,active
van-cheval-humbaur,,,,Trailers & Vehicle Parts,,,FALSE,Title,Default Title,,,,,,,,1,deny,manual,,,TRUE,TRUE,,https://vanducheval.com/wp-content/uploads/2022/02/271493_1589623898-300x300.jpg,5,VAN Cheval Humbaur - Image 5,FALSE,,,972,Unisex,Adult,,,,new,,,,,,,,,,,active
van-cheval-humbaur,,,,Trailers & Vehicle Parts,,,FALSE,Title,Default Title,,,,,,,,1,deny,manual,,,TRUE,TRUE,,https://vanducheval.com/wp-content/uploads/2022/02/657479_1623070739_6044-300x300.jpg,6,VAN Cheval Humbaur - Image 6,FALSE,,,972,Unisex,Adult,,,,new,,,,,,,,,,,active
van-cheval-humbaur,,,,Trailers & Vehicle Parts,,,FALSE,Title,Default Title,,,,,,,,1,deny,manual,,,TRUE,TRUE,,https://vanducheval.com/wp-content/uploads/2022/02/657479_1623070739_6044-1-300x300.jpg,7,VAN Cheval Humbaur - Image 7,FALSE,,,972,Unisex,Adult,,,,new,,,,,,,,,,,active
van-cheval-humbaur,,,,Trailers & Vehicle Parts,,,FALSE,Title,Default Title,,,,,,,,1,deny,manual,,,TRUE,TRUE,,https://vanducheval.com/wp-content/uploads/2022/02/666015_1627236238_1858-300x300.jpg,8,VAN Cheval Humbaur - Image 8,FALSE,,,972,Unisex,Adult,,,,new,,,,,,,,,,,active
van-cheval-humbaur,,,,Trailers & Vehicle Parts,,,FALSE,Title,Default Title,,,,,,,,1,deny,manual,,,TRUE,TRUE,,https://vanducheval.com/wp-content/uploads/2022/02/666015_1627236147_6505-300x300.jpg,9,VAN Cheval Humbaur - Image 9,FALSE,,,972,Unisex,Adult,,,,new,,,,,,,,,,,active
van-cheval-humbaur,,,,Trailers & Vehicle Parts,,,FALSE,Title,Default Title,,,,,,,,1,deny,manual,,,TRUE,TRUE,,https://vanducheval.com/wp-content/uploads/2022/02/406129_1520850177-300x300.jpg,10,VAN Cheval Humbaur - Image 10,FALSE,,,972,Unisex,Adult,,,,new,,,,,,,,,,,active
van-cheval-humbaur,,,,Trailers & Vehicle Parts,,,FALSE,Title,Default Title,,,,,,,,1,deny,manual,,,TRUE,TRUE,,https://vanducheval.com/wp-content/uploads/2022/02/406129_1520850059-300x300.jpg,11,VAN Cheval Humbaur - Image 11,FALSE,,,972,Unisex,Adult,,,,new,,,,,,,,,,,active
van-cheval-humbaur,,,,Trailers & Vehicle Parts,,,FALSE,Title,Default Title,,,,,,,,1,deny,manual,,,TRUE,TRUE,,https://vanducheval.com/wp-content/uploads/2022/02/617951_1606123031_9817-300x300.jpg,12,VAN Cheval Humbaur - Image 12,FALSE,,,972,Unisex,Adult,,,,new,,,,,,,,,,,active
van-cheval-humbaur,,,,Trailers & Vehicle Parts,,,FALSE,Title,Default Title,,,,,,,,1,deny,manual,,,TRUE,TRUE,,https://vanducheval.com/wp-content/uploads/2022/02/617951_1606122942_4367-300x300.jpg,13,VAN Cheval Humbaur - Image 13,FALSE,,,972,Unisex,Adult,,,,new,,,,,,,,,,,active
van-cheval-humbaur,,,,Trailers & Vehicle Parts,,,FALSE,Title,Default Title,,,,,,,,1,deny,manual,,,TRUE,TRUE,,https://vanducheval.com/wp-content/uploads/2022/02/BFE5F929-6625-4B2A-946F-7AD5F89B1EDF-300x300.jpeg,14,VAN Cheval Humbaur - Image 14,FALSE,,,972,Unisex,Adult,,,,new,,,,,,,,,,,active
van-cheval-humbaur,,,,Trailers & Vehicle Parts,,,FALSE,Title,Default Title,,,,,,,,1,deny,manual,,,TRUE,TRUE,,https://vanducheval.com/wp-content/uploads/2022/02/674F8D3F-2E16-4A00-9B7C-4DCE88513A9A-300x300.jpeg,15,VAN Cheval Humbaur - Image 15,FALSE,,,972,Unisex,Adult,,,,new,,,,,,,,,,,active
van-cheval-humbaur,,,,Trailers & Vehicle Parts,,,FALSE,Title,Default Title,,,,,,,,1,deny,manual,,,TRUE,TRUE,,https://vanducheval.com/wp-content/uploads/2022/02/651996_1620591007_7071-300x300.jpg,16,VAN Cheval Humbaur - Image 16,FALSE,,,972,Unisex,Adult,,,,new,,,,,,,,,,,active
van-cheval-humbaur,,,,Trailers & Vehicle Parts,,,FALSE,Title,Default Title,,,,,,,,1,deny,manual,,,TRUE,TRUE,,https://vanducheval.com/wp-content/uploads/2022/02/651996_1620591007_7071-1-300x300.jpg,17,VAN Cheval Humbaur - Image 17,FALSE,,,972,Unisex,Adult,,,,new,,,,,,,,,,,active
van-cheval-humbaur,,,,Trailers & Vehicle Parts,,,FALSE,Title,Default Title,,,,,,,,1,deny,manual,,,TRUE,TRUE,,https://vanducheval.com/wp-content/uploads/2022/02/591448_1594376154_8219-300x300.jpg,18,VAN Cheval Humbaur - Image 18,FALSE,,,972,Unisex,Adult,,,,new,,,,,,,,,,,active
van-cheval-humbaur,,,,Trailers & Vehicle Parts,,,FALSE,Title,Default Title,,,,,,,,1,deny,manual,,,TRUE,TRUE,,https://vanducheval.com/wp-content/uploads/2022/02/591448_1594376154_8219-1-300x300.jpg,19,VAN Cheval Humbaur - Image 19,FALSE,,,972,Unisex,Adult,,,,new,,,,,,,,,,,active
van-cheval-humbaur,,,,Trailers & Vehicle Parts,,,FALSE,Title,Default Title,,,,,,,,1,deny,manual,,,TRUE,TRUE,,https://vanducheval.com/wp-content/uploads/2022/02/608560_1601880088_9413-300x300.jpg,20,VAN Cheval Humbaur - Image 20,FALSE,,,972,Unisex,Adult,,,,new,,,,,,,,,,,active
van-cheval-humbaur,,,,Trailers & Vehicle Parts,,,FALSE,Title,Default Title,,,,,,,,1,deny,manual,,,TRUE,TRUE,,https://vanducheval.com/wp-content/uploads/2022/02/608560_1601880088_9413-1-300x300.jpg,21,VAN Cheval Humbaur - Image 21,FALSE,,,972,Unisex,Adult,,,,new,,,,,,,,,,,active
van-cheval-humbaur,,,,Trailers & Vehicle Parts,,,FALSE,Title,Default Title,,,,,,,,1,deny,manual,,,TRUE,TRUE,,https://vanducheval.com/wp-content/uploads/2022/02/642457_1617126019_1484-300x300.jpg,22,VAN Cheval Humbaur - Image 22,FALSE,,,972,Unisex,Adult,,,,new,,,,,,,,,,,active
van-cheval-humbaur,,,,Trailers & Vehicle Parts,,,FALSE,Title,Default Title,,,,,,,,1,deny,manual,,,TRUE,TRUE,,https://vanducheval.com/wp-content/uploads/2022/02/642457_1617126019_1484-1-300x300.jpg,23,VAN Cheval Humbaur - Image 23,FALSE,,,972,Unisex,Adult,,,,new,,,,,,,,,,,active
van-cheval-humbaur,,,,Trailers & Vehicle Parts,,,FALSE,Title,Default Title,,,,,,,,1,deny,manual,,,TRUE,TRUE,,https://vanducheval.com/wp-content/uploads/2022/02/665649_1627044980_3325-300x300.jpg,24,VAN Cheval Humbaur - Image 24,FALSE,,,972,Unisex,Adult,,,,new,,,,,,,,,,,active
van-cheval-humbaur,,,,Trailers & Vehicle Parts,,,FALSE,Title,Default Title,,,,,,,,1,deny,manual,,,TRUE,TRUE,,https://vanducheval.com/wp-content/uploads/2022/02/665649_1627044980_3325-1-300x300.jpg,25,VAN Cheval Humbaur - Image 25,FALSE,,,972,Unisex,Adult,,,,new,,,,,,,,,,,active
