ID,Typ,Artikelnummer,"GTIN, UPC, EAN oder ISBN",Name,Veröffentlicht,Ist hervorgehoben?,Sichtbarkeit im Katalog,Kurzbeschreibung,Beschreibung,"Datum, an dem der Angebotspreis beginnt","Datum, an dem der Angebotspreis endet",Steuerstatus,Steuerklasse,Vorrätig?,Bestand,Geringe Lagermenge,Lieferrückstände erlaubt?,Nur einzeln verkaufen?,Gewicht (kg),Länge (cm),Breite (cm),Höhe (cm),Kundenrezensionen erlauben?,Hinweis zum Kauf,Angebotspreis,Regulärer Preis,Kategorien,Schlagwörter,Versandklasse,Bilder,Downloadlimit,Ablauftage des Downloads,Übergeordnetes Produkt,Gruppierte Produkte,Zusatzverkäufe,Cross-Sells (Querverkäufe),Externe URL,Button-Text,Position,Marken
70,simple,,,"Hartholzbriketts Buche – Eiche rund im Karton , 960kg",1,1,visible,"Hartholzbriketts Buche/Eiche rund im Karton – 960kg-Palette“ Diese Holzbriketts sind der Allrounder in unserem Holzbrikettangebot. Gepresst aus 100% naturbelassenem , zusatzstoffreien Holz sind sie auf Grund ihrer Form und Größe für jeden Ofen ver...","\n					<div class=""wc-tab-inner wd-scroll-content"">\n													\n\n<div class=""content--title"">„Hartholzbriketts Buche/Eiche rund im Karton – 960kg-Palette“</div>\n<div class=""product--description"">\n<p>&nbsp;</p>\n<p><span data-mce-mark=""1"">Diese Holzbriketts&nbsp;sind der&nbsp;<strong>Allrounder</strong>&nbsp;in unserem Holzbrikettangebot. Gepresst aus&nbsp;<strong>100% naturbelassenem</strong>, zusatzstoffreien Holz sind sie auf Grund ihrer Form und Größe für&nbsp;<strong>jeden</strong>&nbsp;<strong>Ofen</strong>&nbsp;verwendbar. Die Brenndauer ist im Vergleich zu eckigen Holzbriketts länger, was sie zu ausgezeichneten&nbsp;<strong>Gluthaltern</strong>&nbsp;macht. Die Lieferung erfolgt via Spedition frei Bordsteinkante. Falls Sie kleinere Mengen benötigen, sind diese Hartholzbriketts auch im&nbsp;<strong>praktischen 30kg-Karton</strong>&nbsp;erhältlich.</span></p>\n<p><span data-mce-mark=""1""><strong>Überblick:</strong></span></p>\n<ul>\n<li>Naturbelassene, zusatzstofffreie Holzspäne, in Brikettierpressen unter hohem Druck in Form gepresst</li>\n<li>Kontrolliertes und besonders langsames Abbrennen</li>\n<li>Hoher Heizwert</li>\n<li>Praktische Lagerung</li>\n<li>Lieferung frei Bordsteinkante</li>\n<li>Ebenfalls in praktischen&nbsp;<strong>30kg-Kartons&nbsp;</strong>verfügbar</li>\n<li>Auch Selbstabholung möglich</li>\n</ul>\n<p><strong>Details:</strong></p>\n<ul>\n<li>Holzart: Buche / Eiche</li>\n<li>Form: Rund</li>\n<li>Länge: ca. 26 cm</li>\n<li>Durchmesser: ca. 7 cm</li>\n<li>Brennwert: ca. 5 kWh/kg</li>\n<li>Restfeuchtigkeit: ca. 7-10%</li>\n<li>Abbildungen ähnlich</li>\n</ul>\n</div>\n<p>Länge: 120 cm<br>\nBreite: 80 cm<br>\nHöhe: 140 cm<br>\nGewicht (ca.): 960 kg</p>\n											</div>\n				",,,taxable,,1,27,,0,0,,,,,1,,,"215,00",Holzbrikett,,,https://chiemgaupelletsgmbh.de/wp-content/uploads/2026/03/01.jpg,,,,,,,,,1,Chiemgau Pellets GmbH
71,simple,,,Buchenholzbriketts -RUF/960kg,1,1,visible,"Die Buchenholzbriketts bestehen ausschließlich aus sehr feinen Bestandteilen (Sägemehl und Sägestaub). Aufgrund des ausgesuchtem Materials und wegen der hohen Kompression (300 – 400 bar), sind die Buchenholzbriketts ein sehr sauberes, kompaktes un...","\n					<div class=""wc-tab-inner wd-scroll-content"">\n													\n\n<p>Die Buchenholzbriketts bestehen ausschließlich aus sehr feinen Bestandteilen (Sägemehl und Sägestaub).</p>\n<p>Aufgrund des ausgesuchtem Materials und wegen der hohen Kompression (300 – 400 bar), sind die Buchenholzbriketts ein sehr sauberes, kompaktes und universell einsetzbares Produkt. Die Verbrennung erfolgt recht gleichmäßig und ruhig. Das Brikett verhält sich dabei recht starr. Es behält sehr schön die Form und glüht langsam und gleichmäßig durch. Sollten Sie nach etwa 1 Stunde Flammdauer das Flammbild vermissen, dann legen Sie einfach ein neues Brikett, etwas Holz oder ein paar Stückchen Nadelholzbriketts nach. Die Buchenholzbriketts sorgen für die Glutdauer.</p>\n<p>Die Holzbriketts sind zertifiziert nach DINplus (DIN EN ISO 17225-3).</p>\n											</div>\n				",,,taxable,,1,29,,0,0,,,,,1,,,"210,00",Holzbrikett,,,https://chiemgaupelletsgmbh.de/wp-content/uploads/2026/03/DV.jpg,,,,,,,,,1,Chiemgau Pellets GmbH
72,simple,,,"1 Palette – Holzpellets Red , 975 kg",1,1,visible,Sortenreines Hartholz ohne chemische Bindemittel Hergestellt aus nachwachsenden Holzbestand FSC®-zertifiziert CO2-neutral Schnell anzündbar Hoher Heizwert Geringer Ascheanteil Saubere und staubfreie Aufbewahrung Bequemes Einfüllen in die Heizungsa...,"\n					<div class=""wc-tab-inner wd-scroll-content"">\n													\n\n<ul>\n<li>Sortenreines Hartholz ohne chemische Bindemittel</li>\n<li>Hergestellt aus nachwachsenden Holzbestand</li>\n<li>FSC®-zertifiziert</li>\n<li>CO2-neutral</li>\n<li>Schnell anzündbar</li>\n<li>Hoher Heizwert</li>\n<li>Geringer Ascheanteil</li>\n<li>Saubere und staubfreie Aufbewahrung</li>\n<li>Bequemes Einfüllen in die Heizungsanlage je nach Bedarf</li>\n<li>Einsatz in Pelletanlagen und Pelletöfen</li>\n</ul>\n<table class=""product--properties-table"">\n<tbody>\n<tr class=""product--properties-row"">\n<td class=""is--bold"">Holzpellets Red</td>\n</tr>\n<tr class=""product--properties-row"">\n<td class=""product--properties-label"">Zertifikat</td>\n<td class=""product--properties-value"">FSC®-zertifiziert</td>\n</tr>\n<tr class=""product--properties-row"">\n<td class=""product--properties-label"">Techn. Norm</td>\n<td class=""product--properties-value"">DIN EN ISO 17225-2, Klasse A1</td>\n</tr>\n<tr class=""product--properties-row"">\n<td class=""product--properties-label"">Holzart</td>\n<td class=""product--properties-value"">Hartholz</td>\n</tr>\n<tr class=""product--properties-row"">\n<td class=""product--properties-label"">Produktion</td>\n<td class=""product--properties-value"">Europa</td>\n</tr>\n<tr class=""product--properties-row"">\n<td class=""product--properties-label"">Farbe</td>\n<td class=""product--properties-value"">Beige / Natur</td>\n</tr>\n<tr class=""product--properties-row"">\n<td class=""product--properties-label"">Länge (mm)</td>\n<td class=""product--properties-value"">3,15 – 40</td>\n</tr>\n<tr class=""product--properties-row"">\n<td class=""product--properties-label"">Durchmesser (mm)</td>\n<td class=""product--properties-value"">6 (± 1)</td>\n</tr>\n<tr class=""product--properties-row"">\n<td class=""product--properties-label"">Heizwert (MJ/kg)</td>\n<td class=""product--properties-value"">≥ 18,0</td>\n</tr>\n<tr class=""product--properties-row"">\n<td class=""product--properties-label"">Heizwert (kWh/kg)</td>\n<td class=""product--properties-value"">≥ 5,0</td>\n</tr>\n<tr class=""product--properties-row"">\n<td class=""product--properties-label"">Aschegehalt (%)</td>\n<td class=""product--properties-value"">≤ 0,6</td>\n</tr>\n<tr class=""product--properties-row"">\n<td class=""product--properties-label"">Ascheerweichungstemperatur (°C)</td>\n<td class=""product--properties-value"">≥ 1.200</td>\n</tr>\n<tr class=""product--properties-row"">\n<td class=""product--properties-label"">Festigkeit (%)</td>\n<td class=""product--properties-value"">≥ 99</td>\n</tr>\n<tr class=""product--properties-row"">\n<td class=""product--properties-label"">Feinanteil (%)</td>\n<td class=""product--properties-value"">≤ 0,5</td>\n</tr>\n<tr class=""product--properties-row"">\n<td class=""product--properties-label"">Schüttdichte (kg/m³)</td>\n<td class=""product--properties-value"">650</td>\n</tr>\n<tr class=""product--properties-row"">\n<td class=""product--properties-label"">Wassergehalt (%)</td>\n<td class=""product--properties-value"">≤ 7,0</td>\n</tr>\n<tr class=""product--properties-row"">\n<td class=""product--properties-label"">Gewicht</td>\n<td class=""product--properties-value"">975 kg</td>\n</tr>\n</tbody>\n</table>\n											</div>\n				",,,taxable,,1,27,,0,0,,,,,1,,,"231,99",Holzpellets,,,https://chiemgaupelletsgmbh.de/wp-content/uploads/2026/03/55555555ddd.jpg,,,,,,,,,1,Chiemgau Pellets GmbH
73,simple,,,"Fidipell Pellets ENplus A1 15 kg 65 Säcke, 975 kg",1,1,visible,Fidipell Pellets ENplus A1 à 15 kg 65 Säcke Fidipell Premium Holzpellets sind nach ENplus A1 zertifiziert. Fidipell-Pellets werden in Deutschland hergestellt.,"\n					<div class=""wc-tab-inner wd-scroll-content"">\n													\n\n<p><strong>Fidipell Pellets ENplus A1 à 15 kg 65 Säcke</strong></p>\n<p>Fidipell Premium Holzpellets sind nach ENplus A1 zertifiziert. Fidipell-Pellets werden in Deutschland hergestellt. Sehr&nbsp;<strong>hoher Heizwert von 4,9 KwH/Kg</strong>.</p>\n<p>Unsere Premium-Holzpellets sind nach ENplus A1 zertifiziert und garantieren dank bester Qualitätskriterien einen störungsfreien Betrieb der Heizungsanlage.</p>\n<table class=""woocommerce-product-attributes shop_attributes"">\n<tbody>\n<tr class=""woocommerce-product-attributes-item woocommerce-product-attributes-item--attribute_material"">\n<th class=""woocommerce-product-attributes-item__label"">Material</th>\n<td class=""woocommerce-product-attributes-item__value"">Weichholz</td>\n</tr>\n<tr class=""woocommerce-product-attributes-item woocommerce-product-attributes-item--attribute_certificering"">\n<th class=""woocommerce-product-attributes-item__label"">Certificering</th>\n<td class=""woocommerce-product-attributes-item__value"">ENplus A1</td>\n</tr>\n<tr class=""woocommerce-product-attributes-item woocommerce-product-attributes-item--attribute_verpackung"">\n<th class=""woocommerce-product-attributes-item__label"">Verpackung</th>\n<td class=""woocommerce-product-attributes-item__value"">120 x 85 x 100 cm</td>\n</tr>\n<tr class=""woocommerce-product-attributes-item woocommerce-product-attributes-item--attribute_restfeuchte"">\n<th class=""woocommerce-product-attributes-item__label"">Restfeuchte</th>\n<td class=""woocommerce-product-attributes-item__value"">&lt; 10%</td>\n</tr>\n<tr class=""woocommerce-product-attributes-item woocommerce-product-attributes-item--attribute_scheitl%c3%a4nge"">\n<th class=""woocommerce-product-attributes-item__label"">Scheitlänge</th>\n<td class=""woocommerce-product-attributes-item__value"">Ca 11mm</td>\n</tr>\n<tr class=""woocommerce-product-attributes-item woocommerce-product-attributes-item--attribute_abschnitt"">\n<th class=""woocommerce-product-attributes-item__label"">Abschnitt</th>\n<td class=""woocommerce-product-attributes-item__value"">6mm</td>\n</tr>\n<tr class=""woocommerce-product-attributes-item woocommerce-product-attributes-item--attribute_inhalt"">\n<th class=""woocommerce-product-attributes-item__label"">Inhalt</th>\n<td class=""woocommerce-product-attributes-item__value"">65 Säcke à 15kg</td>\n</tr>\n<tr class=""woocommerce-product-attributes-item woocommerce-product-attributes-item--attribute_gewicht"">\n<th class=""woocommerce-product-attributes-item__label"">Gewicht</th>\n<td class=""woocommerce-product-attributes-item__value"">975kg</td>\n</tr>\n</tbody>\n</table>\n											</div>\n				",,,taxable,,1,21,,0,0,,,,,1,,,"220,00",Holzpellets,,,https://chiemgaupelletsgmbh.de/wp-content/uploads/2026/03/MSDDDDDDDDDDD.jpg,,,,,,,,,1,Chiemgau Pellets GmbH
74,simple,CHI-249-001,,"Holzbriketts RUF Weichholz Duplex / 1 Palette, 960 kg",1,1,visible,Reines Holz aus deutschem Sägewerk Besonders hoher Heizwert mit langer Glimmdauer Verbesserte Luftzirkulation durch “Knochen – Form” Geringer Wassergehalt sorgt für schnelles Anzünden Nach dem Abbrand viel weniger Asche als bei normalem Brennholz ...,"\n					<div class=""wc-tab-inner wd-scroll-content"">\n													\n\n<ul>\n<li>Reines Holz aus deutschem Sägewerk</li>\n<li>Besonders hoher Heizwert mit langer Glimmdauer</li>\n<li>Verbesserte Luftzirkulation durch “Knochen – Form”</li>\n<li>Geringer Wassergehalt sorgt für schnelles Anzünden</li>\n<li>Nach dem Abbrand viel weniger Asche als bei normalem Brennholz</li>\n<li>Sauber verpackt und sofort einsetzbar</li>\n</ul>\n<table class=""product--properties-table"">\n<tbody>\n<tr class=""product--properties-row"">\n<td class=""is--bold"">Holzbriketts RUF Weichholz Duplex</td>\n</tr>\n<tr class=""product--properties-row"">\n<td class=""product--properties-label"">Holzart</td>\n<td class=""product--properties-value"">Weichholz</td>\n</tr>\n<tr class=""product--properties-row"">\n<td class=""product--properties-label"">Pressform</td>\n<td class=""product--properties-value"">RUF</td>\n</tr>\n<tr class=""product--properties-row"">\n<td class=""product--properties-label"">Brikett</td>\n<td class=""product--properties-value"">Typ 7</td>\n</tr>\n<tr class=""product--properties-row"">\n<td class=""product--properties-label"">Heizwert (MJ/kg)</td>\n<td class=""product--properties-value"">≥ 17,0</td>\n</tr>\n<tr class=""product--properties-row"">\n<td class=""product--properties-label"">Aschegehalt (%)</td>\n<td class=""product--properties-value"">≤ 1,0</td>\n</tr>\n<tr class=""product--properties-row"">\n<td class=""product--properties-label"">Wassergehalt (%)</td>\n<td class=""product--properties-value"">≤ 7,0</td>\n</tr>\n<tr class=""product--properties-row"">\n<td class=""product--properties-label"">Partikeldichte (g/cm³)</td>\n<td class=""product--properties-value"">≥ 1,0</td>\n</tr>\n<tr class=""product--properties-row"">\n<td class=""product--properties-label"">Äquivalent</td>\n<td class=""product--properties-value"">3 Briketts ≈ 5 Holzscheite</td>\n</tr>\n<tr class=""product--properties-row"">\n<td class=""product--properties-label"">Abmessung Produkt, ca. [L x B x H] (mm)</td>\n<td class=""product--properties-value"">160 x 90 x 80</td>\n</tr>\n<tr class=""product--properties-row"">\n<td class=""product--properties-label"">Verpackungsvolumen</td>\n<td class=""product--properties-value"">10 Stück pro Gebinde</td>\n</tr>\n<tr class=""product--properties-row"">\n<td class=""product--properties-label"">Gewicht</td>\n<td class=""product--properties-value"">960 kg</td>\n</tr>\n</tbody>\n</table>\n											</div>\n				",,,taxable,,1,25,,0,0,,,,,1,,,"249,00",Holzbrikett,,,https://chiemgaupelletsgmbh.de/wp-content/uploads/2026/03/MT-3.jpg,,,,,,,,,1,Chiemgau Pellets GmbH
75,simple,CHI-220-001,,Holzpellets HOYER – 990kg,1,1,visible,"Holzpellets HOYER – 990kg“ HOYER Holzpellets werden aus unbehandeltem, naturbelassenem Holz hergestellt. Das Qualitätsmanagement beginnt schon bei der Rohstoffanlieferung.","\n					<div class=""wc-tab-inner wd-scroll-content"">\n													\n\n<div class=""h3 product-detail-description-title"">„Holzpellets HOYER – 990kg“</div>\n<div class=""product-detail-description-text"">\n<div>HOYER Holzpellets werden aus unbehandeltem, naturbelassenem Holz hergestellt. Das Qualitätsmanagement beginnt schon bei der Rohstoffanlieferung. Die Produktion wird bis hin zur Auslieferung laufend überwacht. So ist eine gleichbleibend hohe Pelletqualität garantiert. HOYER Holzpellets sind nach der „ENplus A1“ Norm zertifiziert. Dabei schneiden HOYER Holzpellets sogar besser ab als die Norm.</div>\n</div>\n<div></div>\n<div>\n<table class=""table table-striped product-detail-properties-table"">\n<tbody>\n<tr class=""properties-row"">\n<th class=""properties-label"">Gewicht / Sack:</th>\n<td class=""properties-value"">15 kg</td>\n</tr>\n<tr class=""properties-row"">\n<th class=""properties-label"">Gewicht / Verkaufseinheit:</th>\n<td class=""properties-value"">990 kg</td>\n</tr>\n<tr class=""properties-row"">\n<th class=""properties-label"">Heizwert in KWh/kg:</th>\n<td class=""properties-value"">&gt; 4,9</td>\n</tr>\n<tr class=""properties-row"">\n<th class=""properties-label"">Holzart:</th>\n<td class=""properties-value"">Entrindete Nadelhölzer</td>\n</tr>\n<tr class=""properties-row"">\n<th class=""properties-label"">Lagerung:</th>\n<td class=""properties-value"">Trocken und in geschlossenen Räumen, Vor Nässe schützen.</td>\n</tr>\n<tr class=""properties-row"">\n<th class=""properties-label"">Marke::</th>\n<td class=""properties-value"">HOYER</td>\n</tr>\n<tr class=""properties-row"">\n<th class=""properties-label"">Pelletdurchmesser:</th>\n<td class=""properties-value"">Ø 6 mm</td>\n</tr>\n<tr class=""properties-row"">\n<th class=""properties-label"">Pelletlänge:</th>\n<td class=""properties-value"">3,15 – 4,0 cm</td>\n</tr>\n<tr class=""properties-row"">\n<th class=""properties-label"">Restfeuchte:</th>\n<td class=""properties-value"">6 – 8 %</td>\n</tr>\n<tr class=""properties-row"">\n<th class=""properties-label"">Sack / Palette:</th>\n<td class=""properties-value"">66 Säcke</td>\n</tr>\n<tr class=""properties-row"">\n<th class=""properties-label"">Sackabmaße:</th>\n<td class=""properties-value"">15 x 25 x 60 cm ( B x H x L )</td>\n</tr>\n<tr class=""properties-row"">\n<th class=""properties-label"">Umverpackung (Palette):</th>\n<td class=""properties-value"">mit Folie umwickelt, ungebändert</td>\n</tr>\n<tr class=""properties-row"">\n<th class=""properties-label""></th>\n<td class=""properties-value""></td>\n</tr>\n<tr class=""properties-row"">\n<th class=""properties-label"">Zertifikate:</th>\n<td class=""properties-value"">ENplus A1 (DE369)</td>\n</tr>\n<tr class=""properties-row"">\n<th class=""properties-label"">Aschegehalt:</th>\n<td class=""properties-value"">&lt; 0,5 %</td>\n</tr>\n</tbody>\n</table>\n</div>\n											</div>\n				",,,taxable,,1,20,,0,0,,,,,1,,,"220,00",Holzpellets,,,https://chiemgaupelletsgmbh.de/wp-content/uploads/2026/03/IMG_2415_frei_2000x_1920x1920-700x764-1.jpg,,,,,,,,,1,Chiemgau Pellets GmbH
76,simple,CHI,,Mischholz Holzbriketts Palette-RUF – 960kg,1,1,visible,"Die RUF Mischholzbriketts sind das eigentliche Standardprodukt unter den Holzbriketts. Das Rohmaterial kommt aus Sägewerken, die zumeist ein sehr breit gefächertes Produktesortiment aufweisen.","\n					<div class=""wc-tab-inner wd-scroll-content"">\n													\n\n<p>Die RUF Mischholzbriketts sind das eigentliche Standardprodukt unter den Holzbriketts. Das Rohmaterial kommt aus Sägewerken, die zumeist ein sehr breit gefächertes Produktesortiment aufweisen. Daher können die Briketts im Aussehen und in der Zusammensetzung variieren.</p>\n<p>Holzbriketts werden aus natürlichen Rohstoffen produziert und so gleicht sich bei dieser Sorte meist keine Palette der anderen.</p>\n<p>Aufgrund der Mischung aus Laub- und Nadelhölzern werden die guten Eigenschaften der Laubhölzer (lange Glut) mit denen der Nadelhölzer (schöne Flamme, lange Flammdauer) vereint und es entsteht ein ausgewogenes Mittel.</p>\n<p>Da die Mischholzbriketts kein sortenreines Produkt sind, sondern alle Sägespäne, Hobelspäne und Hackschnitzel verarbeitet werden, kann auch eine günstigere Verarbeitung sichergestellt werden. Somit haben die Mischholzbriketts das beste Preis-Leistungs-Verhältnis und sind der heimliche Favorit bei vielen Heizern die auf die Geldbörse schauen müssen.</p>\n											</div>\n				",,,taxable,,1,21,,0,0,,,,,1,,,"199,00",Holzbrikett,,,https://chiemgaupelletsgmbh.de/wp-content/uploads/2026/03/QPF554SDK65DFD.jpg,,,,,,,,,1,Chiemgau Pellets GmbH
77,simple,CHI-210-001,,"Holzbriketts PiniKay Hartholz Octagon ,960 kg",1,1,visible,"ENplus A1 zertifiziert (BE-DE-006-02) 100% natürliches Hartholz ohne chemische Bindemittel 8-eckige Form mit Zugloch (Typ 5) Außen Dunkel, innen hell FSC®-zertifiziert Schnell anzündbar Sehr gute Luftzirkulation Geruchsneutral beim Verbrennen Inte...","\n					<div class=""wc-tab-inner wd-scroll-content"">\n													\n\n<ul>\n<li>ENplus A1 zertifiziert (BE-DE-006-02)</li>\n<li>100% natürliches Hartholz ohne chemische Bindemittel</li>\n<li>8-eckige Form mit Zugloch (Typ 5)</li>\n<li>Außen Dunkel, innen hell</li>\n<li>FSC®-zertifiziert</li>\n<li>Schnell anzündbar</li>\n<li>Sehr gute Luftzirkulation</li>\n<li>Geruchsneutral beim Verbrennen</li>\n<li>Intensives Flammenbild</li>\n<li>Einsatz in Dauerbrandofen, Heizkessel, Holzvergaser, Kamin, Ofen, Feuerschale</li>\n</ul>\n<table class=""product--properties-table"">\n<tbody>\n<tr class=""product--properties-row"">\n<td class=""is--bold"">Holzbriketts PiniKay Hartholz Octagon</td>\n</tr>\n<tr class=""product--properties-row"">\n<td class=""product--properties-label"">Zertifikat</td>\n<td class=""product--properties-value"">ENplus</td>\n</tr>\n<tr class=""product--properties-row"">\n<td class=""product--properties-label"">Techn. Norm</td>\n<td class=""product--properties-value"">DIN EN ISO 17225-3, Klasse A1</td>\n</tr>\n<tr class=""product--properties-row"">\n<td class=""product--properties-label"">Zertifikat-ID</td>\n<td class=""product--properties-value"">BE-DE-006-02</td>\n</tr>\n<tr class=""product--properties-row"">\n<td class=""product--properties-label"">Holzart</td>\n<td class=""product--properties-value"">Hartholz</td>\n</tr>\n<tr class=""product--properties-row"">\n<td class=""product--properties-label"">Pressform</td>\n<td class=""product--properties-value"">PiniKay</td>\n</tr>\n<tr class=""product--properties-row"">\n<td class=""product--properties-label"">Brikett</td>\n<td class=""product--properties-value"">Typ 4</td>\n</tr>\n<tr class=""product--properties-row"">\n<td class=""product--properties-label"">Heizwert (MJ/kg)</td>\n<td class=""product--properties-value"">≥ 17,5</td>\n</tr>\n<tr class=""product--properties-row"">\n<td class=""product--properties-label"">Aschegehalt (%)</td>\n<td class=""product--properties-value"">≤ 1,0</td>\n</tr>\n<tr class=""product--properties-row"">\n<td class=""product--properties-label"">Wassergehalt (%)</td>\n<td class=""product--properties-value"">≤ 5,0</td>\n</tr>\n<tr class=""product--properties-row"">\n<td class=""product--properties-label"">Partikeldichte (g/cm³)</td>\n<td class=""product--properties-value"">≥ 1,2</td>\n</tr>\n<tr class=""product--properties-row"">\n<td class=""product--properties-label"">Gewicht</td>\n<td class=""product--properties-value"">960 kg</td>\n</tr>\n</tbody>\n</table>\n											</div>\n				",,,taxable,,1,23,,0,0,,,,,1,,,"210,00",Holzbrikett,,,https://chiemgaupelletsgmbh.de/wp-content/uploads/2026/03/VF.jpg,,,,,,,,,1,Chiemgau Pellets GmbH
78,simple,CHI-215-001,,Holzpellets GERMAN FLAMES – 990kg (33Sack X 15 kg) 990 kg,1,1,visible,"Holzpellets GERMAN FLAMES – 990kg“ GERMAN FLAMES Holzpellets werden aus unbehandeltem, naturbelassenem Holz hergestellt. Durch den geringen Staubanteil und dem hohen Heizwert der GERMAN FLAMES Holzpellets gehören diese Pellets bis heute zu den füh...","\n					<div class=""wc-tab-inner wd-scroll-content"">\n													\n\n<div class=""h3 product-detail-description-title""><strong>&nbsp;„Holzpellets GERMAN FLAMES – 990kg“</strong></div>\n<div class=""product-detail-description-text"">\n<div>GERMAN FLAMES Holzpellets werden aus unbehandeltem, naturbelassenem Holz hergestellt.</div>\n<div>Durch den geringen Staubanteil und dem hohen Heizwert der GERMAN FLAMES Holzpellets gehören diese Pellets bis heute zu den führenden Produkten in Deutschland. Der geringe Ascheanteil der Pellets verspricht einen geringen Reinigungs- und Wartungsaufwand am Ofen oder Pelletkessel.</div>\n<div>GERMAN FLAMES Holzpellets sind nach der „ENplus A1“ Norm zertifiziert.</div>\n</div>\n<div></div>\n<div>\n<table class=""table table-striped product-detail-properties-table"">\n<tbody>\n<tr class=""properties-row"">\n<th class=""properties-label""></th>\n<td class=""properties-value""></td>\n</tr>\n<tr class=""properties-row"">\n<th class=""properties-label"">Gewicht / Sack:</th>\n<td class=""properties-value"">15 kg</td>\n</tr>\n<tr class=""properties-row"">\n<th class=""properties-label"">Gewicht / Verkaufseinheit:</th>\n<td class=""properties-value"">990 kg</td>\n</tr>\n<tr class=""properties-row"">\n<th class=""properties-label"">Heizwert in KWh/kg:</th>\n<td class=""properties-value"">&gt; 5,0</td>\n</tr>\n<tr class=""properties-row"">\n<th class=""properties-label"">Holzart:</th>\n<td class=""properties-value"">Entrindete Nadelhölzer</td>\n</tr>\n<tr class=""properties-row"">\n<th class=""properties-label"">Lagerung:</th>\n<td class=""properties-value"">Trocken und in geschlossenen Räumen, Vor Nässe schützen.</td>\n</tr>\n<tr class=""properties-row"">\n<th class=""properties-label"">Marke::</th>\n<td class=""properties-value"">GERMAN FLAMES</td>\n</tr>\n<tr class=""properties-row"">\n<th class=""properties-label"">Pelletdurchmesser:</th>\n<td class=""properties-value"">Ø 6 mm</td>\n</tr>\n<tr class=""properties-row"">\n<th class=""properties-label"">Pelletlänge:</th>\n<td class=""properties-value"">3,15 – 4,0 cm</td>\n</tr>\n<tr class=""properties-row"">\n<th class=""properties-label"">Restfeuchte:</th>\n<td class=""properties-value"">7 – 9 %</td>\n</tr>\n<tr class=""properties-row"">\n<th class=""properties-label"">Sack / Palette:</th>\n<td class=""properties-value"">66 Säcke</td>\n</tr>\n<tr class=""properties-row"">\n<th class=""properties-label"">Sackabmaße:</th>\n<td class=""properties-value"">15 x 25 x 60 cm ( B x H x L )</td>\n</tr>\n<tr class=""properties-row"">\n<th class=""properties-label"">Umverpackung (Palette):</th>\n<td class=""properties-value"">Schrumpffolienhaube, ungebändert</td>\n</tr>\n<tr class=""properties-row"">\n<th class=""properties-label""></th>\n<td class=""properties-value""></td>\n</tr>\n<tr class=""properties-row"">\n<th class=""properties-label"">Zertifikate:</th>\n<td class=""properties-value"">ENplus A1 (DE056)</td>\n</tr>\n<tr class=""properties-row"">\n<th class=""properties-label"">Aschegehalt:</th>\n<td class=""properties-value"">&lt; 0,5 %</td>\n</tr>\n</tbody>\n</table>\n</div>\n											</div>\n				",,,taxable,,1,22,,0,0,,,,,1,,,"215,00",Holzpellets,,,https://chiemgaupelletsgmbh.de/wp-content/uploads/2026/03/IMG_1709_gestellt_2000x-700x822-1.jpg,,,,,,,,,1,Chiemgau Pellets GmbH
79,simple,,,"Holzpellets im Papiersack EPH, 65 x 15kg – 975 kg",1,1,visible,0% PLASTIKMÜLL Der Sack besteht zu 100% aus Papier. Der Sack ist zu 100% recyclebar.,"\n					<div class=""wc-tab-inner wd-scroll-content"">\n													\n\n<p>0% PLASTIKMÜLL<br>\nDer Sack besteht zu 100% aus Papier.<br>\nDer Sack ist zu 100% recyclebar.<br>\nWir liefern 100% Qualität.</p>\n<ul>\n<li>100% für die Umwelt</li>\n<li>100% regional</li>\n<li>100% eigene Herstellung</li>\n</ul>\n<h3>15 kg saubere Wärme!</h3>\n<ul>\n<li>Sehr hoher Heizwert. Sehr geringer Feinanteil.</li>\n<li>100% Holzpellets</li>\n<li>100% aus heimischen Wäldern</li>\n</ul>\n<h4>Bei der Herstellung entsteht weniger CO<sub>2</sub>&nbsp;als bei der Herstellung von Plastiksäcken. Ihre Entsorgung ist zudem unproblematischer und sie stellen keine mögliche Quelle für Plastikabfall oder Mikroplastik dar.</h4>\n<p>Dass Holzpellets in der Regel in Plastiksäcke verpackt werden hat sowohl wirtschaftliche als auch technische Gründe. Zum einen sind Plastiksäcke wesentlich billiger als Papiersäcke, da sie sich von einer Folienrolle beliebig abrollen und zu Schlauchbeuteln formen und befüllen lassen. Solche Maschinen haben bei niedrigen Folienkosten eine hohe Absackleistung pro Stunde.</p>\n<p>Papiersäcke können nicht von einer Rolle genommen werden, sondern sie müssen vorher schon einzeln zusammengeklebt und nach dem Befüllen zugenäht werden. Das ist wesentlich teurer und aufwändiger als die Folienverpackung mit Schweißtechnik<em>.</em></p>\n<ul>\n<li>Feinanteile &lt; 0.2%</li>\n<li>Heizwert min. 5.1 kWh/kg</li>\n<li>Ascheanfall 0.2%</li>\n<li>Ascheerweichungstemperatur &gt;1350°C</li>\n<li>saubere und handliche Lagerung in 15kg Säcken</li>\n<li>komfortable und bequeme Lieferung auf pfandfreien Einwegpaletten mit wetterfester Regenhaube</li>\n<li>ausschließliche Verwendung von produktionseigenen Sägespänen, garantiert frei von Rinde</li>\n</ul>\n											</div>\n				",,,taxable,,1,25,,0,0,,,,,1,,,"249,00",Holzpellets,,,https://chiemgaupelletsgmbh.de/wp-content/uploads/2026/03/sddddddddd565d45ef5sd56sd56sddsd.jpg,,,,,,,,,1,Chiemgau Pellets GmbH
80,simple,,,1 Palette – Holzpellets Blue ENplus A1/ 15kg x 65 Sack 975kg,1,1,visible,"Holz ohne chemische Bindemittel Hergestellt aus nachwachsenden Rohstoffen ENplus A1 zertifiziert (DE-446) FSC®-zertifiziert CO2-neutral Hoher Heizwert Geringe Restfeuchte Geringer Ascheanteil Lange Brenndauer Saubere, staubfreie Aufbewahrung Beque...","\n					<div class=""wc-tab-inner wd-scroll-content"">\n													\n\n<ul>\n<li>Holz ohne chemische Bindemittel</li>\n<li>Hergestellt aus nachwachsenden Rohstoffen</li>\n<li>ENplus A1 zertifiziert (DE-446)</li>\n<li>FSC®-zertifiziert</li>\n<li>CO2-neutral</li>\n<li>Hoher Heizwert</li>\n<li>Geringe Restfeuchte</li>\n<li>Geringer Ascheanteil</li>\n<li>Lange Brenndauer</li>\n<li>Saubere, staubfreie Aufbewahrung</li>\n<li>Bequemes Einfüllen in die Heizungsanlage je nach Bedarf</li>\n<li>Einsatz in Pelletanlagen und Pelletöfen</li>\n</ul>\n<table class=""product--properties-table"">\n<tbody>\n<tr class=""product--properties-row"">\n<td class=""is--bold"">Holzpellets Blue ENplus A1</td>\n</tr>\n<tr class=""product--properties-row"">\n<td class=""product--properties-label"">Zertifikat</td>\n<td class=""product--properties-value"">ENplus</td>\n</tr>\n<tr class=""product--properties-row"">\n<td class=""product--properties-label"">Techn. Norm</td>\n<td class=""product--properties-value"">DIN EN ISO 17225-2, Klasse A1</td>\n</tr>\n<tr class=""product--properties-row"">\n<td class=""product--properties-label"">Zertifikat-ID</td>\n<td class=""product--properties-value"">DE-446</td>\n</tr>\n<tr class=""product--properties-row"">\n<td class=""product--properties-label"">Holzart</td>\n<td class=""product--properties-value"">Weichholz</td>\n</tr>\n<tr class=""product--properties-row"">\n<td class=""product--properties-label"">Produktion</td>\n<td class=""product--properties-value"">Europa</td>\n</tr>\n<tr class=""product--properties-row"">\n<td class=""product--properties-label"">Länge (mm)</td>\n<td class=""product--properties-value"">3,15 – 40</td>\n</tr>\n<tr class=""product--properties-row"">\n<td class=""product--properties-label"">Durchmesser (mm)</td>\n<td class=""product--properties-value"">6 (± 1)</td>\n</tr>\n<tr class=""product--properties-row"">\n<td class=""product--properties-label"">Heizwert (MJ/kg)</td>\n<td class=""product--properties-value"">≥ 17,0</td>\n</tr>\n<tr class=""product--properties-row"">\n<td class=""product--properties-label"">Heizwert (kWh/kg)</td>\n<td class=""product--properties-value"">≥ 4,7</td>\n</tr>\n<tr class=""product--properties-row"">\n<td class=""product--properties-label"">Aschegehalt (%)</td>\n<td class=""product--properties-value"">≤ 0,7</td>\n</tr>\n<tr class=""product--properties-row"">\n<td class=""product--properties-label"">Ascheerweichungstemperatur (°C)</td>\n<td class=""product--properties-value"">≥ 1.300</td>\n</tr>\n<tr class=""product--properties-row"">\n<td class=""product--properties-label"">Festigkeit (%)</td>\n<td class=""product--properties-value"">≥ 98</td>\n</tr>\n<tr class=""product--properties-row"">\n<td class=""product--properties-label"">Feinanteil (%)</td>\n<td class=""product--properties-value"">≤ 0,5</td>\n</tr>\n<tr class=""product--properties-row"">\n<td class=""product--properties-label"">Schüttdichte (kg/m³)</td>\n<td class=""product--properties-value"">650</td>\n</tr>\n<tr class=""product--properties-row"">\n<td class=""product--properties-label"">Wassergehalt (%)</td>\n<td class=""product--properties-value"">≤ 10,0</td>\n</tr>\n<tr class=""product--properties-row"">\n<td class=""product--properties-label"">Gewicht</td>\n<td class=""product--properties-value"">975 kg</td>\n</tr>\n</tbody>\n</table>\n											</div>\n				",,,taxable,,1,25,,0,0,,,,,1,,,"231,99",Holzpellets,,,https://chiemgaupelletsgmbh.de/wp-content/uploads/2026/03/MT-8FFFFFF4-2.jpg,,,,,,,,,1,Chiemgau Pellets GmbH
81,simple,CHI-189-001,,Esche Brennholz Kammergetrocknet – 2rm – 25 cm,1,1,visible,"Esche hat eine warme und ruhige Flamme, es spritzt absolut nicht. Dadurch, dass Esche eine harte Holzsorte ist, kann man es prima in größeren Kaminen und Öfen verwenden.","\n					<div class=""wc-tab-inner wd-scroll-content"">\n													\n\n<p>Esche hat eine warme und ruhige Flamme, es spritzt absolut nicht. Dadurch, dass Esche eine harte Holzsorte ist, kann man es prima in größeren Kaminen und Öfen verwenden. Esche brennt langsam und hat einen herrlichen Duft.</p>\n<ul>\n<li>Ofengetrocknet</li>\n<li>Feuchtigkeitsgehalt &lt; 20 %</li>\n<li>Direkt verfeuerbar</li>\n<li>Harte Holzsorte, lange Brennzeit</li>\n<li>Länge der Scheite 25 cm</li>\n<li>für mittelgroße Kamine und Öfen</li>\n<li>Palette 200 x 85 x 120 cm</li>\n<li>Inhalt: 1,8 Kubikmeter</li>\n<li>stabile Kiste, kompakt gestapelt</li>\n<li>Innerhalb von 48 Stunden geliefert</li>\n<li>sicher bestellen und bezahlen</li>\n</ul>\n<table id=""product-attribute-specs-table"" class=""data-table"">\n<tbody>\n<tr class=""manufacturer even"">\n<th class=""label"">Marke</th>\n<td class=""data last"">Eschenholz</td>\n</tr>\n<tr class=""afmetingen odd"">\n<th class=""label"">Verpackung</th>\n<td class=""data last"">120 x 85 x 200 cm (B x T x H) inklusiv Palette</td>\n</tr>\n<tr class=""humidity even"">\n<th class=""label"">Restfeuchte</th>\n<td class=""data last"">&lt; 20%</td>\n</tr>\n<tr class=""intersection_wood_logs odd"">\n<th class=""label"">Abschnitt</th>\n<td class=""data last"">8 bis 15 cm</td>\n</tr>\n<tr class=""gewicht even"">\n<th class=""label"">Gewicht</th>\n<td class=""data last"">900 kg</td>\n</tr>\n<tr class=""volume odd"">\n<th class=""label"">Inhalt</th>\n<td class=""data last"">1,8 RM</td>\n</tr>\n<tr class=""material_haardstel even"">\n<th class=""label"">Material</th>\n<td class=""data last"">Esche brennholz</td>\n</tr>\n<tr class=""bijzonderheden odd"">\n<th class=""label"">Einzelheiten</th>\n<td class=""data last"">Wenn es nach unseren Kunden geht, ist dies das Beste Kaminholz</td>\n</tr>\n<tr class=""wood_type last even"">\n<th class=""label"">Brennholz Arten</th>\n<td class=""data last"">Kammergetrocknet Esche</td>\n</tr>\n</tbody>\n</table>\n											</div>\n				",,,taxable,,1,24,,0,0,,,,,1,,,"189,00",Brennholz,,,https://chiemgaupelletsgmbh.de/wp-content/uploads/2026/03/AQ.jpg,,,,,,,,,1,Chiemgau Pellets GmbH
82,simple,CHI-199-001,,"Hartholzbriketts eckig in Folie , 960kg",1,1,visible,Hartholzbriketts eckig in Folie – 960kg-Palette“ Diese zusatzstofffreien Holzbriketts aus naturbelassenen Hartholzspänen eignen sich ideal für kleinere bis mittlere Öfen. Sie zeichnen sich durch ihre schnelle Wärmeabgabe aus und ermöglichen ein be...,"\n					<div class=""wc-tab-inner wd-scroll-content"">\n													\n\n<div class=""content--title"">„Hartholzbriketts eckig in Folie – 960kg-Palette“</div>\n<div class=""product--description"">\n<p>&nbsp;</p>\n<p>Diese zusatzstofffreien Holzbriketts aus&nbsp;<strong>naturbelassenen</strong>&nbsp;<strong>Hartholzspänen</strong>&nbsp;eignen sich ideal für&nbsp;<strong>kleinere</strong>&nbsp;bis&nbsp;<strong>mittlere</strong>&nbsp;<strong>Öfen</strong>. Sie zeichnen&nbsp;sich durch ihre&nbsp;<strong>schnelle</strong>&nbsp;<strong>Wärmeabgabe</strong>&nbsp;aus und ermöglichen ein besonders&nbsp;<strong>effizientes</strong>,&nbsp;<strong>sauberes</strong>&nbsp;und&nbsp;<strong>nachhaltiges&nbsp;</strong>Heizen mit Holz. Hervorragend geeignet sind diese Briketts zudem zum Anheizen und in der Kombination mit unseren runden Briketts. Die Lieferung erfolgt via Spedition frei Bordsteinkante. Diese Briketts sind auch&nbsp;in&nbsp;<strong>praktischen&nbsp;</strong><strong>30kg-Kartons</strong>&nbsp;verfügbar.</p>\n<p><strong>Überblick:</strong></p>\n<ul>\n<li>Naturbelassene Holzspäne, in Brikettierpressen unter hohem Druck in Form gepresst</li>\n<li>Kontrolliertes Abbrennen</li>\n<li>Hoher Heizwert</li>\n<li>Praktische Lagerung</li>\n<li>Lieferung frei Bordsteinkante</li>\n<li>Ebenfalls als praktischer&nbsp;<strong>30kg-Karton&nbsp;</strong>verfügbar</li>\n<li>Auch Selbstabholung möglich</li>\n</ul>\n<p><strong>Details:</strong></p>\n<ul>\n<li>Holzart: Hartholz</li>\n<li>Maße: ca. 15 x 6 x 10 cm</li>\n<li>Brennwert: ca. 5 kWh/kg</li>\n<li>Restfeuchtigkeit: ca. 7-10%</li>\n<li>Abbildungen ähnlich</li>\n</ul>\n</div>\n<p>Länge: 120 cm<br>\nBreite: 80 cm<br>\nHöhe: 140 cm<br>\nGewicht (ca.): 960 kg</p>\n											</div>\n				",,,taxable,,1,25,,0,0,,,,,1,,,"199,00",Holzbrikett,,,https://chiemgaupelletsgmbh.de/wp-content/uploads/2026/03/Harthol-ohne-Folie_600x600.jpg,,,,,,,,,1,Chiemgau Pellets GmbH
83,simple,CHI-209-001,,"Holzbriketts Nestro Hartholz , 972 kg",1,1,visible,"100 % natürliches Hartholz ohne chemische Bindemittel Briketttyp Walze (Typ 1) Außen Braun, innen hell FSC®- zertifiziert Hohe Glutdauer Ruhiges Flammenbild Sehr sauber und leicht portionierbar Sofort einsetzbar Einsatz in Dauerbrandofen, Heizkess...","\n					<div class=""wc-tab-inner wd-scroll-content"">\n													\n\n<ul>\n<li>100 % natürliches Hartholz ohne chemische Bindemittel</li>\n<li>Briketttyp Walze (Typ 1)</li>\n<li>Außen Braun, innen hell</li>\n<li>FSC®- zertifiziert</li>\n<li>Hohe Glutdauer</li>\n<li>Ruhiges Flammenbild</li>\n<li>Sehr sauber und leicht portionierbar</li>\n<li>Sofort einsetzbar</li>\n<li>Einsatz in Dauerbrandofen, Heizkessel, Holzvergaser, geschlossener Kamin, Ofen, tiefe Feuerschale</li>\n</ul>\n<p>&nbsp;</p>\n<table class=""product--properties-table"">\n<tbody>\n<tr class=""product--properties-row"">\n<td class=""is--bold"">Holzbriketts Nestro Hartholz S</td>\n</tr>\n<tr class=""product--properties-row"">\n<td class=""product--properties-label"">Zertifikat</td>\n<td class=""product--properties-value"">Eurofins (Laborgeprüft)</td>\n</tr>\n<tr class=""product--properties-row"">\n<td class=""product--properties-label"">Techn. Norm</td>\n<td class=""product--properties-value"">DIN EN ISO 17225-3, Klasse B</td>\n</tr>\n<tr class=""product--properties-row"">\n<td class=""product--properties-label"">Holzart</td>\n<td class=""product--properties-value"">Hartholz</td>\n</tr>\n<tr class=""product--properties-row"">\n<td class=""product--properties-label"">Pressform</td>\n<td class=""product--properties-value"">Nestro</td>\n</tr>\n<tr class=""product--properties-row"">\n<td class=""product--properties-label"">Brikett</td>\n<td class=""product--properties-value"">Typ 1</td>\n</tr>\n<tr class=""product--properties-row"">\n<td class=""product--properties-label"">Heizwert (MJ/kg)</td>\n<td class=""product--properties-value"">≥ 17,0</td>\n</tr>\n<tr class=""product--properties-row"">\n<td class=""product--properties-label"">Aschegehalt (%)</td>\n<td class=""product--properties-value"">≤ 2,0</td>\n</tr>\n<tr class=""product--properties-row"">\n<td class=""product--properties-label"">Wassergehalt (%)</td>\n<td class=""product--properties-value"">≤ 7,0</td>\n</tr>\n<tr class=""product--properties-row"">\n<td class=""product--properties-label"">Partikeldichte (g/cm³)</td>\n<td class=""product--properties-value"">≥ 1,0</td>\n</tr>\n<tr class=""product--properties-row"">\n<td class=""product--properties-label"">Äquivalent</td>\n<td class=""product--properties-value"">2 Briketts ≈ 3 Holzscheite</td>\n</tr>\n<tr class=""product--properties-row"">\n<td class=""product--properties-label"">Länge Produkt, ca. (mm)</td>\n<td class=""product--properties-value"">240</td>\n</tr>\n<tr class=""product--properties-row"">\n<td class=""product--properties-label"">Durchmesser (mm)</td>\n<td class=""product--properties-value"">80</td>\n</tr>\n<tr class=""product--properties-row"">\n<td class=""product--properties-label"">Verpackungsvolumen</td>\n<td class=""product--properties-value"">5 Stück pro Gebinde</td>\n</tr>\n<tr class=""product--properties-row"">\n<td class=""product--properties-label"">Gewicht</td>\n<td class=""product--properties-value"">972 kg</td>\n</tr>\n</tbody>\n</table>\n											</div>\n				",,,taxable,,1,20,,0,0,,,,,1,,,"209,00",Holzbrikett,,,https://chiemgaupelletsgmbh.de/wp-content/uploads/2026/03/Q66854P.jpg,,,,,,,,,1,"Chiemgau Pellets GmbH, Ehs Pellets Gmbh"
84,simple,CHI-205-001,,"Holzpellets 6mm , 65 x 15kg Palette-Olimp – ENplus-A1",1,1,visible,"die Pellets sind zertifiziert und erfüllen die strengen Anforderungen der Norm ENplusA1 hochkonzentrierte Pelletenergie (Heizwert ca. 5,3 kWh/kg) niedriger Aschegehalt ( niedrige Feuchtigkeit (ca.","\n					<div class=""wc-tab-inner wd-scroll-content"">\n													\n\n<ul>\n<li>die Pellets sind zertifiziert und erfüllen die strengen Anforderungen der Norm ENplusA1</li>\n<li>hochkonzentrierte Pelletenergie (Heizwert ca. 5,3 kWh/kg)</li>\n<li>niedriger Aschegehalt (&lt;0,4%)</li>\n<li>niedrige Feuchtigkeit (ca. 5-7%)</li>\n<li>nahezu frei von Abrieb</li>\n<li>vollständig erneuerbar</li>\n</ul>\n<ul>\n<li>niedrige CO?-Emission während der Verbrennung</li>\n<li>saubere und handliche Lagerung in 15kg Säcken</li>\n<li>komfortable und bequeme Lieferung auf pfandfreien Einwegpaletten mit wetterfester Regenhaube</li>\n<li>ausschließliche Verwendung von produktionseigenen Sägespänen, garantiert frei von Rinde</li>\n<li>leichte und wirtschaftliche Anwendung (1 Heizsaison = 5 ? 8 Tonnen Pellets),</li>\n<li>günstige Alternative zu Kohle, Öl oder Gas</li>\n<li>Einsparung: das Heizen mit Pellets ist etwa 36 % billiger als mit Erdgas, ca. 54 % billiger als mit Heizöl, und etwa 65 % billiger als mit Flüssiggas</li>\n<li>gleichbleibend hochwertige Pellets in Premium Qualität dank ENplus-A1 zertifizierte Produktion</li>\n</ul>\n<p>Die Pelletproduktion der Firma Stelmet S.A. ist unter Einsatz der weltweit neuesten Technologien für die Herstellung von Holzpellets entstanden. Die jährliche Produktionskapazität der Marken Lava und Olimp Pellets beträgt bis zu 144.000 Tonnen. Die modernen Verarbeitungslinien garantieren ein Produkt von gleichbleibend hoher Qualität. Die Unternehmenstätigkeiten der Firma Stelmet S.A. umfassen den kompletten Herstellungsprozess: vom Kauf des Holzes bis zur Verpackung der fertigen Produkte.</p>\n<p>Alle durch Stelmet S.A. produzierten Holzprodukte besitzen das FSC-Zertifikat. Das FSC-Zertifikat ist das Zeichen dafür, dass die Produkte aus Wäldern stammen, in denen die vom Naturschutz und von der lokalen Gemeinschaft vorgegebenen Leitsätze und Kriterien einer nachhaltigen Forstwirtschaft erfüllt werden.</p>\n<p>Darüber hinaus besitzen die Olimp Pellets die Zertifikate DINplus, sowie ENPlus A1. Somit wird eine gleichbleibend hochwertige Qualität sichergestellt.</p>\n											</div>\n				",,,taxable,,1,24,,0,0,,,,,1,,,"205,00",Holzpellets,,,https://chiemgaupelletsgmbh.de/wp-content/uploads/2026/03/AQT.jpg,,,,,,,,,1,Chiemgau Pellets GmbH
85,simple,CHI-231-001,,"Holzpellets Green ENplus A1, 975 kg",1,1,visible,"Holzpellets im Papiersack – Ökologisch wertvoll – ENplus A1 zertifiziert Hoher Heizwert mit langer Brenndauer Geringer Feinanteil und Aschegehalt Saubere, staubfreie Aufbewahrung Bequemes Einfüllen in die Heizungsanlage Holzpellets Green ENplus A1...","\n					<div class=""wc-tab-inner wd-scroll-content"">\n													\n\n<ul>\n<li>Holzpellets im Papiersack – Ökologisch wertvoll –</li>\n<li>ENplus A1 zertifiziert</li>\n<li>Hoher Heizwert mit langer Brenndauer</li>\n<li>Geringer Feinanteil und Aschegehalt</li>\n<li>Saubere, staubfreie Aufbewahrung</li>\n<li>Bequemes Einfüllen in die Heizungsanlage</li>\n</ul>\n<table class=""product--properties-table"">\n<tbody>\n<tr class=""product--properties-row"">\n<td class=""is--bold"">Holzpellets Green ENplus A1</td>\n</tr>\n<tr class=""product--properties-row"">\n<td class=""product--properties-label"">Zertifikat</td>\n<td class=""product--properties-value"">ENplus</td>\n</tr>\n<tr class=""product--properties-row"">\n<td class=""product--properties-label"">Techn. Norm</td>\n<td class=""product--properties-value"">DIN EN ISO 17225-2</td>\n</tr>\n<tr class=""product--properties-row"">\n<td class=""product--properties-label"">Zertifikat-ID</td>\n<td class=""product--properties-value"">DE-446</td>\n</tr>\n<tr class=""product--properties-row"">\n<td class=""product--properties-label"">Holzart</td>\n<td class=""product--properties-value"">Weichholz</td>\n</tr>\n<tr class=""product--properties-row"">\n<td class=""product--properties-label"">Produktion</td>\n<td class=""product--properties-value"">Europa</td>\n</tr>\n<tr class=""product--properties-row"">\n<td class=""product--properties-label"">Länge (mm)</td>\n<td class=""product--properties-value"">3,15 – 40</td>\n</tr>\n<tr class=""product--properties-row"">\n<td class=""product--properties-label"">Durchmesser (mm)</td>\n<td class=""product--properties-value"">6 (± 1)</td>\n</tr>\n<tr class=""product--properties-row"">\n<td class=""product--properties-label"">Heizwert (MJ/kg)</td>\n<td class=""product--properties-value"">≥ 16,5</td>\n</tr>\n<tr class=""product--properties-row"">\n<td class=""product--properties-label"">Heizwert (kWh/kg)</td>\n<td class=""product--properties-value"">≥ 4,6</td>\n</tr>\n<tr class=""product--properties-row"">\n<td class=""product--properties-label"">Aschegehalt (%)</td>\n<td class=""product--properties-value"">≤ 0,7</td>\n</tr>\n<tr class=""product--properties-row"">\n<td class=""product--properties-label"">Ascheerweichungstemperatur (°C)</td>\n<td class=""product--properties-value"">≥ 1.200</td>\n</tr>\n<tr class=""product--properties-row"">\n<td class=""product--properties-label"">Festigkeit (%)</td>\n<td class=""product--properties-value"">&gt; 98,0</td>\n</tr>\n<tr class=""product--properties-row"">\n<td class=""product--properties-label"">Feinanteil (%)</td>\n<td class=""product--properties-value"">≤ 0,5</td>\n</tr>\n<tr class=""product--properties-row"">\n<td class=""product--properties-label"">Schüttdichte (kg/m³)</td>\n<td class=""product--properties-value"">600 ≤ SD ≤ 750</td>\n</tr>\n<tr class=""product--properties-row"">\n<td class=""product--properties-label"">Wassergehalt (%)</td>\n<td class=""product--properties-value"">≤ 10,0</td>\n</tr>\n<tr class=""product--properties-row"">\n<td class=""product--properties-label"">Abmessung Sack, ca. [H x B x T] (mm)</td>\n<td class=""product--properties-value"">600x350x150</td>\n</tr>\n<tr class=""product--properties-row"">\n<td class=""product--properties-label"">Gewicht</td>\n<td class=""product--properties-value"">975 kg</td>\n</tr>\n<tr class=""product--properties-row"">\n<td class=""product--properties-label"">Breite x Höhe x Tiefe (cm)</td>\n<td class=""product--properties-value"">100 x 400 x 600</td>\n</tr>\n</tbody>\n</table>\n											</div>\n				",,,taxable,,1,22,,0,0,,,,,1,,,"231,99",Holzpellets,,,https://chiemgaupelletsgmbh.de/wp-content/uploads/2026/03/qsxds54.jpg,,,,,,,,,1,Chiemgau Pellets GmbH
86,simple,CHI-219-001,,"Holzpellets Premium ENplus A1 , 975 kg",1,1,visible,"Kiefernholz ohne chemische Bindemittel Hergestellt aus nachwachsenden Nadelholz ENplusA1 zertifiziert (DE-433) CO2-neutral Geringe Restfeuchte Geringer Ascheanteil Lange Brenndauer Saubere, staubfreie Aufbewahrung Bequemes Einfüllen in die Heizung...","\n					<div class=""wc-tab-inner wd-scroll-content"">\n													\n\n<ul>\n<li>Kiefernholz ohne chemische Bindemittel</li>\n<li>Hergestellt aus nachwachsenden Nadelholz</li>\n<li>ENplusA1 zertifiziert (DE-433)</li>\n<li>CO2-neutral</li>\n<li>Geringe Restfeuchte</li>\n<li>Geringer Ascheanteil</li>\n<li>Lange Brenndauer</li>\n<li>Saubere, staubfreie Aufbewahrung</li>\n<li>Bequemes Einfüllen in die Heizungsanlage je nach Bedarf</li>\n<li>Einsatz in Pelletanlagen und Pelletöfen</li>\n</ul>\n<table class=""product--properties-table"">\n<tbody>\n<tr class=""product--properties-row"">\n<td class=""is--bold"">Holzpellets Premium ENplus A1</td>\n</tr>\n<tr class=""product--properties-row"">\n<td class=""product--properties-label"">Zertifikat</td>\n<td class=""product--properties-value"">ENplus</td>\n</tr>\n<tr class=""product--properties-row"">\n<td class=""product--properties-label"">Techn. Norm</td>\n<td class=""product--properties-value"">DIN EN ISO 17225-2, Klasse A1</td>\n</tr>\n<tr class=""product--properties-row"">\n<td class=""product--properties-label"">Zertifikat-ID</td>\n<td class=""product--properties-value"">DE-433</td>\n</tr>\n<tr class=""product--properties-row"">\n<td class=""product--properties-label"">Holzart</td>\n<td class=""product--properties-value"">Weichholz</td>\n</tr>\n<tr class=""product--properties-row"">\n<td class=""product--properties-label"">Produktion</td>\n<td class=""product--properties-value"">Deutschland</td>\n</tr>\n<tr class=""product--properties-row"">\n<td class=""product--properties-label"">Farbe</td>\n<td class=""product--properties-value"">Natur</td>\n</tr>\n<tr class=""product--properties-row"">\n<td class=""product--properties-label"">Länge (mm)</td>\n<td class=""product--properties-value"">3,15 – 40</td>\n</tr>\n<tr class=""product--properties-row"">\n<td class=""product--properties-label"">Durchmesser (mm)</td>\n<td class=""product--properties-value"">6 (± 1)</td>\n</tr>\n<tr class=""product--properties-row"">\n<td class=""product--properties-label"">Heizwert (MJ/kg)</td>\n<td class=""product--properties-value"">≥ 16,5</td>\n</tr>\n<tr class=""product--properties-row"">\n<td class=""product--properties-label"">Heizwert (kWh/kg)</td>\n<td class=""product--properties-value"">≥ 4,6</td>\n</tr>\n<tr class=""product--properties-row"">\n<td class=""product--properties-label"">Aschegehalt (%)</td>\n<td class=""product--properties-value"">≤ 0,7</td>\n</tr>\n<tr class=""product--properties-row"">\n<td class=""product--properties-label"">Ascheerweichungstemperatur (°C)</td>\n<td class=""product--properties-value"">≥ 1.200</td>\n</tr>\n<tr class=""product--properties-row"">\n<td class=""product--properties-label"">Festigkeit (%)</td>\n<td class=""product--properties-value"">&gt; 98,0</td>\n</tr>\n<tr class=""product--properties-row"">\n<td class=""product--properties-label"">Feinanteil (%)</td>\n<td class=""product--properties-value"">≤ 0,5</td>\n</tr>\n<tr class=""product--properties-row"">\n<td class=""product--properties-label"">Schüttdichte (kg/m³)</td>\n<td class=""product--properties-value"">≥ 600,00</td>\n</tr>\n<tr class=""product--properties-row"">\n<td class=""product--properties-label"">Wassergehalt (%)</td>\n<td class=""product--properties-value"">≤ 10,0</td>\n</tr>\n<tr class=""product--properties-row"">\n<td class=""product--properties-label"">Gewicht</td>\n<td class=""product--properties-value"">975 kg</td>\n</tr>\n</tbody>\n</table>\n											</div>\n				",,,taxable,,1,27,,0,0,,,,,1,,,"219,00","Holzhackschnitzel, Holzpellets",,,https://chiemgaupelletsgmbh.de/wp-content/uploads/2026/03/DFKJDF514-700x700-1.jpg,,,,,,,,,1,Chiemgau Pellets GmbH
87,simple,CHI-2350-001,,Pelletkessel – EXTRAFLAME PK15 16kW,1,1,visible,"Unsere Pelletöfen vereinen Technologie, Design und Leistung und verwandeln Ihr Zuhause in einen warmen und eleganten Raum. Dank intelligenter Steuerungssysteme sorgen sie für eine gleichmäßige Wärmeverteilung bei gleichzeitig optimiertem Pelletver...","Unsere Pelletöfen vereinen Technologie, Design und Leistung und verwandeln Ihr Zuhause in einen warmen und eleganten Raum. Dank intelligenter Steuerungssysteme sorgen sie für eine gleichmäßige Wärmeverteilung bei gleichzeitig optimiertem Pelletverbrauch.
\n
\nUnsere Öfen sind benutzerfreundlich, programmierbar und sicher und bieten optimalen Wärmekomfort bei exzellenter Energieeffizienz. Ihr modernes Design fügt sich harmonisch in jeden Wohnstil ein.
\n
\n✔ Programmierbare und automatische Heizung
\n✔ ​​Hohe Effizienz und optimierter Verbrauch
\n✔ Einfache Installation und Wartung
\n✔ ​​Umweltfreundliche und wirtschaftliche Lösung
\n
\nGenießen Sie leistungsstarke, ästhetisch ansprechende und nachhaltige Heizung für Ihr Zuhause.",,,taxable,,1,29,,0,0,,,,,1,,,2350,"Pelletkessel, Pelletkessel > Pelletkessel2",,,https://chiemgaupelletsgmbh.de/wp-content/uploads/2026/03/evacalor-ev50-50-kw-1-1-1-600x600-1.jpg,,,,,,,,,2,Chiemgau Pellets GmbH
88,simple,CHI-390-001,,BIO-EKO PELLET – PALETTE MIT 70 SÄCKEN BEI 15 KG,1,1,visible,"Unsere BIO-EKO PELLET bestehen zu 100 % aus natürlichem Sägemehl – ​​ganz ohne Zusatzstoffe oder chemische Bindemittel. Getrocknet und hochverdichtet garantieren sie eine saubere Verbrennung, hohe Energieeffizienz und minimale Aschebildung.","Unsere BIO-EKO PELLET bestehen zu 100 % aus natürlichem Sägemehl – ​​ganz ohne Zusatzstoffe oder chemische Bindemittel. Getrocknet und hochverdichtet garantieren sie eine saubere Verbrennung, hohe Energieeffizienz und minimale Aschebildung.
\n
\nDank ihres geringen Feuchtigkeitsgehalts liefern unsere Pellets eine gleichmäßige und sparsame Wärme, die Ihr Heizsystem schont. Sie eignen sich ideal für alle Arten von Pelletöfen und -kesseln und bieten eine zuverlässige und nachhaltige Heizlösung für den Winter.
\n
\n✔ Hohe Heizleistung
\n✔ ​​Geringer Aschegehalt
\n✔ Saubere und umweltfreundliche Verbrennung
\n✔ ​​Kompatibel mit allen Pelletöfen
\n
\nEntscheiden Sie sich für effizientes, sparsames und umweltfreundliches Heizen.",,,taxable,,1,22,,0,0,,,,,1,,,390,"Holzpellets, Pelletkessel > Pelletkessel2",,,https://chiemgaupelletsgmbh.de/wp-content/uploads/2026/03/a13-2-600x600-1.jpg,,,,,,,,,1,Chiemgau Pellets GmbH
89,simple,CHI-380-001,,SOLARIS PELLET – PALETTE MIT 65 SÄCKEN ZU 15 KG,1,1,visible,"Unsere SOLARIS PELLET bestehen zu 100 % aus natürlichem Sägemehl – ​​ganz ohne Zusatzstoffe oder chemische Bindemittel. Getrocknet und hochverdichtet garantieren sie eine saubere Verbrennung, hohe Energieeffizienz und minimale Aschebildung.","Unsere SOLARIS PELLET bestehen zu 100 % aus natürlichem Sägemehl – ​​ganz ohne Zusatzstoffe oder chemische Bindemittel. Getrocknet und hochverdichtet garantieren sie eine saubere Verbrennung, hohe Energieeffizienz und minimale Aschebildung.
\n
\nDank ihres geringen Feuchtigkeitsgehalts liefern unsere Pellets eine gleichmäßige und sparsame Wärme, die Ihr Heizsystem schont. Sie eignen sich ideal für alle Arten von Pelletöfen und -kesseln und bieten eine zuverlässige und nachhaltige Heizlösung für den Winter.
\n
\n✔ Hohe Heizleistung
\n✔ ​​Geringer Aschegehalt
\n✔ Saubere und umweltfreundliche Verbrennung
\n✔ ​​Kompatibel mit allen Pelletöfen
\n
\nEntscheiden Sie sich für effizientes, sparsames und umweltfreundliches Heizen.",,,taxable,,1,23,,0,0,,,,,1,,,380,"Holzpellets, Pelletkessel > Pelletkessel2",,,https://chiemgaupelletsgmbh.de/wp-content/uploads/2026/03/a14-600x600-1.jpg,,,,,,,,,1,Chiemgau Pellets GmbH
90,simple,CHI-470-001,,BIO-TECHNIK PELLET – PALETTE ZU 50 SÄCKEN ZU 15 KG,1,1,visible,"Unsere BIO-TECHNIK PELLET bestehen zu 100 % aus natürlichem Sägemehl – ​​ganz ohne Zusatzstoffe oder chemische Bindemittel. Getrocknet und hochverdichtet garantieren sie eine saubere Verbrennung, hohe Energieeffizienz und minimale Aschebildung.","Unsere BIO-TECHNIK PELLET bestehen zu 100 % aus natürlichem Sägemehl – ​​ganz ohne Zusatzstoffe oder chemische Bindemittel. Getrocknet und hochverdichtet garantieren sie eine saubere Verbrennung, hohe Energieeffizienz und minimale Aschebildung.
\n
\nDank ihres geringen Feuchtigkeitsgehalts liefern unsere Pellets eine gleichmäßige und sparsame Wärme, die Ihr Heizsystem schont. Sie eignen sich ideal für alle Arten von Pelletöfen und -kesseln und bieten eine zuverlässige und nachhaltige Heizlösung für den Winter.
\n
\n✔ Hohe Heizleistung
\n✔ ​​Geringer Aschegehalt
\n✔ Saubere und umweltfreundliche Verbrennung
\n✔ ​​Kompatibel mit allen Pelletöfen
\n
\nEntscheiden Sie sich für effizientes, sparsames und umweltfreundliches Heizen.",,,taxable,,1,25,,0,0,,,,,1,,,470,"Holzpellets, Pelletkessel > Pelletkessel2",,,https://chiemgaupelletsgmbh.de/wp-content/uploads/2026/03/b88-600x600-1.jpg,,,,,,,,,1,Chiemgau Pellets GmbH
91,simple,CHI-620-001,,VERBA PELLET – PALETTE ZU 70 SÄCKEN ZU 15 KG,1,1,visible,"Unsere VERBA PELLET bestehen zu 100 % aus natürlichem Sägemehl – ​​ganz ohne Zusatzstoffe oder chemische Bindemittel. Getrocknet und hochverdichtet garantieren sie eine saubere Verbrennung, hohe Energieeffizienz und minimale Aschebildung.","Unsere VERBA PELLET bestehen zu 100 % aus natürlichem Sägemehl – ​​ganz ohne Zusatzstoffe oder chemische Bindemittel. Getrocknet und hochverdichtet garantieren sie eine saubere Verbrennung, hohe Energieeffizienz und minimale Aschebildung.
\n
\nDank ihres geringen Feuchtigkeitsgehalts liefern unsere Pellets eine gleichmäßige und sparsame Wärme, die Ihr Heizsystem schont. Sie eignen sich ideal für alle Arten von Pelletöfen und -kesseln und bieten eine zuverlässige und nachhaltige Heizlösung für den Winter.
\n
\n✔ Hohe Heizleistung
\n✔ ​​Geringer Aschegehalt
\n✔ Saubere und umweltfreundliche Verbrennung
\n✔ ​​Kompatibel mit allen Pelletöfen
\n
\nEntscheiden Sie sich für effizientes, sparsames und umweltfreundliches Heizen.",,,taxable,,1,27,,0,0,,,,,1,,,"620,00","Holzpellets, Pelletkessel > Pelletkessel2",,,https://chiemgaupelletsgmbh.de/wp-content/uploads/2026/03/a12-3-600x600-1.jpg,,,,,,,,,1,Chiemgau Pellets GmbH
92,simple,CHI-610-001,,PELLET STARKES PELLET – PALETTE ZU 70 SÄCKEN ZU 15 KG,1,1,visible,"Unsere PELLET STARKES PELLET bestehen zu 100 % aus natürlichem Sägemehl – ​​ganz ohne Zusatzstoffe oder chemische Bindemittel. Getrocknet und hochverdichtet garantieren sie eine saubere Verbrennung, hohe Energieeffizienz und minimale Aschebildung.","Unsere PELLET STARKES PELLET bestehen zu 100 % aus natürlichem Sägemehl – ​​ganz ohne Zusatzstoffe oder chemische Bindemittel. Getrocknet und hochverdichtet garantieren sie eine saubere Verbrennung, hohe Energieeffizienz und minimale Aschebildung.
\n
\nDank ihres geringen Feuchtigkeitsgehalts liefern unsere Pellets eine gleichmäßige und sparsame Wärme, die Ihr Heizsystem schont. Sie eignen sich ideal für alle Arten von Pelletöfen und -kesseln und bieten eine zuverlässige und nachhaltige Heizlösung für den Winter.
\n
\n✔ Hohe Heizleistung
\n✔ ​​Geringer Aschegehalt
\n✔ Saubere und umweltfreundliche Verbrennung
\n✔ ​​Kompatibel mit allen Pelletöfen
\n
\nEntscheiden Sie sich für effizientes, sparsames und umweltfreundliches Heizen.",,,taxable,,1,29,,0,0,,,,,1,,,"610,00","Holzpellets, Pelletkessel > Pelletkessel2",,,https://chiemgaupelletsgmbh.de/wp-content/uploads/2026/03/a17-600x600-1.jpg,,,,,,,,,1,Chiemgau Pellets GmbH
93,simple,CHI-530-001,,PELLET AUSGEZEICHNETE PELLETS – PALLET VON 65 SÄCKEN VON 15 KG,1,1,visible,"Unsere PELLET AUSGEZEICHNETE PELLETS bestehen zu 100 % aus natürlichem Sägemehl – ​​ganz ohne Zusatzstoffe oder chemische Bindemittel. Getrocknet und hochverdichtet garantieren sie eine saubere Verbrennung, hohe Energieeffizienz und minimale Asche...","Unsere PELLET AUSGEZEICHNETE PELLETS bestehen zu 100 % aus natürlichem Sägemehl – ​​ganz ohne Zusatzstoffe oder chemische Bindemittel. Getrocknet und hochverdichtet garantieren sie eine saubere Verbrennung, hohe Energieeffizienz und minimale Aschebildung.
\n
\nDank ihres geringen Feuchtigkeitsgehalts liefern unsere Pellets eine gleichmäßige und sparsame Wärme, die Ihr Heizsystem schont. Sie eignen sich ideal für alle Arten von Pelletöfen und -kesseln und bieten eine zuverlässige und nachhaltige Heizlösung für den Winter.
\n
\n✔ Hohe Heizleistung
\n✔ ​​Geringer Aschegehalt
\n✔ Saubere und umweltfreundliche Verbrennung
\n✔ ​​Kompatibel mit allen Pelletöfen
\n
\nEntscheiden Sie sich für effizientes, sparsames und umweltfreundliches Heizen.",,,taxable,,1,28,,0,0,,,,,1,,,"530,00","Holzpellets, Pelletkessel > Pelletkessel2",,,https://chiemgaupelletsgmbh.de/wp-content/uploads/2026/03/a18-2-600x600-1.jpg,,,,,,,,,1,Chiemgau Pellets GmbH
94,simple,CHI-570-001,,PELLET VAN ROJE – PALETTE VON 65 SÄCKEN VON 15 KG,1,1,visible,"Unsere PELLET VAN ROJE bestehen zu 100 % aus natürlichem Sägemehl – ​​ganz ohne Zusatzstoffe oder chemische Bindemittel. Getrocknet und hochverdichtet garantieren sie eine saubere Verbrennung, hohe Energieeffizienz und minimale Aschebildung.","Unsere PELLET VAN ROJE bestehen zu 100 % aus natürlichem Sägemehl – ​​ganz ohne Zusatzstoffe oder chemische Bindemittel. Getrocknet und hochverdichtet garantieren sie eine saubere Verbrennung, hohe Energieeffizienz und minimale Aschebildung.
\n
\nDank ihres geringen Feuchtigkeitsgehalts liefern unsere Pellets eine gleichmäßige und sparsame Wärme, die Ihr Heizsystem schont. Sie eignen sich ideal für alle Arten von Pelletöfen und -kesseln und bieten eine zuverlässige und nachhaltige Heizlösung für den Winter.
\n
\n✔ Hohe Heizleistung
\n✔ ​​Geringer Aschegehalt
\n✔ Saubere und umweltfreundliche Verbrennung
\n✔ ​​Kompatibel mit allen Pelletöfen
\n
\nEntscheiden Sie sich für effizientes, sparsames und umweltfreundliches Heizen.",,,taxable,,1,24,,0,0,,,,,1,,,"570,00","Holzpellets, Pelletkessel > Pelletkessel2",,,https://chiemgaupelletsgmbh.de/wp-content/uploads/2026/03/a15-1-600x600-1.jpg,,,,,,,,,1,Chiemgau Pellets GmbH
95,simple,,,ENERBIO-PELLET – PALETTE MIT 77 SÄCKEN ZU 15 KG,1,1,visible,"Unsere ENERBIO-PELLET bestehen zu 100 % aus natürlichem Sägemehl – ​​ganz ohne Zusatzstoffe oder chemische Bindemittel. Getrocknet und hochverdichtet garantieren sie eine saubere Verbrennung, hohe Energieeffizienz und minimale Aschebildung.","Unsere ENERBIO-PELLET bestehen zu 100 % aus natürlichem Sägemehl – ​​ganz ohne Zusatzstoffe oder chemische Bindemittel. Getrocknet und hochverdichtet garantieren sie eine saubere Verbrennung, hohe Energieeffizienz und minimale Aschebildung.
\n
\nDank ihres geringen Feuchtigkeitsgehalts liefern unsere Pellets eine gleichmäßige und sparsame Wärme, die Ihr Heizsystem schont. Sie eignen sich ideal für alle Arten von Pelletöfen und -kesseln und bieten eine zuverlässige und nachhaltige Heizlösung für den Winter.
\n
\n✔ Hohe Heizleistung
\n✔ ​​Geringer Aschegehalt
\n✔ Saubere und umweltfreundliche Verbrennung
\n✔ ​​Kompatibel mit allen Pelletöfen
\n
\nEntscheiden Sie sich für effizientes, sparsames und umweltfreundliches Heizen.",,,taxable,,1,22,,0,0,,,,,1,,,"450,00","Holzpellets, Pelletkessel > Pelletkessel2",,,https://chiemgaupelletsgmbh.de/wp-content/uploads/2026/03/a16-1-600x600-1.jpg,,,,,,,,,1,Chiemgau Pellets GmbH
96,simple,CHI-8899-001,,"COMFY COSY PELLET – PALETTE MIT 65 SÄCKEN VON 18,1 KG",1,1,visible,"Unsere COMFY COSY PELLET bestehen zu 100 % aus natürlichem Sägemehl – ​​ganz ohne Zusatzstoffe oder chemische Bindemittel. Getrocknet und hochverdichtet garantieren sie eine saubere Verbrennung, hohe Energieeffizienz und minimale Aschebildung.","Unsere COMFY COSY PELLET bestehen zu 100 % aus natürlichem Sägemehl – ​​ganz ohne Zusatzstoffe oder chemische Bindemittel. Getrocknet und hochverdichtet garantieren sie eine saubere Verbrennung, hohe Energieeffizienz und minimale Aschebildung.
\n
\nDank ihres geringen Feuchtigkeitsgehalts liefern unsere Pellets eine gleichmäßige und sparsame Wärme, die Ihr Heizsystem schont. Sie eignen sich ideal für alle Arten von Pelletöfen und -kesseln und bieten eine zuverlässige und nachhaltige Heizlösung für den Winter.
\n
\n✔ Hohe Heizleistung
\n✔ ​​Geringer Aschegehalt
\n✔ Saubere und umweltfreundliche Verbrennung
\n✔ ​​Kompatibel mit allen Pelletöfen
\n
\nEntscheiden Sie sich für effizientes, sparsames und umweltfreundliches Heizen.",,,taxable,,1,24,,0,0,,,,,1,,,"899,00","Holzpellets, Pelletkessel > Pelletkessel2",,,https://chiemgaupelletsgmbh.de/wp-content/uploads/2026/03/b87-600x600-1.jpg,,,,,,,,,1,Chiemgau Pellets GmbH
97,simple,CHI-780-001,,PELLET-DACHS – PALETTE MIT 65 SÄCKEN ZU 15 KG,1,1,visible,"Unsere PELLET-DACHS bestehen zu 100 % aus natürlichem Sägemehl – ​​ganz ohne Zusatzstoffe oder chemische Bindemittel. Getrocknet und hochverdichtet garantieren sie eine saubere Verbrennung, hohe Energieeffizienz und minimale Aschebildung.","Unsere PELLET-DACHS bestehen zu 100 % aus natürlichem Sägemehl – ​​ganz ohne Zusatzstoffe oder chemische Bindemittel. Getrocknet und hochverdichtet garantieren sie eine saubere Verbrennung, hohe Energieeffizienz und minimale Aschebildung.
\n
\nDank ihres geringen Feuchtigkeitsgehalts liefern unsere Pellets eine gleichmäßige und sparsame Wärme, die Ihr Heizsystem schont. Sie eignen sich ideal für alle Arten von Pelletöfen und -kesseln und bieten eine zuverlässige und nachhaltige Heizlösung für den Winter.
\n
\n✔ Hohe Heizleistung
\n✔ ​​Geringer Aschegehalt
\n✔ Saubere und umweltfreundliche Verbrennung
\n✔ ​​Kompatibel mit allen Pelletöfen
\n
\nEntscheiden Sie sich für effizientes, sparsames und umweltfreundliches Heizen.",,,taxable,,1,25,,0,0,,,,,1,,,"780,00","Holzpellets, Pelletkessel > Pelletkessel2",,,https://chiemgaupelletsgmbh.de/wp-content/uploads/2026/03/b81-600x600-1.jpg,,,,,,,,,1,Chiemgau Pellets GmbH
98,simple,CHI-740-001,,PELLET STARKES PELLET – PALETTE ZU 70 SÄCKEN ZU 15 KG,1,1,visible,"Unsere PELLET STARKES PELLET bestehen zu 100 % aus natürlichem Sägemehl – ​​ganz ohne Zusatzstoffe oder chemische Bindemittel. Getrocknet und hochverdichtet garantieren sie eine saubere Verbrennung, hohe Energieeffizienz und minimale Aschebildung.","Unsere PELLET STARKES PELLET bestehen zu 100 % aus natürlichem Sägemehl – ​​ganz ohne Zusatzstoffe oder chemische Bindemittel. Getrocknet und hochverdichtet garantieren sie eine saubere Verbrennung, hohe Energieeffizienz und minimale Aschebildung.
\n
\nDank ihres geringen Feuchtigkeitsgehalts liefern unsere Pellets eine gleichmäßige und sparsame Wärme, die Ihr Heizsystem schont. Sie eignen sich ideal für alle Arten von Pelletöfen und -kesseln und bieten eine zuverlässige und nachhaltige Heizlösung für den Winter.
\n
\n✔ Hohe Heizleistung
\n✔ ​​Geringer Aschegehalt
\n✔ Saubere und umweltfreundliche Verbrennung
\n✔ ​​Kompatibel mit allen Pelletöfen
\n
\nEntscheiden Sie sich für effizientes, sparsames und umweltfreundliches Heizen.",,,taxable,,1,23,,0,0,,,,,1,,,"740,00",Holzpellets,,,https://chiemgaupelletsgmbh.de/wp-content/uploads/2026/03/b82-600x600-1.jpg,,,,,,,,,1,Chiemgau Pellets GmbH
99,simple,CHI-784-001,,PELLET PYNAUJA – PALETTE MIT 70 SÄCKEN ZU 15 KG,1,1,visible,"Unsere PELLET PYNAUJA bestehen zu 100 % aus natürlichem Sägemehl – ​​ganz ohne Zusatzstoffe oder chemische Bindemittel. Getrocknet und hochverdichtet garantieren sie eine saubere Verbrennung, hohe Energieeffizienz und minimale Aschebildung.","Unsere PELLET PYNAUJA bestehen zu 100 % aus natürlichem Sägemehl – ​​ganz ohne Zusatzstoffe oder chemische Bindemittel. Getrocknet und hochverdichtet garantieren sie eine saubere Verbrennung, hohe Energieeffizienz und minimale Aschebildung.
\n
\nDank ihres geringen Feuchtigkeitsgehalts liefern unsere Pellets eine gleichmäßige und sparsame Wärme, die Ihr Heizsystem schont. Sie eignen sich ideal für alle Arten von Pelletöfen und -kesseln und bieten eine zuverlässige und nachhaltige Heizlösung für den Winter.
\n
\n✔ Hohe Heizleistung
\n✔ ​​Geringer Aschegehalt
\n✔ Saubere und umweltfreundliche Verbrennung
\n✔ ​​Kompatibel mit allen Pelletöfen
\n
\nEntscheiden Sie sich für effizientes, sparsames und umweltfreundliches Heizen.",,,taxable,,1,26,,0,0,,,,,1,,,"784,00",Holzpellets,,,https://chiemgaupelletsgmbh.de/wp-content/uploads/2026/03/b79-600x600-1.jpg,,,,,,,,,1,Chiemgau Pellets GmbH
130,simple,CHI-718-001,,PELLET OLCZYK – PALETTE ZU 70 SÄCKEN ZU 15 KG,1,1,visible,"Unsere PELLET OLCZYK bestehen zu 100 % aus natürlichem Sägemehl – ​​ganz ohne Zusatzstoffe oder chemische Bindemittel. Getrocknet und hochverdichtet garantieren sie eine saubere Verbrennung, hohe Energieeffizienz und minimale Aschebildung.","Unsere PELLET OLCZYK bestehen zu 100 % aus natürlichem Sägemehl – ​​ganz ohne Zusatzstoffe oder chemische Bindemittel. Getrocknet und hochverdichtet garantieren sie eine saubere Verbrennung, hohe Energieeffizienz und minimale Aschebildung.
\n
\nDank ihres geringen Feuchtigkeitsgehalts liefern unsere Pellets eine gleichmäßige und sparsame Wärme, die Ihr Heizsystem schont. Sie eignen sich ideal für alle Arten von Pelletöfen und -kesseln und bieten eine zuverlässige und nachhaltige Heizlösung für den Winter.
\n
\n✔ Hohe Heizleistung
\n✔ ​​Geringer Aschegehalt
\n✔ Saubere und umweltfreundliche Verbrennung
\n✔ ​​Kompatibel mit allen Pelletöfen
\n
\nEntscheiden Sie sich für effizientes, sparsames und umweltfreundliches Heizen.",,,taxable,,1,24,,0,0,,,,,1,,,"718,00",Holzpellets,,,https://chiemgaupelletsgmbh.de/wp-content/uploads/2026/03/b80-600x600-1.jpg,,,,,,,,,1,Chiemgau Pellets GmbH
131,simple,CHI-587-001,,LANDWIRTSCHAFTSPELLET – PALETTE MIT 70 SÄCKEN ZU 15 KG,1,1,visible,"Unsere LANDWIRTSCHAFTSPELLET bestehen zu 100 % aus natürlichem Sägemehl – ​​ganz ohne Zusatzstoffe oder chemische Bindemittel. Getrocknet und hochverdichtet garantieren sie eine saubere Verbrennung, hohe Energieeffizienz und minimale Aschebildung.","Unsere LANDWIRTSCHAFTSPELLET bestehen zu 100 % aus natürlichem Sägemehl – ​​ganz ohne Zusatzstoffe oder chemische Bindemittel. Getrocknet und hochverdichtet garantieren sie eine saubere Verbrennung, hohe Energieeffizienz und minimale Aschebildung.
\n
\nDank ihres geringen Feuchtigkeitsgehalts liefern unsere Pellets eine gleichmäßige und sparsame Wärme, die Ihr Heizsystem schont. Sie eignen sich ideal für alle Arten von Pelletöfen und -kesseln und bieten eine zuverlässige und nachhaltige Heizlösung für den Winter.
\n
\n✔ Hohe Heizleistung
\n✔ ​​Geringer Aschegehalt
\n✔ Saubere und umweltfreundliche Verbrennung
\n✔ ​​Kompatibel mit allen Pelletöfen
\n
\nEntscheiden Sie sich für effizientes, sparsames und umweltfreundliches Heizen.",,,taxable,,1,25,,0,0,,,,,1,,,"587,00",Holzpellets,,,https://chiemgaupelletsgmbh.de/wp-content/uploads/2026/03/b85-600x600-1.jpg,,,,,,,,,1,Chiemgau Pellets GmbH
132,simple,CHI-788-001,,BIO-ENERGIE-PELLET – MIT 66 SÄCKEN PALETTE ZU 15 KG,1,1,visible,"Unsere BIO-ENERGIE-PELLET bestehen zu 100 % aus natürlichem Sägemehl – ​​ganz ohne Zusatzstoffe oder chemische Bindemittel. Getrocknet und hochverdichtet garantieren sie eine saubere Verbrennung, hohe Energieeffizienz und minimale Aschebildung.","Unsere BIO-ENERGIE-PELLET bestehen zu 100 % aus natürlichem Sägemehl – ​​ganz ohne Zusatzstoffe oder chemische Bindemittel. Getrocknet und hochverdichtet garantieren sie eine saubere Verbrennung, hohe Energieeffizienz und minimale Aschebildung.
\n
\nDank ihres geringen Feuchtigkeitsgehalts liefern unsere Pellets eine gleichmäßige und sparsame Wärme, die Ihr Heizsystem schont. Sie eignen sich ideal für alle Arten von Pelletöfen und -kesseln und bieten eine zuverlässige und nachhaltige Heizlösung für den Winter.
\n
\n✔ Hohe Heizleistung
\n✔ ​​Geringer Aschegehalt
\n✔ Saubere und umweltfreundliche Verbrennung
\n✔ ​​Kompatibel mit allen Pelletöfen
\n
\nEntscheiden Sie sich für effizientes, sparsames und umweltfreundliches Heizen.",,,taxable,,1,20,,0,0,,,,,1,,,"788,00",Holzpellets,,,https://chiemgaupelletsgmbh.de/wp-content/uploads/2026/03/b86-600x600-1.jpg,,,,,,,,,1,Chiemgau Pellets GmbH
133,simple,CHI-794-001,,COTERRAM PELLET – PALETTE VON 70 SÄCKEN MIT 15 KG,1,1,visible,"Unsere COTERRAM PELLET bestehen zu 100 % aus natürlichem Sägemehl – ​​ganz ohne Zusatzstoffe oder chemische Bindemittel. Getrocknet und hochverdichtet garantieren sie eine saubere Verbrennung, hohe Energieeffizienz und minimale Aschebildung.","Unsere COTERRAM PELLET bestehen zu 100 % aus natürlichem Sägemehl – ​​ganz ohne Zusatzstoffe oder chemische Bindemittel. Getrocknet und hochverdichtet garantieren sie eine saubere Verbrennung, hohe Energieeffizienz und minimale Aschebildung.
\n
\nDank ihres geringen Feuchtigkeitsgehalts liefern unsere Pellets eine gleichmäßige und sparsame Wärme, die Ihr Heizsystem schont. Sie eignen sich ideal für alle Arten von Pelletöfen und -kesseln und bieten eine zuverlässige und nachhaltige Heizlösung für den Winter.
\n
\n✔ Hohe Heizleistung
\n✔ ​​Geringer Aschegehalt
\n✔ Saubere und umweltfreundliche Verbrennung
\n✔ ​​Kompatibel mit allen Pelletöfen
\n
\nEntscheiden Sie sich für effizientes, sparsames und umweltfreundliches Heizen.",,,taxable,,1,22,,0,0,,,,,1,,,"794,00",Holzpellets,,,https://chiemgaupelletsgmbh.de/wp-content/uploads/2026/03/b83-600x600-1.jpg,,,,,,,,,1,Chiemgau Pellets GmbH
