id,title,description,link,image_link,additional_image_link,availability,price,sale_price,brand,gtin,mpn,condition,product_type
15485-8,Rekord Braunkohlebriketts 25kg x 40 Gebinde 1000kg Palette,"Braunkohlebriketts 25 kg Lange Glutdauer • Heizwert: ≥ 5,2 kWh/kg • Asche: ≤ 4,5 % Beschreibung ● Die Lausitzer Braunkohle der Marke REKORD® „Made in Germany“ ● Lange Brenndauer mit ruhigem Flammenbild ● Geringer Schwefelanteil und langanhaltende Glut ● Platzsparend und preiswert ● Einsatz im Heizkessel, geschlossenen Kamin und Ofen Produktdetails Produktsortiment: Kohle Geeignete Feuerstätten: Dauerbrandofen Kaminofen Küchenofen Schwefelgehalt: ≤ 0,8 % Aschegehalt: ≤ 4,5 % Heizwert: ≥ 5,2 kWh/kg Warn- und Sicherheitshinweise Braunkohlenbriketts von REKORD sind ein effektiver Brennstoff, der in Kachelöfen, Kaminöfen und Festbrennstoffheizkesseln verwendet werden kann. Lagern Sie die Briketts an einem trockenen, gut belüfteten Ort, um Feuchtigkeit zu vermeiden. Achten Sie darauf, dass die Briketts nicht in der Nähe von Wärmequellen oder offenen Flammen gelagert werden. Beim Umgang sollte Staubentwicklung vermieden und das Rauchen in der Nähe der Briketts unterlassen werden. Konformitätserklärung Die Braunkohlenbriketts von REKORD entsprechen den Anforderungen der General Product Safety Regulation (GPSR) und sind gemäß der DIN EN 1860-2 für Brennstoffe geprüft. Sie erfüllen alle relevanten Sicherheits- und Qualitätsstandards und bieten eine effiziente, umweltfreundliche Heizlösung für zugelassene Feuerstätten.",https://wismarlobaugmbh.com/products/rekord-braunkohlebriketts-25kg-x-40-gebinde-1000kg-palette/,https://wismarlobaugmbh.com/wp-content/uploads/2026/05/836886377.jpg,"https://wismarlobaugmbh.com/wp-content/uploads/2026/05/836886384.webp, https://wismarlobaugmbh.com/wp-content/uploads/2026/05/836884331.webp, https://wismarlobaugmbh.com/wp-content/uploads/2026/05/836884341.webp, https://wismarlobaugmbh.com/wp-content/uploads/2026/05/836884353.webp, https://wismarlobaugmbh.com/wp-content/uploads/2026/05/836884348.webp",in stock,425.00 EUR,,Rekord,,15485-8,new,Holzbriketts
11580-1,Heizfuxx Nestro Hartholz M 12kg x 81 Karton 972kg Palette,"Nestro Hartholz M 12 kg Laborgeprüft • Heizwert ≥ 4,8 kWh/kg • Asche: ≤ 3,5 % Beschreibung ● Reines Buchenholz ohne chemische Bindemittel ● FSC®- zertifiziertes Rohholz ● Lange Brenndauer mit ruhigem Flammenbild ● Sehr sauber im Karton verpackt und sofort einsetzbar ● Leicht portionierbar u.a. in Kamin, Grill oder Pizzaofen Produktdetails Aschegehalt: ≤ 3,5 % Typ: Nestro (Rundbrikett ohne Loch) Heizwert: ≥ 4,8 kWh/kg Länge: 240 (+/-10) mm Produktsortiment: Holzbriketts Restfeuchtigkeit: ≤ 8,0 % Durchmesser: 80 – 90 (±1) mm Partikeldichte: ≥ 1,0 g/cm³ Techn. Norm: DIN EN ISO 17225-3 Zertifikat: Eurofins (Laborgeprüft) Warn- und Sicherheitshinweise Holzbriketts sind ein sicherer und effizienter Brennstoff, der ausschließlich in zugelassenen Öfen und Kaminen verwendet werden darf. Die Lagerung muss trocken und gut belüftet erfolgen, um Qualitätsverluste und Risiken durch Feuchtigkeit zu vermeiden. Staub, der beim Umgang entstehen kann, sollte durch ausreichende Belüftung minimiert werden. Holzbriketts sind leicht entflammbar und müssen von offenen Flammen, Funken oder Zündquellen ferngehalten werden. Kinder und Haustiere dürfen keinen Zugang zu den Briketts haben. Konformitätserklärung Hiermit wird bestätigt, dass die angebotenen Holzbriketts den Anforderungen der General Product Safety Regulation (GPSR) entsprechen. Sie wurden gemäß der Norm DIN EN ISO 17225-3 geprüft, welche die Anforderungen an die Qualität und Sicherheit von Holzbriketts für nichtindustrielle Anwendungen festlegt. Die Briketts erfüllen somit die geltenden Sicherheits- und Qualitätsstandards und sind für den sicheren Einsatz in geeigneten Heizgeräten vorgesehen",https://wismarlobaugmbh.com/products/heizfuxx-nestro-hartholz-m-12kg-x-81-karton-972kg-palette/,https://wismarlobaugmbh.com/wp-content/uploads/2026/05/836879116.webp,"https://wismarlobaugmbh.com/wp-content/uploads/2026/05/836879097.webp, https://wismarlobaugmbh.com/wp-content/uploads/2026/05/862901055.jpg, https://wismarlobaugmbh.com/wp-content/uploads/2026/05/836879086.webp",in stock,381.00 EUR,,Heizfuxx,,11580-1,new,Holzbriketts
DE-473385,Heizfuxx Holzpellets Red 15kg x 65 Sack 975kg Palette,"Holzpellets Red 15 kg ENplus A1 • Hartholz • Heizwert ≥ 4,6 kWh/kg Beschreibung ● Hartholzpellets mit einem besonders hohen Heizwert ● Kein Zusatz chemischer Bindemittel ● Pellets aus nachhaltiger Waldwirtschaft ● Laborgeprüft durch Eurofins gemäß DIN EN ISO 17225-2 ● Schnell anzündbar und hoher Heizwert ● Geringer Asche- und Feinanteil ● Saubere und staubfreie Aufbewahrung Produktdetails Länge: 3,15 – 40 mm Holzart: Hartholz Durchmesser: Ø 6 (±1) mm Produktsortiment: Holzpellets Zertifikat: ENplus A1 Zertifikat-ID: DE-433 Schüttdichte (≥): 675 kg/m³ Ascheerweichungstemperatur: 1.200 °C Restfeuchtigkeit: ≤ 10,0 % Feinanteil: ≤ 0,5 % Heizwert: ≥ 4,6 kWh/kg Aschegehalt: ≤ 0,7 % Techn. Norm: DIN EN ISO 17225-2 Festigkeit: ≥ 98,0 % Warn- und Sicherheitshinweise Holzpellets sind ein sicherer und effizienter Brennstoff, der ausschließlich in zugelassenen Pelletheizsystemen verwendet werden darf. Die Lagerung muss trocken und gut belüftet erfolgen, um Qualitätsverluste und Risiken durch Feuchtigkeit zu vermeiden. Staub, der beim Umgang entstehen kann, sollte durch ausreichende Belüftung minimiert werden. Holzpellets sind leicht entflammbar und müssen von offenen Flammen, Funken oder Zündquellen ferngehalten werden. Kinder und Haustiere dürfen keinen Zugang zu den Pellets haben. Konformitätserklärung Hiermit wird bestätigt, dass die angebotenen Holzpellets den Anforderungen der General Product Safety Regulation (GPSR) entsprechen. Sie wurden gemäß der Norm DIN EN ISO 17225-2 geprüft, welche die Anforderungen an die Qualität und Sicherheit von Holzpellets für nichtindustrielle Anwendungen festlegt. Die Pellets erfüllen somit die geltenden Sicherheits- und Qualitätsstandards und sind für den sicheren Einsatz in geeigneten Heizgeräten vorgesehen",https://wismarlobaugmbh.com/products/heizfuxx-holzpellets-red-15kg-x-65-sack-975kg-palette/,https://wismarlobaugmbh.com/wp-content/uploads/2026/05/836885324.webp,"https://wismarlobaugmbh.com/wp-content/uploads/2026/05/836883146.webp, https://wismarlobaugmbh.com/wp-content/uploads/2026/05/836883155.webp, https://wismarlobaugmbh.com/wp-content/uploads/2026/05/836883142.webp, https://wismarlobaugmbh.com/wp-content/uploads/2026/05/836885328.webp",in stock,381.00 EUR,,Heizfuxx,,DE-473385,new,Holzbriketts
10225-4,Heizfuxx Nestro XL Blue 10kg x 96 Gebinde 960kg Palette,"Beschreibung ● Reines Holz aus deutschem Sägewerk ● Runde Nadelholzbriketts für Kachelöfen, Holzheizungen, Feuerschalen u.ä. ● Hoher Heizwert mit langer Glimmdauer ● Besonders schnelle Wärmeentwiklung ● Extrem wenig Asche ● Praktisch, stapelbar und sofort einsetzbar Typ: Nestro (Rundbrikett ohne Loch) Produktsortiment: Holzbriketts Länge: 280 (+/- 50) mm Durchmesser: 90 – 100 mm Restfeuchtigkeit: ≤ 12,0 % Partikeldichte: ≥ 1,0 g/cm³ Techn. Norm: DIN EN ISO 17225-3 Heizwert: ≥ 4,6 kWh/kg Aschegehalt: ≤ 1,0 % Warn- und Sicherheitshinweise Holzbriketts sind ein sicherer und effizienter Brennstoff, der ausschließlich in zugelassenen Öfen und Kaminen verwendet werden darf. Die Lagerung muss trocken und gut belüftet erfolgen, um Qualitätsverluste und Risiken durch Feuchtigkeit zu vermeiden. Staub, der beim Umgang entstehen kann, sollte durch ausreichende Belüftung minimiert werden. Holzbriketts sind leicht entflammbar und müssen von offenen Flammen, Funken oder Zündquellen ferngehalten werden. Kinder und Haustiere dürfen keinen Zugang zu den Briketts haben. Konformitätserklärung Hiermit wird bestätigt, dass die angebotenen Holzbriketts den Anforderungen der General Product Safety Regulation (GPSR) entsprechen. Sie wurden gemäß der Norm DIN EN ISO 17225-3 geprüft, welche die Anforderungen an die Qualität und Sicherheit von Holzbriketts für nichtindustrielle Anwendungen festlegt. Die Briketts erfüllen somit die geltenden Sicherheits- und Qualitätsstandards und sind für den sicheren Einsatz in geeigneten Heizgeräten vorgesehen.",https://wismarlobaugmbh.com/products/heizfuxx-nestro-xl-blue-10kg-x-96-gebinde-960kg-palette/,https://wismarlobaugmbh.com/wp-content/uploads/2026/05/836883083.webp,"https://wismarlobaugmbh.com/wp-content/uploads/2026/05/836886333.webp, https://wismarlobaugmbh.com/wp-content/uploads/2026/05/836886342.webp, https://wismarlobaugmbh.com/wp-content/uploads/2026/05/836886347.webp, https://wismarlobaugmbh.com/wp-content/uploads/2026/05/836886354.webp, https://wismarlobaugmbh.com/wp-content/uploads/2026/05/868145444.webp",in stock,381.00 EUR,,Heizfuxx,,10225-4,new,Holzbriketts
12225-3,Heizfuxx Nestro XL Red 10kg x 96 Gebinde 960kg Palette,"Nestro XL Red 10 kg Hartholz • Heizwert ≥ 4,8 kWh/kg • Asche: ≤ 1,5 % Beschreibung ● Natürliches Hartholz ohne chemische Bindemittel ● FSC®- zertifiziert ● Lange Brenndauer mit ruhigem Flammenbild ● Leicht zu brechen, portionierbar und damit sofort einsetzbar Produktdetails Typ: Nestro (Rundbrikett ohne Loch) Heizwert: ≥ 4,8 kWh/kg Produktsortiment: Holzbriketts Restfeuchtigkeit: ≤ 8,0 % Länge: 280 (+/- 50) mm Durchmesser: 90 – 100 mm Partikeldichte: ≥ 1,0 g/cm³ Techn. Norm: DIN EN ISO 17225-3 Zertifikat: Eurofins (Laborgeprüft) Aschegehalt: ≤ 1,5 % Warn- und Sicherheitshinweise Holzbriketts sind ein sicherer und effizienter Brennstoff, der ausschließlich in zugelassenen Öfen und Kaminen verwendet werden darf. Die Lagerung muss trocken und gut belüftet erfolgen, um Qualitätsverluste und Risiken durch Feuchtigkeit zu vermeiden. Staub, der beim Umgang entstehen kann, sollte durch ausreichende Belüftung minimiert werden. Holzbriketts sind leicht entflammbar und müssen von offenen Flammen, Funken oder Zündquellen ferngehalten werden. Kinder und Haustiere dürfen keinen Zugang zu den Briketts haben. Konformitätserklärung Hiermit wird bestätigt, dass die angebotenen Holzbriketts den Anforderungen der General Product Safety Regulation (GPSR) entsprechen. Sie wurden gemäß der Norm DIN EN ISO 17225-3 geprüft, welche die Anforderungen an die Qualität und Sicherheit von Holzbriketts für nichtindustrielle Anwendungen festlegt. Die Briketts erfüllen somit die geltenden Sicherheits- und Qualitätsstandards und sind für den sicheren Einsatz in geeigneten Heizgeräten vorgesehen",https://wismarlobaugmbh.com/products/heizfuxx-nestro-xl-red-10kg-x-96-gebinde-960kg-palette/,https://wismarlobaugmbh.com/wp-content/uploads/2026/05/836882949.webp,"https://wismarlobaugmbh.com/wp-content/uploads/2026/05/836885974-1.webp, https://wismarlobaugmbh.com/wp-content/uploads/2026/05/836885985.webp, https://wismarlobaugmbh.com/wp-content/uploads/2026/05/836882926.webp, https://wismarlobaugmbh.com/wp-content/uploads/2026/05/836884966.webp, https://wismarlobaugmbh.com/wp-content/uploads/2026/05/836882944.webp",in stock,276.00 EUR,,Heizfuxx,,12225-3,new,Holzbriketts
17125-3,Heizfuxx PiniKay Octagon 10kg x 30 Gebinde 300kg Palette,"PiniKay Octagon 10 kg Hartholz • Heizwert ≥ 5,0 kWh/kg • Asche: ≤ 1,0 % Beschreibung ● Holz aus nachhaltiger Waldwirtschaft (FSC®-zertifiziert) ● 8-eckiger Brennstab mit Zugloch für schnellen Energiebedarf ● Sehr hoher Heizwert und geringe Restfeuchtigkeit ● Schnell entzündbar und geruchsneutral beim Verbrennen ● Intensives Flammenbild durch sehr gute Luftzirkulation Produktdetails Typ: PiniKay (Holzbrikett mit Loch) Produktsortiment: Holzbriketts Maße: 210 x 60 x 60 (+/- 1) Partikeldichte: ≥ 1,0 g/cm³ Techn. Norm: DIN EN ISO 17225-3 Heizwert: ≥ 5,0 kWh/kg Restfeuchtigkeit: ≤ 5,0 % Aschegehalt: ≤ 1,0 % Warn- und Sicherheitshinweise Holzbriketts sind ein sicherer und effizienter Brennstoff, der ausschließlich in zugelassenen Öfen und Kaminen verwendet werden darf. Die Lagerung muss trocken und gut belüftet erfolgen, um Qualitätsverluste und Risiken durch Feuchtigkeit zu vermeiden. Staub, der beim Umgang entstehen kann, sollte durch ausreichende Belüftung minimiert werden. Holzbriketts sind leicht entflammbar und müssen von offenen Flammen, Funken oder Zündquellen ferngehalten werden. Kinder und Haustiere dürfen keinen Zugang zu den Briketts haben. Konformitätserklärung Hiermit wird bestätigt, dass die angebotenen Holzbriketts den Anforderungen der General Product Safety Regulation (GPSR) entsprechen. Sie wurden gemäß der Norm DIN EN ISO 17225-3 geprüft, welche die Anforderungen an die Qualität und Sicherheit von Holzbriketts für nichtindustrielle Anwendungen festlegt. Die Briketts erfüllen somit die geltenden Sicherheits- und Qualitätsstandards und sind für den sicheren Einsatz in geeigneten Heizgeräten vorgesehen",https://wismarlobaugmbh.com/products/heizfuxx-pinikay-octagon-10kg-x-30-gebinde-300kg-palette/,https://wismarlobaugmbh.com/wp-content/uploads/2026/05/836886248.webp,"https://wismarlobaugmbh.com/wp-content/uploads/2026/05/836886226.webp, https://wismarlobaugmbh.com/wp-content/uploads/2026/05/836886232.webp, https://wismarlobaugmbh.com/wp-content/uploads/2026/05/836886241.webp",in stock,203.00 EUR,,Heizfuxx,,17125-3,new,Holzbriketts
14751-7,Heizfuxx PiniKay Octagon 10kg x 96 Gebinde 960kg Palette,"PiniKay Octagon 10 kg Hartholz • Heizwert ≥ 5,0 kWh/kg • Asche: ≤ 1,0 % Beschreibung ● Holz aus nachhaltiger Waldwirtschaft (FSC®-zertifiziert) ● 8-eckiger Brennstab mit Zugloch für schnellen Energiebedarf ● Sehr hoher Heizwert und geringe Restfeuchtigkeit ● Schnell entzündbar und geruchsneutral beim Verbrennen ● Intensives Flammenbild durch sehr gute Luftzirkulation Produktdetails Typ: PiniKay (Holzbrikett mit Loch) Produktsortiment: Holzbriketts Maße: 210 x 60 x 60 (+/- 1) Partikeldichte: ≥ 1,0 g/cm³ Techn. Norm: DIN EN ISO 17225-3 Heizwert: ≥ 5,0 kWh/kg Restfeuchtigkeit: ≤ 5,0 Warn- und Sicherheitshinweise Holzbriketts sind ein sicherer und effizienter Brennstoff, der ausschließlich in zugelassenen Öfen und Kaminen verwendet werden darf. Die Lagerung muss trocken und gut belüftet erfolgen, um Qualitätsverluste und Risiken durch Feuchtigkeit zu vermeiden. Staub, der beim Umgang entstehen kann, sollte durch ausreichende Belüftung minimiert werden. Holzbriketts sind leicht entflammbar und müssen von offenen Flammen, Funken oder Zündquellen ferngehalten werden. Kinder und Haustiere dürfen keinen Zugang zu den Briketts haben. Konformitätserklärung Hiermit wird bestätigt, dass die angebotenen Holzbriketts den Anforderungen der General Product Safety Regulation (GPSR) entsprechen. Sie wurden gemäß der Norm DIN EN ISO 17225-3 geprüft, welche die Anforderungen an die Qualität und Sicherheit von Holzbriketts für nichtindustrielle Anwendungen festlegt. Die Briketts erfüllen somit die geltenden Sicherheits- und Qualitätsstandards und sind für den sicheren Einsatz in geeigneten Heizgeräten vorgesehen.",https://wismarlobaugmbh.com/products/heizfuxx-pinikay-octagon-10kg-x-96-gebinde-960kg-palette/,https://wismarlobaugmbh.com/wp-content/uploads/2026/05/836886074.webp,"https://wismarlobaugmbh.com/wp-content/uploads/2026/05/836883294.webp, https://wismarlobaugmbh.com/wp-content/uploads/2026/05/836883288.webp, https://wismarlobaugmbh.com/wp-content/uploads/2026/05/836886082.webp, https://wismarlobaugmbh.com/wp-content/uploads/2026/05/836883268.webp, https://wismarlobaugmbh.com/wp-content/uploads/2026/05/836883279.webp",in stock,310.00 EUR,,Rekord,,14751-7,new,Holzbriketts
15901-0,Heizfuxx RUF Classic White 10kg x 96 Gebinde 960kg Palette,"Entdecken Sie die RUF Classic White Holzbriketts, eine hochwertige und effiziente Wärmequelle für Ihr Zuhause. Diese Briketts sind aus reinen Holzspänen hergestellt, ohne zusätzliche chemische Bindemittel, und bieten durch ihre Verdichtung einen hohen Heizwert. Ideal für Kamine und Öfen, sie verbrennen gleichmäßig und hinterlassen wenig Asche. Die quadratische Form ermöglicht eine platzsparende Lagerung. Verfügbar in 96er-Paketen auf Paletten, bieten sie eine praktische und langanhaltende Heizlösung. Ideal für den Innen- und Außenbereich, einschließlich Camping und Gartenpartys.",https://wismarlobaugmbh.com/products/heizfuxx-ruf-classic-white-10kg-x-96-gebinde-960kg-palette/,https://wismarlobaugmbh.com/wp-content/uploads/2026/05/711680040.webp,"https://wismarlobaugmbh.com/wp-content/uploads/2026/05/711680042.webp, https://wismarlobaugmbh.com/wp-content/uploads/2026/05/711680026.webp, https://wismarlobaugmbh.com/wp-content/uploads/2026/05/711680022.webp, https://wismarlobaugmbh.com/wp-content/uploads/2026/05/711680018.webp, https://wismarlobaugmbh.com/wp-content/uploads/2026/05/711680020.webp",in stock,241.00 EUR,,Heizfuxx,,15901-0,new,Holzbriketts
17225-6,Holzpellets Palette 300 kg 20 Sack 15 kg Sackware Heizpellets Pellet DIN+ EN+ A1,"1 Palette LET´s Pellet Holzpellets 6 mm mit 20 Säcken á 15 kg, Gesamtgeweicht 300 kg inklusive Speditionsversand. Wir bieten Ihnen Holzpellets DIN+, EN Plus A1 auf einer Einwegpalette (inklusive, ohne Pfand) an. Auf einer Palette befinden sich 20 Säcke zu je 15 kg Holzpellets 6 mm. Paletten sind sofort verfügbar! – hoher Heizwert ? 16,5 MJ/kg – geringer Ascheanteil ? 0,7 % – sehr geringer Feinanteil",https://wismarlobaugmbh.com/products/holzpellets-palette-300-kg-20-sack-15-kg-sackware-heizpellets-pellet-din-en-a1/,https://wismarlobaugmbh.com/wp-content/uploads/2026/05/636458390.webp,"https://wismarlobaugmbh.com/wp-content/uploads/2026/05/636458397.webp, https://wismarlobaugmbh.com/wp-content/uploads/2026/05/636458398.jpg, https://wismarlobaugmbh.com/wp-content/uploads/2026/05/636458387.webp",in stock,209.00 EUR,,LET´s Pellet,,17225-6,new,Holzbriketts
15410-2,Pollmeier Premium Buchenholz Briketts 6kg x 50 Gebinde 300kg Palette,"Entdecken Sie mit den Pollmeier Buchenholzbriketts eine Heizalternative, die Umweltfreundlichkeit mit Effizienz verbindet. Diese Briketts verbrennen CO?-neutral und bieten dank ihrer langen Glutdauer eine nachhaltige Heizmöglichkeit. Gefertigt ohne chemische Bindemittel, bestehen sie aus rein natürlichem Buchenschleifstaub, der zu robusten, walzenartigen Formen gepresst wird. Die Briketts tragen als ökologisches Heizmittel zum Umweltschutz bei. Ihre natürliche Zusammensetzung und der Verzicht auf chemische Zusätze qualifizieren sie als umweltfreundliche Heizlösung. Mit ihrer geringen Restfeuchtigkeit verbrennen sie nahezu rauchfrei und produzieren nur wenig Asche, was sie zu einer sauberen und nutzerfreundlichen Option macht. Diese Briketts gewährleisten eine gleichbleibend warme und behagliche Atmosphäre in Ihrem Zuhause durch ihre gleichmäßige und konstante Wärmeabgabe. Jedes Brikett steht für die hohe Qualität und Zuverlässigkeit, die durch die kontrollierte Herkunft gewährleistet wird. Sie sind die ideale Lösung für all jene, die eine umweltbewusste, effiziente und saubere Heizoption suchen, egal ob für den heimischen Kamin oder als nachhaltige Wärmequelle. Die Pollmeier Buchenholzbriketts sind somit die perfekte Wahl für Haushalte, die großen Wert auf Umweltschutz legen und eine verlässliche, nachhaltige Heizmethode suchen. Sie bieten Komfort und Wärme, ohne dabei die Umwelt zu belasten.",https://wismarlobaugmbh.com/products/pollmeier-premium-buchenholz-briketts-6kg-x-50-gebinde-300kg-palette/,https://wismarlobaugmbh.com/wp-content/uploads/2026/05/717441762.webp,"https://wismarlobaugmbh.com/wp-content/uploads/2026/05/717441771.webp, https://wismarlobaugmbh.com/wp-content/uploads/2026/05/717441715.webp, https://wismarlobaugmbh.com/wp-content/uploads/2026/05/717441722.webp, https://wismarlobaugmbh.com/wp-content/uploads/2026/05/717441729.webp, https://wismarlobaugmbh.com/wp-content/uploads/2026/05/717441740.webp",in stock,175.00 EUR,,Pollmeier,,15410-2,new,Holzbriketts
61031-6,"Kaminholzregal Brennholzregal Kaminholzunterstand 1,5 x 1,0 m - Edelrost Cortenstahl","Edelrost Kaminholzregal von metallmoebel24 – Verschönern Sie Ihr Zuhause Dieses Edelrost Kaminholzregal aus echtem Cortenstahl, schütz Ihr Brennholz zuverlässig vor Witterungseinflüssen. Zudem ist es durch seine rostige Oberfläche ein absoluter Blickfang in jedem Garten. Die Maße des Kaminholzregals aus Cortenstahl sind: Höhe: 1,5 m Breite: 1,0 m Tiefe: 0,35 m Das Kaminholzregal wird aus 1,5 mm starken Cortenstahl gefertigt und ist durch spezielle Kantungen selbsttragend und sehr stabil. Im Lieferumfang des Kaminholzregals sind acht Eckwinkel, Edelstahl Schrauben/Muttern und Erdnägel enthalten. Beim Aufstellen des Brennholzregals empfehlen wir einen ebenen Untergrund, der das Gewicht des vollen Kaminholzregals trägt. Vorteilhaft ist ein Unterbau mit abschließender Kiesschicht. WICHTIG: HINWEIS FÜR ROSTPROZESS Das Kaminholzregal wird in rohem Cortenstahl (unverrostet) zum selber rosten, geliefert. Nach dem Aufstellen rostet dieses dann nach und nach von selbst OHNE jeglichen Einsatz von Chemikalien. Tipp: Um den Prozess des Rostens anfangs etwas zu beschleunigen, reicht es aus, wenn Sie den Stahl mit einem nassen Lappen befeuchten und ihn so über Nacht auf den Rasen im Garten legen.",https://wismarlobaugmbh.com/products/kaminholzregal-brennholzregal-kaminholzunterstand-15-x-10-m-edelrost-cortenstahl/,https://wismarlobaugmbh.com/wp-content/uploads/2026/05/512677888.webp,"https://wismarlobaugmbh.com/wp-content/uploads/2026/05/512619227.webp, https://wismarlobaugmbh.com/wp-content/uploads/2026/05/512619226.webp, https://wismarlobaugmbh.com/wp-content/uploads/2026/05/512619238.webp",in stock,315.00 EUR,,Metalltechnik,,61031-6,new,Brennholz
