Name,SKU,Published,Description,Short description,Regular price,Categories,Tags,Images,Stock,Weight (kg)
Módulo Sanitario S1 Nuevo con WC y Lavamanos ( Ref: S2101 ),,1,"<p><strong>Nuestros módulos sanitarios responden a la necesidad de instalar aseos en obras, almacenes, restaurantes, campings o espacios públicos.</strong></p>
<p><strong>Nuestro módulo sanitario S1 es una unidad sanitaria equipada con un inodoro y un lavamanos, con una ventana abatible integrada en la puerta. Está provisto de cuatro patas de 16 cm en la base.</strong></p>
<p><strong>Características del Módulo Sanitario:</strong></p>
<p><strong>Estructura de acero galvanizado y lacado en color gris claro RAL 9002.</strong><br><strong>Perfil del techo en acero galvanizado lacado, grosor 1,5 mm y altura 154 mm, con 4 puntos de izado para grúa.</strong><br><strong>Perfiles de la base en acero galvanizado lacado, grosor 1,5 mm, altura 80 mm, con 4 patas de 16 cm.</strong></p>
<p><strong>Techo compuesto por paneles sándwich de espuma rígida de poliuretano de 30 mm de espesor, Euroclase Cs3d0.</strong><br><strong>Cubierta exterior en chapa galvanizada ondulada con evacuación trasera de aguas pluviales.</strong></p>
<p><strong>Paredes en paneles sándwich de espuma rígida de poliuretano, 40 mm de espesor, color gris claro RAL 9002, Euroclase Cs3d0.</strong><br><strong>Suelo en tablero aglomerado hidrófugo de 18 mm recubierto con PVC.</strong></p>
<p><strong>Carpintería en aluminio lacado blanco</strong></p>
<p><strong>Puerta de 78 x 220 cm (64 cm de paso útil)</strong><br><strong>Ventana abatible de 58 x 58 cm en la puerta, vidrio simple moldeado</strong></p>
<p><strong>Equipamiento sanitario:</strong><br><strong>• 1 inodoro tipo inglés en cerámica, con cisterna de PVC y portarrollos</strong><br><strong>• 1 lavamanos en PVC de 36 cm con grifo de agua fría y espejo</strong><br><strong>• Conexión de agua y desagüe a través de la pared (A y E)</strong></p>
<p><strong>Instalación eléctrica (220 V):<br>• 1 interruptor<br>• 1 plafón LED de 7,5 W<br>• 1 cuadro eléctrico con diferencial e interruptores (potencia máxima 6 KW)<br>• 1 caja de conexión eléctrica exterior</strong></p>
<p><strong>Dimensiones del módulo:<br>• Altura exterior: 256 cm<br>• Altura interior: 220 cm<br>• Ancho: 118 cm<br>• Profundidad: 118 cm</strong></p>",,600.00,Hardware > Plumbing > Plumbing Fixtures > Toilets & Bidets > Toilets,,"https://cdn.shopify.com/s/files/1/0588/8386/6682/files/rn-image_picker_lib_temp_cb27e90f-78b8-4772-9ed2-6005fe631bd4.webp?v=1764666237,https://cdn.shopify.com/s/files/1/0588/8386/6682/files/rn-image_picker_lib_temp_7aebafb2-1e77-48d7-8911-5d9c42d63733.webp?v=1764666237,https://cdn.shopify.com/s/files/1/0588/8386/6682/files/rn-image_picker_lib_temp_4aeab082-a380-4f08-b71a-bae5d9578ad6.webp?v=1764666237,https://cdn.shopify.com/s/files/1/0588/8386/6682/files/rn-image_picker_lib_temp_e41629dd-b620-4967-a056-9a6aea8e4b19.webp?v=1764666237,https://cdn.shopify.com/s/files/1/0588/8386/6682/files/rn-image_picker_lib_temp_f2257e56-3990-417d-b94c-2198078aa8d1.webp?v=1764666237,https://cdn.shopify.com/s/files/1/0588/8386/6682/files/rn-image_picker_lib_temp_a298e469-6e67-4232-a4ba-36bf1c0125f4.webp?v=1764666237",-11,0.0
Módulo 10′ Instalaciones sanitarias (WC/ URINOIR / DUCHA/LAVABOS) + Revestimiento,,1,"<p><strong>Material: Bati Module</strong></p>
<p><strong>Modelo: 10′ ft</strong></p>
<p><strong>Versión: Edificio modular sanitario (WC-URINOIR-DOUCHE-LAVABOS) + Revestimiento de acero estilo madera clara garantizado 30 años.</strong></p>
<p><strong>Estado: Nuevo</strong></p>
<p><strong>Referencia: DEVBAT10SASTD</strong></p>
<p><strong>Dimensiones exteriores: 2.98m X 2.43m X 2.59m</strong></p>
<p><strong>Dimensiones interiores: 2.79m X 2.24m X 2.34m</strong></p>
<p><strong>Peso: 1490 kg</strong></p>
<p><strong>Volumen: 16 m3</strong></p>
<p><strong>Superficie: 7 m2</strong></p>",,2200.00,Home & Garden,,"https://cdn.shopify.com/s/files/1/0588/8386/6682/files/SA10_BardageAcier-Noir_18_BD_0ffe692f-0c3a-475f-826c-c7123d4d751d.jpg?v=1764666239,https://cdn.shopify.com/s/files/1/0588/8386/6682/files/SA10_BardageAcier-Noir_5_BD_cae17e4b-dc5b-4633-8ada-101036376129.jpg?v=1764666238,https://cdn.shopify.com/s/files/1/0588/8386/6682/files/20210416_153437-996x2048_f424f82e-3065-4fd0-b893-46d7c094d250.jpg?v=1764666239,https://cdn.shopify.com/s/files/1/0588/8386/6682/files/20210416_153444-996x2048_4c1c0473-5f5a-48ef-85e2-c21a95af1e45.jpg?v=1764666239,https://cdn.shopify.com/s/files/1/0588/8386/6682/files/20210416_153526-996x2048_6434b512-27f3-4625-ba6a-f428eb4f1805.jpg?v=1764666238",0,0.0
Casa contenedor de 40 pies modelo Joshua,,1,"<p> </p>
<p>Exterior – 40 pies (ancho) x 8 pies (ancho) x 9 pies 6 pulgadas (alto) Nuevo contenedor HC</p>
<p>Dormitorio – 10 pies (largo) x 7 pies (ancho) x 8 pies 10 pulgadas (alto)</p>
<p>Cocina/Sala de estar – 20 pies 9 pulgadas (ancho) x 7 pies (ancho) x 8 pies 10 pulgadas (alto)</p>
<p>Baño – 7 pies 1 ½ pul (ancho) x 7 pies (ancho) x 8 pies 10 pulgadas (alto)</p>
<p>ESTRUCTURA Y PAREDES</p>
<p>Montantes de madera de 2 pulgadas x 4 pulgadas distribuidos en centros de 16 pulgadas</p>
<p>Techo con pliegues blancos</p>
<p>Paredes de paneles de yeso, textura de piel de naranja</p>
<p>AISLAMIENTO</p>
<p>Espuma pulverizada con células cerradas</p>
<p>Techo – 3 en R21</p>
<p>Paredes – 2 en R13</p>
<p>Piso – 1 en R7</p>
<p>Estos se pueden modificar según su clima o sus necesidades.</p>
<p>ELÉCTRICO</p>
<p>Cantidad 1 – Caja de disyuntor de panel de 12 ranuras de 200 A (montaje exterior)</p>
<p>Cantidad 4 – Enchufes dúplex de 110 V (espacio de vida)</p>
<p>Cantidad 4 – Enchufes dúplex de 110 V (zona de dormitorio)</p>
<p>Cantidad 2 – Toma Quadplex 110 V (encimera de cocina)</p>
<p>Cantidad 1 – Toma dúplex de 110 V dedicada a un disyuntor de 20 A para un frigorífico</p>
<p>Cantidad 1 – Toma dúplex de 220 V dedicada a un disyuntor de 30 A para cocina eléctrica</p>
<p>Cantidad 1 – GFCI Duplex 110 V (inodoro)</p>
<p>Cantidad 2 – Enchufe exterior GFCI 110 V</p>",,2600.00,Uncategorized,,"https://cdn.shopify.com/s/files/1/0588/8386/6682/files/rn-image_picker_lib_temp_85a13924-a38e-4d57-9490-e4503cc69216.jpg?v=1764666240,https://cdn.shopify.com/s/files/1/0588/8386/6682/files/rn-image_picker_lib_temp_0daa6b05-d87e-4d83-87c8-c70e96932678.jpg?v=1764666240,https://cdn.shopify.com/s/files/1/0588/8386/6682/files/rn-image_picker_lib_temp_f016b8d5-d974-48a9-9783-ea42ca93159b.jpg?v=1764666240,https://cdn.shopify.com/s/files/1/0588/8386/6682/files/rn-image_picker_lib_temp_43a2db6e-f6bc-4f90-bd99-ceb9ceae7fae.jpg?v=1764666240,https://cdn.shopify.com/s/files/1/0588/8386/6682/files/rn-image_picker_lib_temp_00682ad6-bc0d-42c4-bac9-321f297e7242.jpg?v=1764666240,https://cdn.shopify.com/s/files/1/0588/8386/6682/files/rn-image_picker_lib_temp_55b7c863-46d9-4ed0-a097-e48bc0d116bf.jpg?v=1764666240,https://cdn.shopify.com/s/files/1/0588/8386/6682/files/rn-image_picker_lib_temp_27a7c997-b0af-4846-98e5-f7f27816a972.jpg?v=1764666240,https://cdn.shopify.com/s/files/1/0588/8386/6682/files/rn-image_picker_lib_temp_6725b4dc-6cbb-4992-9f7b-c43cbb904e08.jpg?v=1764666240",10,0.0
Casa contenedor prefabricada,,1,"<p>Marco: La estructura de acero Q355 está galvanizada en caliente y soldada, recubierta con zinc galvanizado de 100 g/m2 y la superficie utiliza un recubrimiento en polvo electrostático de 100 um. El acero Q355 es mejor que el Q235, y tiene tratamiento HDG con pulverización de polvo, manteniendo la superficie con un alto nivel de anticorrosión.</p>
<p>Tecnología: En cuanto a la tecnología, nuestras cajas tienen un alto contenido de espuma de PU (45 kg/m3 que se combina con el estándar PIR) que tiene una alta integridad de hermeticidad, que es mejor que el panel sándwich de EPS con la línea de video sobre cómo instalar. la tecnología.</p>
<p>Panel: Para los paneles sándwich eliminamos la densidad y el espesor de los reversos de las placas de acero, como sabéis podéis encontrar el tratamiento con aluminio zinc magnesio AMZ galvanizado 100g/m2 con cuernos PE 20/5um. Puede durar más de 25 años.</p>
<p>Tamaño<br>Longitud<br>6058 mm/6000 mm<br>ancho<br>4880 mm/4220 mm<br>Altura<br>2600 mm/2791 mm/3000 mm</p>
<p>Accesorios estándar</p>
<p>Sistema técnico: estructura superior + aislamiento de espuma PU de 70 mm con soporte integrado + sistema eléctrico integrado</p>
<p>Sistema de chasis: estructura de acero + tablero de fibra de cemento de 18 mm de espesor + piso laminado de PVC de 2 mm de espesor (inserto de vidrio opcional)</p>
<p>Permiso de carga:&gt;2.5KN/m2</p>
<p>Sistema de pared: panel sándwich de EPS de 50/75/100 mm, panel sándwich de lana de roca, panel sándwich de fibra de vidrio o panel sándwich de PU</p>
<p>Sistema de puerta: Puerta de acero/Puerta cortafuego/Puerta de panel sándwich</p>
<p>Sistema de ventana: ventana de aluminio con panel aleatorio y ventana de acero plástico, vidrio simple o doble</p>
<p>Sistema de suelo: PVC, madera contrachapada o personalizado</p>
<p>Sistema de empapado: Plano, diseño y construcción proporcionados.</p>
<p>Sistema eléctrico: Plano proporcionado, diseño y construcción.</p>
<p>Resistente a temperaturas: -40°C a 40°C</p>
<p>Resistencia al viento: 210 km/h</p>
<p>Resistencia a tierra motos grado 8</p>",,3800.00,Uncategorized,,"https://cdn.shopify.com/s/files/1/0588/8386/6682/files/1-5_f9c9eb82-ae1b-46ad-a330-3cc1f3a07447.jpg?v=1764666241,https://cdn.shopify.com/s/files/1/0588/8386/6682/files/5-3_f52714d2-1993-4440-ba57-3f180653cd89.jpg?v=1764666241,https://cdn.shopify.com/s/files/1/0588/8386/6682/files/6-3_9717b4ac-cc1f-4d63-a211-f53cc0baed6a.jpg?v=1764666241,https://cdn.shopify.com/s/files/1/0588/8386/6682/files/2-4_3f1a1968-435d-4309-831d-ddd67eeae1e2.jpg?v=1764666241,https://cdn.shopify.com/s/files/1/0588/8386/6682/files/3-4_a2cd74f3-af9b-475e-80ca-d7fd9c292d92.jpg?v=1764666241",0,0.0
Flexicube L15 XL,,1,"<p>La estructura del módulo L15XL Custom está fabricada en chapa de acero corten especialmente diseñada y desarrollada para minimizar la corrosión en las duras condiciones atmosféricas que se dan en el ambiente marino.</p>
<p>Techo y paredes interiores, realizadas en placa de yeso laminado, acabado superficial con placa de yeso laminado, y pintadas con pinturas Flugger.</p>
<p>Fachada pintada hidrodinámicamente con pintura de poliuretano. Parcialmente revestida con placa de fachada termo madera.</p>
<p><br>Dimensiones exteriores: 3,08 x 6,15 x h 2,79 m, superficie construida de 19 m².<br><br>Dimensiones interiores: 2,55 x 5,90 x h 2,43 m, superficie interior 15 m².<br><br>Estancias: salón con cocina americana 12 m², baño 3 m².</p>",,2200.00,Uncategorized,,"https://cdn.shopify.com/s/files/1/0588/8386/6682/files/20230310_090223_jpg_fddb48aa-77d6-4bc8-92ac-304ceb4eebdd.webp?v=1764666242,https://cdn.shopify.com/s/files/1/0588/8386/6682/files/20240108_115432_jpg_b9f73b77-bcf3-48ba-8dd2-e22f8cc70b7f.webp?v=1764666243,https://cdn.shopify.com/s/files/1/0588/8386/6682/files/20230310_090903_jpg_0f9aac68-a705-4542-b1be-55c2e53afafa.webp?v=1764666243,https://cdn.shopify.com/s/files/1/0588/8386/6682/files/l15xl-glowne_4a23172d-2534-482a-a24a-6643a044a0f2.webp?v=1764666242,https://cdn.shopify.com/s/files/1/0588/8386/6682/files/20230310_090626_jpg_ac5c8c81-d71e-4359-aa8a-07e77b36c2b3.webp?v=1764666242,https://cdn.shopify.com/s/files/1/0588/8386/6682/files/20230310_090726_jpg_5446590d-e19d-4628-a552-f9435359d775.webp?v=1764666242,https://cdn.shopify.com/s/files/1/0588/8386/6682/files/20240108_130156_jpg_84618258-c307-4e30-b783-8216017ddda5.webp?v=1764666242,https://cdn.shopify.com/s/files/1/0588/8386/6682/files/20240108_130142_jpg_6b0b71f0-e419-4a1f-aa05-035776ed9d80.webp?v=1764666243,https://cdn.shopify.com/s/files/1/0588/8386/6682/files/Lazienka-1_2_jpg_e25d2259-a798-40c6-bcf2-cf616ab091e8.webp?v=1764666242,https://cdn.shopify.com/s/files/1/0588/8386/6682/files/20240108_130459_jpg_8c98cfea-8fe2-425a-92cb-5bc692de1e66.webp?v=1764666242",0,0.0
CABAÑA MODULAR VALDIVIA 18M²,,1,"<p>CABAÑA MODULAR VALDIVIA 6X3,0MT<br><br>1 DORMITORIO<br><br>1 BAÑO COMPLETO<br><br>SUPERFICIE DE 18M2<br><br>CARACTERISTICAS DEL PROYECTO<br><br>Revestimiento interior osb y volcanita lisa Revestimiento exterior acero plegado negro mate Aislación de poliuretano proyectado en cielo Aislación de lana de vidrio en muros Piso pavimento vinílico tipo click<br><br>1 Ventanal corredero termopanel pvc foliado madera 1.80×2.00mt con chapa<br><br>1 Ventanal corredero termopanel pvc foliado madera 1.80×2.00mt<br><br>1 Ventana proyectante termopanel pvc foliado madera 1.40×0.50mt<br><br>1 Puerta vidriada termopanel pvc foliado madera 0.80×2.00mt<br><br>1 Ventana proyectante termopanel pvc foliado madera 0.50×0.50mt<br><br>Muro interior tipo vintage<br><br>Tablero electrico 25 Amperes<br><br>Electricidad con cable EVA<br><br>4 Luminarias LED cálidas<br><br>1 Luminaria LED fría<br><br>2 Luminarias exteriores<br><br>1 Teclas simples<br><br>1 Tecla triple<br><br>6 Enchufes dobles<br><br>Baño completo / lavamanos, wc, receptaculo de ducha con mampara 1.20×0.70mt<br><br>Kit lavaplatos<br><br>Cañerias ppr</p>",,2100.00,Uncategorized,,"https://cdn.shopify.com/s/files/1/0588/8386/6682/files/IMG-20250520-WA0189.jpg?v=1764666243,https://cdn.shopify.com/s/files/1/0588/8386/6682/files/IMG-20250520-WA0190.jpg?v=1764666244,https://cdn.shopify.com/s/files/1/0588/8386/6682/files/IMG-20250520-WA0191.jpg?v=1764666243,https://cdn.shopify.com/s/files/1/0588/8386/6682/files/IMG-20250520-WA0192.jpg?v=1764666243,https://cdn.shopify.com/s/files/1/0588/8386/6682/files/IMG-20250520-WA0193.jpg?v=1764666243,https://cdn.shopify.com/s/files/1/0588/8386/6682/files/IMG-20250520-WA0194.jpg?v=1764666243,https://cdn.shopify.com/s/files/1/0588/8386/6682/files/IMG-20250520-WA0195.jpg?v=1764666243,https://cdn.shopify.com/s/files/1/0588/8386/6682/files/IMG-20250520-WA0196.jpg?v=1764666243,https://cdn.shopify.com/s/files/1/0588/8386/6682/files/IMG-20250520-WA0197.jpg?v=1764666243",-1,0.0
Contenedor de CABANA MANIO,,1,<p>BAÑO COMPLETO<br>DORMITORIO<br>ESPACIO LIVING<br> COMEDOR<br>COCINA<br>SUPERFICIE DE 18M2 <br> <br><br>SIDING VERTICAL<br><br> <br><br>VENTANA TERMOPANEL MARCO PVC.<br><br> <br><br>PALMETA VINÍLICA.<br><br> <br><br>ARTEFACTOS Y CERAMICA EN SHOWER.<br><br> <br><br>PENDIENTE A UN AGUA.<br><br> <br><br>-PARRILLA CONVENCIONAL PISO.</p>,,2100.00,Uncategorized,,"https://cdn.shopify.com/s/files/1/0588/8386/6682/files/IMG-20250521-WA0088.jpg?v=1764666244,https://cdn.shopify.com/s/files/1/0588/8386/6682/files/IMG-20250521-WA0089.jpg?v=1764666244,https://cdn.shopify.com/s/files/1/0588/8386/6682/files/IMG-20250521-WA0090.jpg?v=1764666244,https://cdn.shopify.com/s/files/1/0588/8386/6682/files/IMG-20250521-WA0091.jpg?v=1764666244,https://cdn.shopify.com/s/files/1/0588/8386/6682/files/IMG-20250521-WA0092.jpg?v=1764666244,https://cdn.shopify.com/s/files/1/0588/8386/6682/files/IMG-20250521-WA0093.jpg?v=1764666244,https://cdn.shopify.com/s/files/1/0588/8386/6682/files/IMG-20250521-WA0094.jpg?v=1764666244",0,0.0
CASA MODULAR CARPENTER,,1,"<p>CASA MODULAR CARPENTER<br><br>2 DORMITORIOS<br>1 BAÑO COMPLETO<br>ESPACIO SALA DE ESTAR - COMEDOR - COCINA<br>SUPERFICIE DE 36M2<br>CARACTERÍSTICAS DEL PROYECTO<br><br>Revestimiento interior de OSB y vulcanita lisa<br>Revestimiento exterior de revestimientos de fibrocemento<br>Aislamiento de poliuretano proyectado hacia el cielo<br>Aislamiento de lana de vidrio en las paredes<br>Suelo de vinilo tipo clic<br>1 ventana deslizante termopanel de aluminio negro 1,80x2,00m concerradura<br>2 ventanas correderas termopanel de aluminio negro 1,80x2,00m<br>1 Ventana corredera termopanel de aluminio negro 1,00x0,30mt<br>1 Rejilla simple de aluminio negro 0,46x0,55mt<br>Cuadro eléctrico de 25 amperios<br>2 luminarias LED calientes<br>3 luminarias LED frías<br>2 Aparatos para exteriores<br>1 Llave única<br>1 Llave simple con enchufe<br>2 llaves dobles<br>1 enchufe único<br>8 tomas dobles<br>1 Baño completo / lavabo, wc, puerta de ducha 1,20x0,70mt<br>Kit de lavavajillas<br>Tubos de PPR</p>",,3120.00,Uncategorized,,"https://cdn.shopify.com/s/files/1/0588/8386/6682/files/IMG-20250521-WA0095.jpg?v=1764666245,https://cdn.shopify.com/s/files/1/0588/8386/6682/files/IMG-20250521-WA0096.jpg?v=1764666245,https://cdn.shopify.com/s/files/1/0588/8386/6682/files/IMG-20250521-WA0097.jpg?v=1764666245,https://cdn.shopify.com/s/files/1/0588/8386/6682/files/IMG-20250521-WA0098.jpg?v=1764666245,https://cdn.shopify.com/s/files/1/0588/8386/6682/files/IMG-20250521-WA0099.jpg?v=1764666245",0,0.0
CASA MODULAR MONTES,,1,"<p>CASA MODULAR MONTES<br><br>2 DORMITORIOS<br><br>1 BAÑO COMPLETO<br><br>ESPACIO SALA DE ESTAR - COMEDOR - COCINA<br><br>SUPERFICIE DE 36M2<br><br>CARACTERÍSTICAS DEL PROYECTO<br><br>Revestimiento interior de OSB y vulcanita lisa<br><br>Revestimiento exterior de revestimientos verticales de fibrocemento<br><br>Aislamiento de poliuretano proyectado hacia el cielo<br><br>Aislamiento de lana de vidrio en las paredes<br><br>Suelo de vinilo tipo clic<br><br>1 Ventana corredera termopanel de aluminio negro 2,00x2,40m con<br><br>cerradura<br><br>2 ventanas correderas termopanel de aluminio negro 2,00x2,40m<br><br>1 Ventana fija alargada con termopanel de aluminio negro 0,30x2,40mt<br><br>1 Ventana saliente en termopanel de aluminio negro 1,40x0,60mt<br><br>1 Ventana saliente en termopanel de aluminio negro 1,50x0,60mt<br><br>Ventana fija/desbordante en termopanel de aluminio negro 0,40x1,60mt<br><br>Puertas interiores lineales blancas<br><br>Madera contrachapada ranurada en las paredes (según el proyecto)<br><br>Pendiente oculta a 1 agua<br><br>Cuadro eléctrico de 25 amperios<br><br>Electricidad con cable EVA<br><br>6 luminarias LED calientes<br><br>1 Luminarias LED frías<br><br>3 Aparatos para exteriores<br><br>2 llaves sencillas<br><br>1 Llave simple con enchufe<br><br>1 Triple llave<br><br>1 enchufe de CA único<br><br>9 tomas dobles<br><br>2 tomas externas dobles<br><br>baño completo/tocador, WC de una sola pieza, toma con<br><br>pantalla 1,40x0,70m<br><br>Cerámica gris en las paredes de los recipientes y en las paredes del baño<br><br>Cerámica blanca en las paredes de la cocina<br><br>Kit de lavavajillas<br><br>Tubos de PPR</p>",,3240.00,Uncategorized,,"https://cdn.shopify.com/s/files/1/0588/8386/6682/files/IMG-20250521-WA0100.jpg?v=1764666246,https://cdn.shopify.com/s/files/1/0588/8386/6682/files/IMG-20250521-WA0101.jpg?v=1764666246,https://cdn.shopify.com/s/files/1/0588/8386/6682/files/IMG-20250521-WA0102.jpg?v=1764666246,https://cdn.shopify.com/s/files/1/0588/8386/6682/files/IMG-20250521-WA0103.jpg?v=1764666246,https://cdn.shopify.com/s/files/1/0588/8386/6682/files/IMG-20250521-WA0104.jpg?v=1764666246,https://cdn.shopify.com/s/files/1/0588/8386/6682/files/IMG-20250521-WA0105.jpg?v=1764666246,https://cdn.shopify.com/s/files/1/0588/8386/6682/files/IMG-20250521-WA0106.jpg?v=1764666246",-1,0.0
CASA CARUS 36 MT2,,1,<p>2 habitaciones / 2 baños y area común<br><br> <br><br>Revestimiento siding negro romano<br><br> <br><br>Termo panel folio madera<br><br> <br><br>Aislación poliuretano en cielo y muros fisoterm<br><br> <br><br>Piso palmeta vinilica tipo click<br><br> <br><br>Revestimiento interior madera machimbrada al<br><br> <br><br>Barniz natural<br><br> <br><br>Iluminación led por zona<br><br> <br><br>Baño completo y lavaplatos incluido</p>,,3300.00,Uncategorized,,"https://cdn.shopify.com/s/files/1/0588/8386/6682/files/IMG-20250521-WA0108.jpg?v=1764666247,https://cdn.shopify.com/s/files/1/0588/8386/6682/files/IMG-20250521-WA0107.jpg?v=1764666248,https://cdn.shopify.com/s/files/1/0588/8386/6682/files/IMG-20250521-WA0109.jpg?v=1764666247,https://cdn.shopify.com/s/files/1/0588/8386/6682/files/IMG-20250521-WA0110.jpg?v=1764666247,https://cdn.shopify.com/s/files/1/0588/8386/6682/files/IMG-20250521-WA0112.jpg?v=1764666247,https://cdn.shopify.com/s/files/1/0588/8386/6682/files/IMG-20250521-WA0113.jpg?v=1764666247",-1,0.0
CASA MODULAR ATENAS,,1,"<p>CASA MODULAR ATENAS<br><br>1 DORMITORIO<br>1 BAÑO COMPLETO<br>ESPACIO SALA DE ESTAR - COMEDOR - COCINA<br>SUPERFICIE DE 18M2<br>CARACTERÍSTICAS DEL PROYECTO<br><br>Revestimiento interior de OSB y vulcanita lisa<br>Revestimiento exterior de revestimientos de fibrocemento<br>Aislamiento de poliuretano proyectado hacia el cielo<br>Aislamiento de lana de vidrio en las paredes<br>Suelo de vinilo tipo clic<br>1 Ventana corredera termopanel de PVC blanco 1,80x2,00m con lona<br>2 Ventanas sobresalientes termopanel de PVC blanco 1,50x0,50mt<br>1 Ventana saliente termopanel de PVC blanco 1,20x0,50mt<br>1 Patrón simple de pvc blanco 0,46x0,55mt<br>Cuadro eléctrico 25 Amperios<br>Electricidad con cable EVA<br>3 luminarias LED calientes<br>1 luminaria LED fría<br>2 Aparatos para exteriores<br>1 Triple llave<br>1 Llave simple con enchufe<br>6 tomas dobles<br>Baño completo / lavabo, wc, puerta de ducha 80x80mt<br>Kit de lavavajillas<br>Tubos en ppr</p>",,1840.00,Uncategorized,,"https://cdn.shopify.com/s/files/1/0588/8386/6682/files/IMG-20250521-WA0114.jpg?v=1764666248,https://cdn.shopify.com/s/files/1/0588/8386/6682/files/IMG-20250521-WA0115.jpg?v=1764666248,https://cdn.shopify.com/s/files/1/0588/8386/6682/files/IMG-20250521-WA0116.jpg?v=1764666248,https://cdn.shopify.com/s/files/1/0588/8386/6682/files/IMG-20250521-WA0117.jpg?v=1764666248,https://cdn.shopify.com/s/files/1/0588/8386/6682/files/IMG-20250521-WA0118.jpg?v=1764666248,https://cdn.shopify.com/s/files/1/0588/8386/6682/files/IMG-20250521-WA0119.jpg?v=1764666248,https://cdn.shopify.com/s/files/1/0588/8386/6682/files/IMG-20250521-WA0120.jpg?v=1764666248",0,0.0
Casa Modelo PLAYERO 40 pies,,1,"<p>Habitación: 1 / Baño: 1<br><br>El modelo playero está diseñado para tener mas amplitud en la habitación y a su vez ambientalizado con más ventanas y cristales para elevar tu experiencia con el medio ambiente. Este concepto es una tremenda inversión a la hora de verlo como un negocio y tener un activo produciendo en todo momento. <br><br>Contenido:<br><br>1 Contenedor 40’ x 8’ High Cube<br>1 Plano Aprobados por la OGPE y Certificación por Ingenieros PE<br>1 Puerta sliding door frame blanco cristal clear heavy (frontal)<br>1 Puerta sliding door frame blanco cristal clear heavy (cuarto)<br>3 Ventanas seguridad blanca cristal leche<br>2 Puertas interiores aluminio <br>Baño con azulejos en área de ducha <br>Ducha criolla con tubo retráctil <br>Inodoro básico y vanity pvc 24″<br>Piso en vinyl premium<br>Closet con puertas en espejo<br>Ceiling light led<br>Cocina con gabinete pvc en forma l <br>3 Mezcladoras intermedias<br>2 A/C inverter (12,000 btu) <br>5 Lámparas exteriores <br>Insulación <br>Tratamiento contra la oxidación y sellador para el techo<br>Forrados con “gypsum board” <br>Incluye conexiones para generador eléctrico<br>Pintura (High Gloss, Satin)</p>",,2500.00,Uncategorized,,"https://cdn.shopify.com/s/files/1/0588/8386/6682/files/IMG-20250521-WA0121.jpg?v=1764666249,https://cdn.shopify.com/s/files/1/0588/8386/6682/files/IMG-20250521-WA0122.jpg?v=1764666249,https://cdn.shopify.com/s/files/1/0588/8386/6682/files/IMG-20250521-WA0123.jpg?v=1764666250,https://cdn.shopify.com/s/files/1/0588/8386/6682/files/IMG-20250521-WA0124.jpg?v=1764666249,https://cdn.shopify.com/s/files/1/0588/8386/6682/files/IMG-20250521-WA0125.jpg?v=1764666249,https://cdn.shopify.com/s/files/1/0588/8386/6682/files/IMG-20250521-WA0126.jpg?v=1764666249,https://cdn.shopify.com/s/files/1/0588/8386/6682/files/IMG-20250521-WA0128.jpg?v=1764666249,https://cdn.shopify.com/s/files/1/0588/8386/6682/files/IMG-20250521-WA0129.jpg?v=1764666249",0,0.0
MODULAR TINIHOUSE L15,,1,"<p>1 Dormitorio + salón + cocina + ducha completa de alta gama.<br><br>La adaptación del contenedor se realiza sobre un nuevo contenedor de 20FT HC one way. El contenedor de transporte está fabricado con acero resistente a la intemperie. El acero para intemperie ha sido especialmente diseñado y desarrollado para minimizar la corrosión en las durísimas condiciones atmosféricas que se dan en el medio marino.<br><br>MODIFICACIÓN DEL DISEÑO DEL CONTENEDOR<br><br>Corte y eliminación de elementos de pared de la chapa metálica del contenedor para preparar la estructura para la instalación de ventanas y puertas. Prefabricación y soldadura con soldaduras de alta calidad. Precisión y alta estética del trabajo realizado.<br><br>AISLAMIENTO TÉRMICO<br><br>Techo y paredes aislados por pulverización con espuma de poliuretano de célula cerrada de 80-100 mm de espesor. Paredes aisladas adicionalmente con lana mineral de 50 mm de espesor. Coeficiente de transferencia térmica de los tabiques U 0,16-0,18 [W/(m2-K)]. Aislamiento del suelo con poliuretano de célula cerrada, espesor 50 mm. Coeficiente de transmisión térmica del tabique U 0,30 [W/(m2-K)].<br><br>CARPINTERÍA DE PUERTAS Y VENTANAS DE COLOR ANTRACITA<br><br>De serie, un paquete de 3 acristalamientos con un coeficiente de transferencia de calor Ug = 0,7 [W/(m2-K)]. Marco de 5 cámaras y perfiles de hoja de PVC de clase A. Disponible con vidrio templado, de seguridad, antirrobo o de control solar.<br><br>INSTALACIÓN ELÉCTRICA<br><br>Empotrada, accesorios (cuadro eléctrico, tomas de corriente, conectores).<br><br>FONTANERÍA<br><br>Empotrada, tubería de desagüe soldada de PP, PVC. Conexiones en el suelo fuera del contenedor<br><br>ACABADOS DE PAREDES Y TECHOS<br><br>Construcción interior de acero y madera de paredes y techos, construcción de cartón-yeso, superficie acabada con cartón-yeso y pintada.<br><br>PINTURA EXTERIOR<br><br>Contenedor pintado hidrodinámicamente con pintura alquídica o de poliuretano.<br><br> <br><br>EQUIPAMIENTO ADICIONAL<br><br>BAÑO<br><br>Calentador de agua 15L, plato de ducha 120×80, cabina de ducha Onega, mezclador termostático de ducha, encimera de baño (laminado),espejo, lavabo sobre encimera REA, mezclador de lavabo oculto, asiento de lavabo con estante oculto, puerta, radiador de baño.<br><br>COCINA 160 cm<br><br>Armario de cocina IKEA EKESTAD (fresno) + METOD oKUNGSBACKA, frigorífico-congelador 91l, placa de induccióndoble quemador, campana extractora, fregaderode un compartimento, grifo<br><br>SALÓN<br><br>Smart bed con sofá cama<br><br>DORMITORIO<br><br>La cama inteligente permite una gran cama doble para dormir<br><br>AIRE ACONDICIONADO<br><br>Aire acondicionado de 3,5 kW Haier serie Siesta con función de calefacción<br><br>SUELO<br><br>Paneles de vinilo, zócalos de MDF de 10 cm<br><br>ILUMINACIÓN<br><br>LED interior y exterior<br><br>INFORMACIÓN ADICIONAL<br><br>El edificio cuenta con parámetros de aislamiento al nivel de una vivienda unifamiliar tradicional. Nuestro aislamiento proporciona unas condiciones de vida confortables<br><br>Dimensiones exteriores: 2,44 x 6,06 x h 2,89 m, superficie edificada 14,8 m².5<br>Dimensiones interiores: 2,00 x 5,60 x h 2,45 m, superficie interior 11,2 m².5<br>Habitaciones: salón con cocina americana 8,44 m², cuarto de baño 2,6 m².</p>",,2540.00,Uncategorized,,"https://cdn.shopify.com/s/files/1/0588/8386/6682/files/IMG-20250521-WA0151.jpg?v=1764666250,https://cdn.shopify.com/s/files/1/0588/8386/6682/files/IMG-20250521-WA0152.jpg?v=1764666250,https://cdn.shopify.com/s/files/1/0588/8386/6682/files/IMG-20250521-WA0153.jpg?v=1764666250,https://cdn.shopify.com/s/files/1/0588/8386/6682/files/IMG-20250521-WA0155.jpg?v=1764666250,https://cdn.shopify.com/s/files/1/0588/8386/6682/files/IMG-20250521-WA0154.jpg?v=1764666250,https://cdn.shopify.com/s/files/1/0588/8386/6682/files/IMG-20250521-WA0156.jpg?v=1764666250,https://cdn.shopify.com/s/files/1/0588/8386/6682/files/IMG-20250521-WA0157.jpg?v=1764666250,https://cdn.shopify.com/s/files/1/0588/8386/6682/files/IMG-20250521-WA0158.jpg?v=1764666250,https://cdn.shopify.com/s/files/1/0588/8386/6682/files/IMG-20250521-WA0159.jpg?v=1764666250,https://cdn.shopify.com/s/files/1/0588/8386/6682/files/IMG-20250521-WA0160.jpg?v=1764666250",-1,0.0
CASA MODULAR JOCSAN,,1,"<p>CASA MODULAR JOCSAN<br><br>1 DORMITORIO<br>1 BAÑO COMPLETO<br>ESPACIO SALA DE ESTAR - COMEDOR - COCINA<br>SUPERFICIE DE 24M2<br>CARACTERÍSTICAS DEL PROYECTO<br><br>Revestimiento interior de OSB y vulcanita lisa<br>Revestimiento exterior de revestimientos de fibrocemento<br>Aislamiento de poliuretano proyectado hacia el cielo<br>Aislamiento de lana de vidrio en las paredes<br>Suelo de vinilo tipo clic<br>1 Ventana corredera termopanel de madera laminada pvc 1,80x2,00mtcon placa<br>1 Ventana corredera termopanel de madera laminada pvc 1,80x2,00mt<br>1 Ventana deslizante termopanel de madera laminada pvc 1,20x0,50mt<br>2 Ventanas fijas de PVC termopanel madera laminada 0,30x1,60mt<br>1 Reja simple de madera laminada pvc 0,46x0,55mt<br>Cuadro eléctrico de 25 amperios<br>Electricidad con cable EVA<br>2 luminarias LED calientes<br>2 luminarias LED frías<br>2 Aparatos para exteriores<br>1 Llave única<br>1 Llave simple con enchufe<br>1 Llaves dobles<br>7 tomas dobles<br>1 Baño completo / lavabo, inodoro, puerta de ducha 90x90mt<br>Kit de lavavajillas<br>Tubos de PPR</p>",,2240.00,Uncategorized,,"https://cdn.shopify.com/s/files/1/0588/8386/6682/files/IMG-20250521-WA0161.jpg?v=1764666251,https://cdn.shopify.com/s/files/1/0588/8386/6682/files/IMG-20250521-WA0162.jpg?v=1764666251,https://cdn.shopify.com/s/files/1/0588/8386/6682/files/IMG-20250521-WA0163.jpg?v=1764666252,https://cdn.shopify.com/s/files/1/0588/8386/6682/files/IMG-20250521-WA0164.jpg?v=1764666251,https://cdn.shopify.com/s/files/1/0588/8386/6682/files/IMG-20250521-WA0165.jpg?v=1764666251,https://cdn.shopify.com/s/files/1/0588/8386/6682/files/IMG-20250521-WA0166.jpg?v=1764666251,https://cdn.shopify.com/s/files/1/0588/8386/6682/files/IMG-20250521-WA0167_dd14f8ac-0f3c-4421-9da7-12571cea7a37.jpg?v=1764666251,https://cdn.shopify.com/s/files/1/0588/8386/6682/files/IMG-20250521-WA0169_a9339709-cf9a-4dde-8736-5766589e851f.jpg?v=1764666251",-1,0.0
CASA MODULAR GONZALEZ,,1,"<p>CASA MODULAR GONZALEZ<br><br>1 DORMITORIO<br>1 BAÑO COMPLETO<br>ESPACIO SALA DE ESTAR - COMEDOR - COCINA<br>SUPERFICIE DE 36M2<br>CARACTERÍSTICAS DEL PROYECTO<br><br>Revestimiento interior de OSB y vulcanita lisa<br>Revestimiento exterior de revestimientos de fibrocemento<br>Aislamiento de poliuretano proyectado hacia el cielo<br>Aislamiento de lana de vidrio en las paredes<br>Suelo de vinilo tipo clic<br>1 Ventana corredera termopanel de madera laminada pvc 1,80x2,00mtcon placa<br>2 Ventanas correderas con termopanel de madera laminada pvc 1.80x2.00mt<br>1 Ventana deslizante termopanel de madera laminada pvc 1,40x0,40mt<br>3 ventanas fijas con termopanel de PVC laminada madera 0,30x1,60mt<br>1 Ventana saliente termopanel de madera laminada pvc 0,50x0,50mt<br>Cuadro eléctrico de 25 amperios<br>3 luminarias LED calientes<br>4 luminarias LED frías<br>3 Aparatos para exteriores<br>2 Clave única<br>2 llaves dobles<br>1 enchufe único<br>13 tomas dobles<br>1 Baño completo / lavabo, wc, puerta de ducha 80x80mt<br>Kit de lavavajillas<br>Tubos de PPR</p>",,2460.00,Uncategorized,,"https://cdn.shopify.com/s/files/1/0588/8386/6682/files/IMG-20250521-WA0170_15771e13-2f1c-46ca-ba7a-0f55130343a7.jpg?v=1764666252,https://cdn.shopify.com/s/files/1/0588/8386/6682/files/IMG-20250521-WA0171.jpg?v=1764666252,https://cdn.shopify.com/s/files/1/0588/8386/6682/files/IMG-20250521-WA0172_bbc2205b-13ad-4dfa-8727-08a2718f0f64.jpg?v=1764666252,https://cdn.shopify.com/s/files/1/0588/8386/6682/files/IMG-20250521-WA0173_f9e8a942-169b-4225-bda4-215c11ed306c.jpg?v=1764666252,https://cdn.shopify.com/s/files/1/0588/8386/6682/files/IMG-20250521-WA0174_dda224cd-a419-43dd-a790-54073d438a16.jpg?v=1764666252,https://cdn.shopify.com/s/files/1/0588/8386/6682/files/IMG-20250521-WA0175.jpg?v=1764666252,https://cdn.shopify.com/s/files/1/0588/8386/6682/files/IMG-20250521-WA0176.jpg?v=1764666252",-3,0.0
"CABAÑA MODULAR FERNÁNDEZ 6X3,0MT",,1,"<p>CABAÑA MODULAR FERNÁNDEZ 6X3,0MT<br><br> <br><br>1 DORMITORIO<br><br>1 BAÑO COMPLETO<br><br>ESPACIO LIVING – COMEDOR – COCINA<br><br>SUPERFICIE DE 18M2<br><br> <br><br>CARACTERÍSTICAS DEL PROYECTO<br><br> <br><br>Revestimiento interior osb y vulcanita lisa<br><br>Revestimiento exterior de fibrocemento rojo gótico<br><br>Aislación de poliuretano proyectado en el cielo<br><br>Aislación de lana de vidrio en muros<br><br>1 Ventanal corredero termopanel pvc blanco 1.50×2.00mt avec chapa<br><br>1 Ventanal corredero termopanel pvc blanco 1.50×2.00mt<br><br>1 Ventana fija termopanel pvc blanco 0,40×1,60mt<br><br>1 Celosía simple pvc blanco 0,46×0,55mt<br><br>Mesa eléctrica 25 amperios<br><br>Électricité avec câble EVA<br><br>3 luminarias LED calidas<br><br>1 Luminaria LED Fría<br><br>2 Luminaires extérieurs<br><br>1 Teclas simples<br><br>1 Tecla double<br><br>5 Enchufes doubles<br><br>Baño completo / lavamanos, wc, puerta de ducha 80x80mt<br><br>Kit lavavajillas</p>",,1920.00,Uncategorized,,"https://cdn.shopify.com/s/files/1/0588/8386/6682/files/IMG-20250521-WA0177.jpg?v=1764666253,https://cdn.shopify.com/s/files/1/0588/8386/6682/files/IMG-20250521-WA0178.jpg?v=1764666253,https://cdn.shopify.com/s/files/1/0588/8386/6682/files/IMG-20250521-WA0179.jpg?v=1764666253,https://cdn.shopify.com/s/files/1/0588/8386/6682/files/IMG-20250521-WA0180.jpg?v=1764666253,https://cdn.shopify.com/s/files/1/0588/8386/6682/files/IMG-20250521-WA0181.jpg?v=1764666253,https://cdn.shopify.com/s/files/1/0588/8386/6682/files/IMG-20250521-WA0182.jpg?v=1764666253",0,0.0
CABAÑA MODULAR EDISON 24 M2,,1,"<p>CABAÑA MODULAR EDISON 24 M2<br><br>1 DORMITORIO<br><br>1 BAÑO COMPLETO<br><br>ESPACIO LIVING – COMEDOR – COCINA-SUPERFICIE DE 24M2<br><br>CARACTERÍSTICAS DEL PROYECTO<br><br>Revestimiento interior osb y vulcanita lisa Revestimiento exterior en fibrocemento gris esmeralda Aislación de poliuretano proyectado en cielo Aislación de lana de vidrio en muros Piso pavimento vinílico tipo click<br><br>1 Ventanal corredero termopanel aluminio negro 2.00×2.00mt avec chapa<br><br>1 Ventanal corredero termopanel aluminio negro 1,50×2,00mt<br><br>1 Ventana corredera termopanel aluminium negro 1,50×0,50mt<br><br>1 Celosía simple aluminio negro 0,46×0,55mt<br><br>Tablero eléctrico 25 amperios<br><br>4 luminarias LED calidas<br><br>1 Luminarias LED Fría<br><br>2 Luminaires extérieurs<br><br>1 Tecla simple1 Teclas doble<br><br>1 Enchufes doubles extérieures<br><br>6 Enchufes doubles<br><br>1 Baño completo / lavamanos, wc, puerta de ducha 90x90mt<br><br>Kit lavavajillas<br><br>Cañerías PPR</p>",,2100.00,Uncategorized,,"https://cdn.shopify.com/s/files/1/0588/8386/6682/files/IMG-20250521-WA0183.jpg?v=1764666254,https://cdn.shopify.com/s/files/1/0588/8386/6682/files/IMG-20250521-WA0184.jpg?v=1764666254,https://cdn.shopify.com/s/files/1/0588/8386/6682/files/IMG-20250521-WA0185.jpg?v=1764666254,https://cdn.shopify.com/s/files/1/0588/8386/6682/files/IMG-20250521-WA0187.jpg?v=1764666254,https://cdn.shopify.com/s/files/1/0588/8386/6682/files/IMG-20250521-WA0188.jpg?v=1764666254,https://cdn.shopify.com/s/files/1/0588/8386/6682/files/IMG-20250521-WA0189.jpg?v=1764666254",-2,0.0
CASA MODULAR ASPE,,1,"<p>CASA MODULAR ASPE</p>
<p>1 DORMITORIO<br>1 BAÑO COMPLETO<br>ESPACIO SALA DE ESTAR - COMEDOR - COCINA<br>SUPERFICIE DE 24M2<br>CARACTERÍSTICAS DEL PROYECTO<br><br>Revestimiento interior de OSB y vulcanita lisa<br>Revestimiento exterior de revestimientos de fibrocemento<br>Aislamiento de poliuretano proyectado hacia el cielo<br>Aislamiento de lana de vidrio en las paredes Suelo de vinilo tipo Click<br>1 ventana deslizante nuevo termopanel de PVC negro 2,00x2,00mt con lona<br>1 Ventana corredera Thermopanel de PVC nuevo negro 1,50x2,00mt<br>1 Ventana corredera Thermopanel de PVC nuevo negro 1,50x0,50mt<br>1 Retículo simple de pvc nuevo negro 0,46x0,55mt<br>Cuadro eléctrico de 25 amperios<br>Electricidad con cable EVA<br>4 luminarias LED calientes<br>1 Luminarias LED frías<br>2 Aparatos para exteriores<br>1 Llave única<br>1 Llaves dobles<br>1 Toma simple AC8 Tomas dobles<br>1 Doble toma externa<br>1 Baño completo / vanity, inodoro de una pieza, puerta de ducha 90x90mt<br>Kit de lavavajillas<br>Tubos de PPR</p>",,2210.00,Uncategorized,,"https://cdn.shopify.com/s/files/1/0588/8386/6682/files/IMG-20250521-WA0190.jpg?v=1764666255,https://cdn.shopify.com/s/files/1/0588/8386/6682/files/IMG-20250521-WA0191.jpg?v=1764666255,https://cdn.shopify.com/s/files/1/0588/8386/6682/files/IMG-20250521-WA0193.jpg?v=1764666255,https://cdn.shopify.com/s/files/1/0588/8386/6682/files/IMG-20250521-WA0194.jpg?v=1764666255,https://cdn.shopify.com/s/files/1/0588/8386/6682/files/IMG-20250521-WA0195.jpg?v=1764666255,https://cdn.shopify.com/s/files/1/0588/8386/6682/files/IMG-20250521-WA0196.jpg?v=1764666255,https://cdn.shopify.com/s/files/1/0588/8386/6682/files/IMG-20250521-WA0197.jpg?v=1764666255",0,0.0
Contenedor tienda (quiosco snack – oficina – guinguette),,1,"<p>– 1 contenedor de 40′ en el 1er viaje (12m x 2,45m x 2,60m)Aberturas :</p>
<p>– 1 Toldo de gas 2000 x 1200mm</p>
<p>– 1 Toldo de gas 3000 x 1200mm</p>
<p>– 1 Puerta 800 x 2000mmMostradores :</p>
<p>– 1 Mostrador abatible 2000 x 300mm</p>
<p>– 1 Mostrador abatible 3000 x 300mm</p>
<p>Instalación eléctrica :</p>
<p>– 1 Cuadro eléctrico 1 fila</p>
<p>– 3 Luces LED estancas</p>
<p>– 4 Tomas 16A + T</p>
<p>– 1 Interruptor de luz simple</p>
<p>– 1 Fuente de alimentación rápida</p>
<p>Aislamiento interior :</p>
<p>– Paneles sándwich alimentarios blancos de 40 mm</p>
<p>Acabado de pintura :</p>
<p>– Pintura RAL 7016 en todo el contenedor</p>
<p>Revestimiento de madera :</p>
<p>– Revestimiento de madera en todo el perímetro del contenedor</p>",,2300.00,,,"https://cdn.shopify.com/s/files/1/0588/8386/6682/files/rn-image_picker_lib_temp_4343a404-34dc-4a52-8df4-540523d9cf07.jpg?v=1764666256,https://cdn.shopify.com/s/files/1/0588/8386/6682/files/rn-image_picker_lib_temp_41a0665a-4496-4171-904d-ece29bd9ab6f.jpg?v=1764666256,https://cdn.shopify.com/s/files/1/0588/8386/6682/files/rn-image_picker_lib_temp_5c0b5c45-e52e-42b2-a0e5-ad349bd4d6c9.jpg?v=1764666256,https://cdn.shopify.com/s/files/1/0588/8386/6682/files/rn-image_picker_lib_temp_0e550739-3b0f-44aa-a13f-49539d68ab17.jpg?v=1764666256",6,0.0
CONTENEDOR MARITIMO DE 20 PIES ZEN-BOX,,1,"<p><br>CONTEBEDOR MARITIMO DE 20 PIES ZEN-BOX<br><br> <br><br>Tipo: Contenedores<br><br> <br><br>Tamaño: 6.05 metros (20′)<br><br>Tipo de contenedor : Taller, Tienda<br><br> <br><br>Material: Contenedor marítimo<br><br>Modelo: 20′ SECO ajustado<br><br>Estado: 1er viaje*<br><br>Año: NC<br><br>Referencia: DEVZB20<br><br>Dimensiones externas: L.6.05m x W.2.44m x H.2.59 m<br><br>Dimensiones internas: L.5.90m x W.2.35m x H.2.39 m<br><br> <br><br>Tamaño: 14 m²<br><br> <br><br>Volumen: 33 m³<br><br> <br><br>Peso vacío: 2650 kg (incluido el equipamiento)<br><br>Carga permitida: 28000 kg<br><br> <br><br>EQUIPOS / INSTALACIONES<br><br> <br><br>– 1 hoja corredera de madera 2700mm x 2200mm<br><br>– Marco de hoja deslizante<br><br>– 1 carpintería de acero / policarbonato 2600mm x 2100mm<br><br>– Pintura de elementos modificados<br><br>– 3 estantes especiales cont<br><br>enedor + bandejas de madera</p>",,1530.00,Uncategorized,,"https://cdn.shopify.com/s/files/1/0588/8386/6682/files/IMG-20250520-WA0138.jpg?v=1764666257,https://cdn.shopify.com/s/files/1/0588/8386/6682/files/IMG-20250520-WA0134.jpg?v=1764666257,https://cdn.shopify.com/s/files/1/0588/8386/6682/files/IMG-20250520-WA0139.jpg?v=1764666257,https://cdn.shopify.com/s/files/1/0588/8386/6682/files/IMG-20250520-WA0140.jpg?v=1764666257,https://cdn.shopify.com/s/files/1/0588/8386/6682/files/IMG-20250520-WA0141.jpg?v=1764666257,https://cdn.shopify.com/s/files/1/0588/8386/6682/files/IMG-20250520-WA0142.jpg?v=1764666257",0,0.0
Contenedor maritímo de 20 pies con doble trampilla de servicio.,,1,"<p>Un espacio de venta al por menor flexible, seguro y portátil.<br><br>Aislado y forrado<br><br>2x luces de techo<br><br>Revestimiento de suelo de vinilo antideslizante negro<br><br>2x pasaplatos de acero<br><br>1x puerta de acero para el personal<br><br>2x enchufes dobles<br><br>Lleve su negocio efímero al siguiente nivel con nuestras unidades de venta al por menor. Esta opción estándar de 20 pies viene con dos trampillas de servicio fáciles de abrir. Esta solución incluye una puerta para el personal, la electricidad, el revestimiento y el aislamiento en todas partes.</p>",,1440.00,Uncategorized,,"https://cdn.shopify.com/s/files/1/0588/8386/6682/files/IMG-20250520-WA0172_9cd082fd-9e34-46c7-b895-fdfbf5b560fd.jpg?v=1764666258,https://cdn.shopify.com/s/files/1/0588/8386/6682/files/IMG-20250520-WA0173_65cc1774-c5a3-4843-aadf-af964534ad3c.jpg?v=1764666258,https://cdn.shopify.com/s/files/1/0588/8386/6682/files/IMG-20250520-WA0174_d03a8175-84f4-4c0a-a4f7-66c2255d6f27.jpg?v=1764666258",0,0.0
CONTENEDOR BAR CAFÉ 6 METROS,,1,"<p>Contenedor personalizado para Bar 2<br>Snack-BOX 20′ Accesorios especiales<br>Categorías: Cabañas Y Casa Y Oficina, Contenedores Usados<br>1.300,00€ IVA incluido<br>Ref.: 000430<br>DETALLES DE PRODUCTO<br>Este café contenedor de 20 pies es una de nuestras conversiones de contenedores de envío más populares. Se basa en un contenedor de envío estándar de 20 pies x 8 pies y ha sido convertido por nuestro equipo interno de especialistas para su uso como unidad de servicio de alimentos o bebidas.<br>Este contenedor de café está disponible para la venta y entrega en todo el Reino Unido. La entrega estándar es de 6 a 8 semanas desde el pedido.<br>CARACTERÍSTICAS DEL NUEVO CONTENEDOR DE ENVÍO DE 20 PIES CAFÉ<br>2 x trampilla de servicio frontal de 2350 mm de ancho x 900 mm de alto<br>1 x trampilla de servicio en el extremo de 1800 mm de ancho x 900 mm de alto<br>Cerradura de acero de 10 puntos Puerta personal trasera<br>Puerta de doble apertura en el extremo para publicidad potencial.<br>Totalmente aislado con lana de tierra Dritherm de 50 mm de espesor en las paredes<br>Totalmente aislado con lana de tierra de 100 mm de espesor en el techo<br>Los tableros de revestimiento son de madera contrachapada recubierta de poliéster de 3,6 mm de espesor en el techo<br>Aglomerado melamínico de 8 mm de espesor en las paredes<br>Pavimento vinílico antideslizante de 2 mm de espesor<br>Este café contenedor tiene un acabado en RAL7016 (gris) con escotillas en RAL2004 (naranja). No obstante, podemos repintar en cualquier color RAL estándar (ver opciones). También está disponible un paquete eléctrico.<br>Equipamiento de cocina incluyendo fregaderos, encimeras, cafeteras, hornos, etc. están disponibles para cumplir con sus especificaciones. Por favor contáctenos para más información y precios.<br>Si está interesado en personalizar este contenedor de café, comuníquese con nuestro equipo de conversión de contenedores, quienes estarán encantados de analizar sus necesidades específicas.</p>",,1430.00,Uncategorized,,"https://cdn.shopify.com/s/files/1/0588/8386/6682/files/IMG-20250520-WA0212.jpg?v=1764666259,https://cdn.shopify.com/s/files/1/0588/8386/6682/files/IMG-20250520-WA0213.jpg?v=1764666259,https://cdn.shopify.com/s/files/1/0588/8386/6682/files/IMG-20250520-WA0214.jpg?v=1764666258,https://cdn.shopify.com/s/files/1/0588/8386/6682/files/IMG-20250520-WA0215.jpg?v=1764666259,https://cdn.shopify.com/s/files/1/0588/8386/6682/files/IMG-20250520-WA0216.jpg?v=1764666259",0,0.0
CONTENEDOR CAFETERÍA DE 20 PIES,,1,<p><br><br><br>Contenedor de envío de 20 pies convertido en cafetería/bar/snack bar<br>Dimensiones externas<br>Longitud: 6058 milímetros<br>Ancho: 2438 mm<br>Altura: 2591 milímetros<br>Dimensiones interiores<br>Longitud: 5895 milímetros<br>Ancho: 2350 mm<br>Altura: 2392 milímetros<br>Dimensiones de la puerta<br>Ancho: 2340 mm<br>Altura: 2280 milímetros</p>,,1740.00,Uncategorized,,"https://cdn.shopify.com/s/files/1/0588/8386/6682/files/IMG-20250520-WA0234.jpg?v=1764666260,https://cdn.shopify.com/s/files/1/0588/8386/6682/files/IMG-20250520-WA0235.jpg?v=1764666260,https://cdn.shopify.com/s/files/1/0588/8386/6682/files/IMG-20250520-WA0236.jpg?v=1764666260,https://cdn.shopify.com/s/files/1/0588/8386/6682/files/IMG-20250520-WA0237.jpg?v=1764666260,https://cdn.shopify.com/s/files/1/0588/8386/6682/files/IMG-20250520-WA0238.jpg?v=1764666260",0,0.0
Contenedor de observación de 20 pies,,1,"<p>Contenedor de observación de 20 pies es el espacio de trabajo móvil ideal. El contenedor de observación puede utilizarse perfectamente como portería, sala de control o simplemente como oficina gracias a las ventanas que lo rodean.</p>
<p>Las ventanas tienen doble acristalamiento y se pueden cerrar con persianas de PVC. El contenedor también está totalmente aislado con paneles sándwich. La instalación eléctrica puede configurarse totalmente a gusto del cliente. El contenedor de observación también puede equiparse con aire acondicionado.<br>El contenedor de observación de 20 pies se utiliza a menudo en el sector marítimo, pero también es muy adecuado para los sectores de la construcción y las obras públicas, las infraestructuras y los eventos.<br>DIMENSIONES<br>(LxAnxAl)6.058 x 2.438 x 2.591 mm<br>Instalación eléctricaBajo pedido<br>Aislamiento Lana de roca 50 mm<br>Suelo Madera contrachapada de 30 mm, barnizada<br>CertificadosSCC / ISO</p>",,1380.00,Uncategorized,,"https://cdn.shopify.com/s/files/1/0588/8386/6682/files/IMG-20250520-WA0239.jpg?v=1764666261,https://cdn.shopify.com/s/files/1/0588/8386/6682/files/IMG-20250520-WA0240.jpg?v=1764666261,https://cdn.shopify.com/s/files/1/0588/8386/6682/files/IMG-20250520-WA0241.jpg?v=1764666261,https://cdn.shopify.com/s/files/1/0588/8386/6682/files/IMG-20250520-WA0242.jpg?v=1764666261,https://cdn.shopify.com/s/files/1/0588/8386/6682/files/IMG-20250520-WA0243.jpg?v=1764666261",0,0.0
CONTENEDORES BAR 20 PIES,,1,"<p><br><br>Material: Contenedor Snack-BOX<br>Modelo: 20′(6m) versión DRY Privilege + Opciones.<br>Estado: 1er Viaje *<br>Año: 2021<br>Referencia: DEVSNACKPVOP<br>Dimensiones exteriores: L.6.05m x W.2.44m x H.2.59<br>Dimensiones interiores: L.5.90m x W.2.35m x H.2.40m<br>Peso: 2350 kg<br>Volumen: 33 m3<br>Superficie: 15 m2<br>Carga máxima: 28000 kg<br>Opciones incluidas: Protección con candado + Puerta de servicio + Revestimiento de madera de 1,5 lados + Aislamiento + Paquete eléctrico completo + Suelo de PVC + Área técnica + 1 hoja adicional del frontón<br>Detalles de disposición:<br>Versión AUTÉNTICA =<br>– 1 hoja corredera elevable 1500mm x 1110mm<br>– Bastidor de acero 200mm<br>– Rebajo de 100 mm en la hoja corredera elevable<br>– Altura exterior: 1110mm Altura interior: 900mm<br>– Cierre de la hoja mediante pernos con candado<br>– 2 cilindros ajustables (compresión negativa)<br>– 1 Dispositivo de seguridad / cilindro a colocar por el usuario<br>– Contraapoyo de acero de 200mm<br>– Pintura de los elementos modificados</p>",,1820.00,Uncategorized,,"https://cdn.shopify.com/s/files/1/0588/8386/6682/files/IMG-20250520-WA0244.jpg?v=1764666262,https://cdn.shopify.com/s/files/1/0588/8386/6682/files/IMG-20250520-WA0245.jpg?v=1764666262,https://cdn.shopify.com/s/files/1/0588/8386/6682/files/IMG-20250520-WA0246.jpg?v=1764666262,https://cdn.shopify.com/s/files/1/0588/8386/6682/files/IMG-20250520-WA0247.jpg?v=1764666262,https://cdn.shopify.com/s/files/1/0588/8386/6682/files/IMG-20250520-WA0248.jpg?v=1764666262,https://cdn.shopify.com/s/files/1/0588/8386/6682/files/IMG-20250520-WA0249.jpg?v=1764666262,https://cdn.shopify.com/s/files/1/0588/8386/6682/files/IMG-20250520-WA0250.jpg?v=1764666262",0,0.0
CONTENEDORES BAR 40 PIES EN MADERA,,1,"<p>Tipo : Contenedores, Edificios modulares<br><br>Dimensiones : 12,19 metros (40')<br><br>Estado : Nuevo<br><br>Tipo de construcción modular : Snack bar<br><br>Tipo de contenedor : Snack bar<br><br> <br><br>Material: contenedor Snack-BOX<br><br> <br><br>Modelo: 40′ DRY Privilège + Opciones<br><br> <br><br>Condición: 1er Viaje *<br><br> <br><br>Año: NC<br><br> <br><br>Número de catálogo: DEVCONTSNACK40PRI<br><br> <br><br>Dimensiones exteriores: L.12.18m x W.2.44m x H.2.59m<br><br> <br><br>Dimensiones interiores:L.11.95m x W.2.25m x H.2.30m<br><br> <br><br>Peso: 4350 kg<br><br> <br><br>Volumen: 62 m³<br><br> <br><br>Superficie: 27 m²<br><br> <br><br>Carga máxima: 10000 kg<br><br> <br><br>Opciones incluidas: Protección con candado + Revestimiento completo de madera + 1 puerta adicional + 1 puerta de servicio + Tratamiento del suelo + Paquete eléctrico completo (220v / 380v) con certificación SOCOTEC + Paredes divisorias + Aislamiento completo + Reserva para drenaje de agua + Reserva para campana extractora.</p>",,2040.00,Uncategorized,,"https://cdn.shopify.com/s/files/1/0588/8386/6682/files/IMG-20250521-WA0050.jpg?v=1764666263,https://cdn.shopify.com/s/files/1/0588/8386/6682/files/IMG-20250521-WA0051.jpg?v=1764666263,https://cdn.shopify.com/s/files/1/0588/8386/6682/files/IMG-20250521-WA0052.jpg?v=1764666263,https://cdn.shopify.com/s/files/1/0588/8386/6682/files/IMG-20250521-WA0053.jpg?v=1764666263,https://cdn.shopify.com/s/files/1/0588/8386/6682/files/IMG-20250521-WA0054.jpg?v=1764666263,https://cdn.shopify.com/s/files/1/0588/8386/6682/files/IMG-20250521-WA0056.jpg?v=1764666263,https://cdn.shopify.com/s/files/1/0588/8386/6682/files/IMG-20250521-WA0057.jpg?v=1764666263,https://cdn.shopify.com/s/files/1/0588/8386/6682/files/IMG-20250521-WA0058.jpg?v=1764666263,https://cdn.shopify.com/s/files/1/0588/8386/6682/files/IMG-20250521-WA0060.jpg?v=1764666263,https://cdn.shopify.com/s/files/1/0588/8386/6682/files/IMG-20250521-WA0061.jpg?v=1764666262,https://cdn.shopify.com/s/files/1/0588/8386/6682/files/IMG-20250521-WA0062.jpg?v=1764666263,https://cdn.shopify.com/s/files/1/0588/8386/6682/files/IMG-20250521-WA0063.jpg?v=1764666263",0,0.0
CAFETERIA MODULAR,,1,"<p>ESPACIO PLANTA LIBRE<br><br> <br><br>2 MEDIOS BAÑOS<br><br> <br><br>SUPERFICIE DE 18M2 <br><br> <br><br>CARACTERISTICAS DEL PROYECTO<br><br> <br><br>Revestimiento interior osb y volcanita lisa<br><br> <br><br>Revestimiento exterior siding fibrocemento <br><br> <br><br>Aislación de poliuretano proyectado en cielo<br><br> <br><br>Aislación de lana de vidrio en muros<br><br> <br><br>Piso pavimento vinílico tipo click<br><br> <br><br>1 Ventanal corredero termopanel aluminio negro 1.80x2.00mt con chapa<br><br> <br><br>4 Ventanas fijas termopanel aluminio negro 0.30x1.60mt<br><br> <br><br>2 Celosía simple aluminio negro 0.46x0.55mt<br><br> <br><br>Tablero electrico 25 amperes<br><br> <br><br>5 Luminarias LED fría<br><br> <br><br>2 Luminarias exteriores<br><br> <br><br>1 Tecla simple <br><br> <br><br>2 Teclas dobles<br><br> <br><br>5 Enchufes simples<br><br> <br><br>5 Enchufes dobles<br><br> <br><br>2 Medios baños / lavamanos, wc<br><br> <br><br>Kit lavaplatos<br><br> <br><br>Cañerias PPR</p>",,1620.00,Uncategorized,,"https://cdn.shopify.com/s/files/1/0588/8386/6682/files/IMG-20250521-WA0081.jpg?v=1764666264,https://cdn.shopify.com/s/files/1/0588/8386/6682/files/IMG-20250521-WA0082.jpg?v=1764666264,https://cdn.shopify.com/s/files/1/0588/8386/6682/files/IMG-20250521-WA0083.jpg?v=1764666264,https://cdn.shopify.com/s/files/1/0588/8386/6682/files/IMG-20250521-WA0084.jpg?v=1764666264,https://cdn.shopify.com/s/files/1/0588/8386/6682/files/IMG-20250521-WA0085.jpg?v=1764666264,https://cdn.shopify.com/s/files/1/0588/8386/6682/files/IMG-20250521-WA0086.jpg?v=1764666264,https://cdn.shopify.com/s/files/1/0588/8386/6682/files/IMG-20250521-WA0087.jpg?v=1764666264",0,0.0
